
== final state ==
weather: broken cloud; the streets are wet (wetness: wet)
Aldith: goal='None', knows=['Clemence of Ostrelle', 'Renn Hobbe', 'Tilman Rue', 'Noll Limeburn', 'Clemence Limeburn', 'Ede of the Needle'], holds=['spark (w_aq7ld) ×5']
  - I was four in the Great Rains; I remember being carried above brown water and a pale coin burning in the Rose when the sky had none.
  - I heard the Hammering from inside the anchorhold: stone, roof, screaming, and then voices at my squint naming the missing until dark.
Aldith Rill: goal="Find fodder for a drover's underfed mare", knows=['Petronel Clove', 'Havise Bram', 'Ede Fenn'], holds=['spark (w_p007u) ×7']
Idonea Dunn: goal='Get a splinter from your palm', knows=['Ewart Lark', 'Petronel Husk'], holds=['spark (w_p007v) ×3']
Lise Fitch: goal='Settle whose turn it is at the well', knows=[], holds=['spark (w_p007w) ×6']
Petronel Husk: goal='Keep rain off a bundle of kindling', knows=['Ewart Lark', 'Idonea Dunn'], holds=['bundle of firewood (fw001)', 'spark (w_p007x) ×6']
Sibbe Clove: goal='Deliver a message before the next bell', knows=['Hamel Clove', 'Tobin Clove'], holds=['spark (w_p007y) ×3']
Clemence Pell: goal='Avoid losing a rented stool', knows=['Renn Pell', 'Colm Pell'], holds=['spark (w_p007z) ×3']
Jos Quern: goal='Sell the last bruised apple', knows=['Noll Quern', 'Aubin Quern'], holds=['bruised apple (ap001)', 'spark (w_p0080) ×3']
Segwin Rook: goal='Keep your bread from a bold pigeon', knows=['Jos Rook', 'Noll Rook'], holds=['loaf (lf001)', 'spark (w_p0081) ×7']
Renn Sark: goal='Get your blanket back before dark', knows=['Aldith Sark', 'Osanne Sark'], holds=['spark (w_p0082) ×6']
Aubin Toll: goal='Buy lamp oil before dusk', knows=['Gile Toll', 'Segwin Toll'], holds=['spark (w_p0083) ×6']
Noll Dask: goal='Keep rain off a bundle of kindling', knows=['Sible Dask', 'Tobin Dask'], holds=['bundle of firewood (fw002)', 'spark (w_p0084) ×6']
Gile Dask: goal='Avoid losing a rented stool', knows=['Sible Dask', 'Tobin Dask'], holds=['spark (w_p0085) ×5']
Jos Sark: goal='Recover a disputed penny', knows=['Aldith Sark', 'Osanne Sark'], holds=['spark (w_p0086) ×2']
Tobin Clove: goal='Buy lamp oil before dusk', knows=['Hamel Clove', 'Sibbe Clove'], holds=['spark (w_p0087) ×4']
Ede Clove: goal='Replace a broken stone house lock', knows=['Averil Brant', 'Sibbe Vell', 'Averil Rasp'], holds=['spark (w_p009w) ×4']
Havise Ashe: goal='Find two clean bandages', knows=['Noll Vell', 'Tobin Marle'], holds=['spark (w_p009x) ×7']
Tobin Marle: goal='Collect kindling without a fine', knows=['Noll Vell', 'Havise Ashe'], holds=['spark (w_p009y) ×6']
Jos Fitch: goal='Learn who moved your market basket', knows=['Noll Vell', 'Havise Ashe'], holds=['spark (w_p009z) ×4']
Noll Brant: goal='Locate a younger sibling', knows=['Segwin Vell', 'Ewart Rasp'], holds=['spark (w_p00a0) ×2']
Segwin Vell: goal='Dry a blanket before curfew', knows=['Noll Brant', 'Ewart Rasp'], holds=['blanket (bl001)', 'spark (w_p00a1) ×4']
Ewart Rasp: goal="Secure tomorrow's place in the hiring line", knows=['Noll Brant', 'Segwin Vell'], holds=['spark (w_p00a2) ×5']
Segwin Mott: goal='Deliver a message before the next bell', knows=['Ewart Mott', 'Tib Mott'], holds=['spark (w_p00a3) ×3']
Ansel Quern: goal='None', knows=['Averil Quern', 'Bertran Skell', 'Ewart Vell', 'Sibbe Hobbe', 'Tib', 'Bertran Hobbe'], holds=['spark (w_danqn) ×2']
Averil Quern: goal='None', knows=['Ansel Quern', 'Clemence Skep', 'Gile Skell', 'Nan of Salorge', 'Rohese Crake', 'Sibbe Hobbe'], holds=['spark (w_davqn) ×24']
Sibbe Vell: goal='Get an employer to count the full day', knows=['Averil Brant', 'Averil Rasp', 'Averil Stott'], holds=['spark (w_p001p) ×7']
Jonet Mere: goal='Avoid losing a rented stool', knows=['Jonet Pell', 'Segwin Rusk'], holds=['spark (w_p001q) ×4']
Aldith Pell: goal='Recover a disputed penny', knows=['Betriss Rusk', 'Bertran Sark'], holds=['spark (w_p001r) ×2']
Betriss Rusk: goal='Keep rain off a bundle of kindling', knows=['Aldith Pell', 'Bertran Sark'], holds=['bundle of firewood (fw003)', 'spark (w_p001s) ×2']
Bertran Sark: goal='Get an employer to count the full day', knows=['Aldith Pell', 'Betriss Rusk'], holds=['spark (w_p001t) ×2']
Tobin Toll: goal='Find the key to a shared chest', knows=['Aldith Pell', 'Betriss Rusk'], holds=['spark (w_p001u) ×4']
Ansel Hobbe: goal='None', knows=['Gile Pike', 'Hamel Crake', 'Averil Hobbe', 'Ewart Fitch', 'Renn Hobbe', 'Dunstan Pike', 'Sibbe Hobbe', 'Clemence Hobbe', 'Jos Brant'], holds=['spark (w_a4anh) ×2']
  - I rang Ironthroat during the Hammering, and the full Ruin only after the fires began; people still say the bells came late.
Averil Hobbe: goal='None', knows=['Ansel Hobbe', 'Sibbe Pike', 'Ewart Fitch', 'Renn Hobbe', 'Noll Fitch'], holds=['spark (w_a6avh) ×7']
Ansel Rook: goal='Trade for a sound length of cord', knows=['Osanne Rook', 'Corin Rook'], holds=['spark (w_p004h) ×5']
Ansel Halfbell: goal='None', knows=['Gile Pike', 'Hamel Stott', 'Ewart Crake', 'Cobb Threefinger', 'Mote', 'Osanne Skell'], holds=['spark (w_ba8hf) ×6']
Ewart Mott: goal='Dry a blanket before curfew', knows=['Tib Mott', 'Segwin Mott'], holds=['blanket (bl002)', 'spark (w_p004w) ×3']
Ewart Alder: goal='None', knows=['Clemence Crake', 'Averil Skell', 'Bertran of the Ox', 'Tobin Alder', 'Renn of the Slip', 'Wyn Alder', 'Rohese of the Sluice'], holds=['spark (w_g4ewt) ×6']
  - The Hammering killed my father under the Moorings roof; when work resumed, twelve-year-old Wyn took the fore-pole because I could not, and she has been the better boatman since.
Tobin Alder: goal='None', knows=['Ewart Alder', 'Bertran of the Ox', 'Renn of the Slip', 'Sibbe Skell', 'Wyn Alder'], holds=['spark (w_g7tbn) ×2']
Wyn Alder: goal='None', knows=['Noll Fitch', 'Gude', 'Averil Skell', 'Ansel of Harne', 'Ewart Alder', 'Cobb Hawser', 'Tobin Alder', 'Renna Tapster', 'Ansel of the Sluice', 'Rohese of the Sluice'], holds=['spark (w_gw4ld) ×4']
  - I was twelve when the Moorings roof came down in the Hammering and killed my father; when the river work resumed, Ewart froze and I took the fore-pole.
Jonet Galt: goal='Learn who moved your market basket', knows=['Idonea Wren', 'Betriss Dunn', 'Averil Husk'], holds=['spark (w_p0039) ×2']
Ede Skell: goal='Find a quiet corner to sleep', knows=['Sible Tarn', 'Sibbe Ashe'], holds=['spark (w_p003a) ×5']
Sible Dask: goal='Trade for a sound length of cord', knows=['Tobin Dask', 'Noll Dask'], holds=['spark (w_p003b) ×6']
Ansel Thorn: goal='Stretch supper to one more bowl', knows=['Ewart Sedge', 'Dunstan Rill'], holds=['spark (w_p003c) ×3']
Tobin Dask: goal='Get a splinter from your palm', knows=['Sible Dask', 'Noll Dask'], holds=['spark (w_p003d) ×7']
Renn Skep: goal='Clear mud from your only coat', knows=['Aldith Skep', 'Petronel Skep'], holds=['spark (w_p003e) ×7']
Sibbe Hobbe: goal='None', knows=['Ansel Hobbe', 'Renn Hobbe', 'Ansel Quern', 'Averil Quern', 'Bertran Skell', 'Gile Skell', 'Nan of Salorge', 'Tib', 'Clemence Hobbe'], holds=['spark (w_dsbhb) ×3']
Averil Rasp: goal='Buy lamp oil before dusk', knows=['Averil Brant', 'Sibbe Vell', 'Averil Stott'], holds=['spark (w_p001v) ×2']
Bertran Clove: goal='Find the key to a shared chest', knows=['Segwin Clove', 'Betriss Clove'], holds=['spark (w_p001w) ×2']
Ewart Rusk: goal='Settle whose turn it is at the well', knows=['Betriss Pell', 'Segwin Sark'], holds=['spark (w_p001x) ×7']
Bertran Skell: goal='None', knows=['Osanne Skell', 'Petronel Skell', 'Ansel Quern', 'Gile Skell', 'Nan of Salorge', 'Petronel Crake', 'Sibbe Hobbe', 'Osanne Vell', 'Tobin Tarn', 'Renna Tapster'], holds=['spark (w_dbskl) ×6']
Sible Ashe: goal='Learn who moved your market basket', knows=['Idonea Marle', 'Ede Fitch', 'Lise Pike'], holds=['spark (w_p001y) ×4']
Noll Mott: goal='Learn why a promised cart is late', knows=['Colm Wren', 'Dunstan Galt'], holds=['spark (w_p001z) ×6']
Ewart Sedge: goal='Learn who moved your market basket', knows=['Dunstan Rill', 'Ansel Thorn'], holds=['spark (w_p0020) ×4']
Hamel Crake: goal='None', knows=['Ansel Hobbe', 'Sibbe Pike', 'Idonea Crake', 'Segwin Rasp', 'Renn Hobbe', 'Havise Dorn', 'Petronel Crake', 'Osanne Vell'], holds=['spark (w_a3crk) ×2']
  - I copied the Chapter order authorizing common tolls when individual Hammering knells became impossible; it was necessary, and I resent anyone who calls necessity impiety.
Sibbe Pike: goal='None', knows=['Clemence of Ostrelle', 'Gile Pike', 'Hamel Crake', 'Averil Hobbe', 'Idonea Crake', 'Havise Dorn', 'Dunstan Pike'], holds=['spark (w_a5sbp) ×2']
Segwin Rasp: goal='None', knows=['Hamel Crake', 'Idonea Crake', 'Havise Dorn', 'Dunstan Pike', 'Tilman Rue', 'Sible Mott', 'Hamel Stott', 'Aubin Ferrant', 'Jonet Sparr'], holds=['spark (w_a9prs) ×2']
  - As a junior grey clerk I copied the first Hammering rolls and watched names vanish between rent book, guild list, and survivor testimony; a clean copy cannot repair a missing witness.
Renn Hobbe: goal='None', knows=['Clemence of Ostrelle', 'Hamel Crake', 'Ansel Hobbe', 'Averil Hobbe', 'Ewart Fitch', 'Aldith', 'Tilman Rue', 'Noll Fitch', 'Gude', 'Sibbe Hobbe', 'Clemence Hobbe', 'Petronel Roper'], holds=['spark (w_a9rnh) ×4']
  - I was twelve in the Hammering and watched my father climb toward the bells while stone fell; I will not tell a family that one common toll settled their dead.
Havise Dorn: goal='None', knows=['Hamel Crake', 'Sibbe Pike', 'Segwin Rasp', 'Dunstan Pike', 'Hamel Stott', 'Jonet Sparr'], holds=['spark (w_ak3vd) ×4']
  - In the Hammering relief hall I watched a clerk ask whose house had fallen before asking who was hurt; I have never forgotten the order of those questions.
Renna Marle: goal='Get an employer to count the full day', knows=['Ewart Brant', 'Hamel Fitch'], holds=['spark (w_p004e) ×6']
Hamel Fitch: goal='Dry a blanket before curfew', knows=['Ewart Brant', 'Renna Marle'], holds=['blanket (bl003)', 'spark (w_p004f) ×6']
Colin Barley: goal='None', knows=['Hugh Crake of Brede'], holds=[]
Clement Rode: goal='None', knows=['Mabile Skell of Ostrelle'], holds=[]
Douce Fenn: goal='None', knows=['Hugh Crake of Brede'], holds=[]
Cobb Hobbe: goal='None', knows=['Grigor Ashe', 'Rohese Ashe', 'Renn Crake', 'Tobin Ashe', 'Sef'], holds=['spark (w_fc2hb) ×2']
Sef: goal='None', knows=['Cobb Hobbe', 'Grigor Ashe', 'Gile of Brede', 'Clemence Crake', 'Tobin Ashe', 'Warin Underbridge', 'Ede of the Needle'], holds=['spark (w_ft3tb) ×7']
Warin Underbridge: goal='None', knows=['Havise Dorn', 'Ede Hobbe', 'Averil Tarn', 'Ewart Tarn', 'Gile of Brede', 'Clemence Crake', 'Renn Crake', 'Tobin Ashe', 'Sef'], holds=['spark (w_fw7ub) ×4']
Betriss Crake: goal='Find two clean bandages', knows=['Petronel Hobbe', 'Havise Skell', 'Lise Tarn'], holds=['spark (w_p000k) ×7']
Havise Crake: goal='Find the key to a shared chest', knows=['Gude Hobbe', 'Gude Skell'], holds=['spark (w_p000l) ×3']
Gude Hobbe: goal='Have a sore heel looked at', knows=['Havise Crake', 'Gude Skell'], holds=['spark (w_p000m) ×2']
Gude Skell: goal='Collect a late wage', knows=['Havise Crake', 'Gude Hobbe'], holds=['spark (w_p000n) ×6']
Sible Skell: goal='Keep a sleeping place for tonight', knows=['Renna Crake', 'Colm Quern'], holds=['spark (w_p000o) ×5']
Colm Wren: goal='Return a borrowed knife', knows=['Dunstan Galt', 'Corin Nett'], holds=['knife (kn001)', 'spark (w_p000p) ×7']
Corin Marle: goal='Locate a younger sibling', knows=['Havise Crake', 'Gude Hobbe'], holds=['spark (w_p000q) ×4']
Dunstan Galt: goal='Stretch supper to one more bowl', knows=['Colm Wren', 'Corin Nett'], holds=['spark (w_p000r) ×4']
Hamel Clove: goal='Collect a late wage', knows=['Sibbe Clove', 'Tobin Clove'], holds=['spark (w_p000s) ×5']
Bertran Rusk: goal='Borrow a handcart for an hour', knows=['Renn Rusk', 'Osanne Rusk'], holds=['spark (w_p000t) ×7']
Corin Rasp: goal='Locate a younger sibling', knows=['Jonet Ashe', 'Aldith Skell'], holds=['spark (w_p000u) ×7']
Grigor Vell: goal='Replace a cracked cup', knows=['Renna Crake', 'Colm Quern'], holds=['spark (w_p000v) ×3']
Corin Nett: goal='Find the owner of a missing hen', knows=['Colm Wren', 'Dunstan Galt'], holds=['spark (w_p000w) ×7']
Gile Crake: goal='None', knows=['Noll Limeburn', 'Sibbe Stott', 'Ewart Crake', 'Bertran Stott', 'Dunstan Hobbe'], holds=['spark (w_b3glc) ×3']
Dunstan Hobbe: goal='None', knows=['Noll Limeburn', 'Gile Crake', 'Hamel Stott', 'Clemence Limeburn', 'Cobb Threefinger', 'Osanne Skell', 'Tobin Hobbe'], holds=['spark (w_bd7hb) ×7']
Tobin Hobbe: goal='None', knows=['Ewart Crake', 'Dunstan Hobbe', 'Mote', 'Osanne Skell', 'Renn of Ostrelle'], holds=['spark (w_bt4hb) ×7']
Ede Nett: goal='Borrow a handcart for an hour', knows=['Rohese Pell', 'Sibbe Rusk', 'Lise Sark'], holds=['spark (w_p0029) ×5']
Aldith Marle: goal='Collect kindling without a fine', knows=['Gude Marle', 'Gile Fitch'], holds=['spark (w_p002a) ×2']
Rohese Kern: goal="Secure tomorrow's place in the hiring line", knows=['Rohese Husk', 'Idonea Pell'], holds=['spark (w_p002b) ×6']
Bertran Lark: goal='Replace a cracked cup', knows=['Rohese Husk', 'Idonea Pell'], holds=['spark (w_p002c) ×3']
Bertran Nett: goal='Have a bent buckle straightened', knows=['Ansel Pell', 'Bertran Kern'], holds=['spark (w_p002d) ×5']
Ansel Pell: goal='Avoid losing a rented stool', knows=['Bertran Nett', 'Bertran Kern'], holds=['spark (w_p002e) ×6']
Corin Crake: goal='Sell the last bruised apple', knows=['Ede Crake', 'Gude Crake'], holds=['bruised apple (ap002)', 'spark (w_p002f) ×5']
Lise Tarn: goal='Straighten a freight wheel before the gate closes', knows=['Betriss Crake', 'Petronel Hobbe', 'Havise Skell'], holds=['spark (w_p007g) ×5']
Ansel Rasp: goal='Learn why a promised cart is late', knows=['Aubin Rasp', 'Renna Rasp'], holds=['spark (w_p007h) ×5']
Ansel Skell: goal='Trade for a sound length of cord', knows=['Segwin Fitch', 'Jos Ashe'], holds=['spark (w_p007i) ×5']
Grigor Galt: goal='Replace a cracked cup', knows=['Ansel Lark', 'Hamel Nett'], holds=['spark (w_p007j) ×7']
Jos Husk: goal='Mend a leaking shoe', knows=['Ansel Lark', 'Hamel Nett'], holds=['spark (w_p007k) ×4']
Ewart Lark: goal='Learn why a promised cart is late', knows=['Idonea Dunn', 'Petronel Husk'], holds=['spark (w_p007l) ×3']
Ewart Vell: goal='None', knows=['Ansel Quern', 'Clemence Skep', 'Petronel Crake', 'Tobin Vell', 'Tib', 'Osanne Vell'], holds=['spark (w_dewvl) ×7']
Petronel Crake: goal='None', knows=['Hamel Crake', 'Idonea Crake', 'Bertran Skell', 'Ewart Vell', 'Gile Skell', 'Rohese Crake', 'Tib', 'Osanne Vell'], holds=['spark (w_dpcrk) ×7', 'candle (4hvdh) ×16', 'flask of lamp oil (8ck1c) ×10', 'beeswax candle (ims7r) ×4', 'coil of wick (i4be2) ×6', 'bundle of firewood (aavv2) ×6']
Osanne Vell: goal='None', knows=['Hamel Crake', 'Dunstan Pike', 'Gude', 'Bertran Skell', 'Clemence Skep', 'Ewart Vell', 'Petronel Crake', 'Rohese Crake', 'Tobin Vell', 'Tib', 'Betriss Marle', 'Grigor Ashe'], holds=['spark (w_dv8ll) ×6']
Ede Fenn: goal='Have a bent buckle straightened', knows=['Petronel Clove', 'Havise Bram', 'Ede Kett'], holds=['spark (w_p002s) ×5']
Clemence Rud: goal='Clear mud from your only coat', knows=['Grigor Rud', 'Hamel Rud'], holds=['spark (w_p002t) ×4']
Aubin Rasp: goal='Have a bent buckle straightened', knows=['Renna Rasp', 'Ansel Rasp'], holds=['spark (w_p002u) ×4']
Ewart Brant: goal='Borrow a handcart for an hour', knows=['Renna Marle', 'Hamel Fitch'], holds=['spark (w_p002v) ×4']
Clemence of Ostrelle: goal='None', knows=['Gile Pike', 'Hamel Crake', 'Sibbe Pike', 'Renn Hobbe', 'Dunstan Pike', 'Aldith', 'Renn of Ostrelle', 'Jos Brant'], holds=['spark (w_a1clo) ×4']
Gile Pike: goal='None', knows=['Clemence of Ostrelle', 'Ansel Hobbe', 'Sibbe Pike', 'Idonea Crake', 'Dunstan Pike', 'Tilman Rue', 'Ansel Halfbell', 'Ansel of Harne', 'Ede of the Needle'], holds=['spark (w_a2gpk) ×6']
Dunstan Pike: goal='None', knows=['Clemence of Ostrelle', 'Gile Pike', 'Ansel Hobbe', 'Sibbe Pike', 'Segwin Rasp', 'Havise Dorn', 'Aubin Ferrant', 'Osanne Vell', 'Betriss Marle', 'Renna Tapster', 'Jos Brant'], holds=['spark (w_amt4p) ×6']
Averil Vell: goal='Replace a cracked cup', knows=['Sible Ashe', 'Idonea Marle', 'Ede Fitch'], holds=['spark (w_p004b) ×2']
Renn Tarn: goal='Keep a sleeping place for tonight', knows=['Warin Skell', 'Jonet Skell'], holds=['spark (w_p004c) ×5']
Renn Rusk: goal='Clear mud from your only coat', knows=['Bertran Rusk', 'Osanne Rusk'], holds=['spark (w_p004d) ×7']
Idonea Tarn: goal='None', knows=['Hamel of the Reach', 'Gile Tarn', 'Averil Skell', 'Bertran of the Ox', 'Gude Dask'], holds=['spark (w_bn1id) ×5']
Hamel of the Reach: goal='None', knows=['Idonea Tarn', 'Warin Underbridge', 'Ewart Alder', 'Cobb Hawser', 'Gude Dask'], holds=['spark (w_bn2hm) ×2']
Segwin Hobbe: goal='None', knows=['Renn Hobbe', 'Hamel Stott', 'Clemence Pike', 'Gude Dask'], holds=['spark (w_bn3sg) ×5']
Clemence Pike: goal='None', knows=['Dunstan Pike', 'Segwin Hobbe', 'Gude Dask'], holds=['spark (w_bn4cp) ×6']
Jonet Kett: goal='None', knows=['Gile Bram', 'Gude Dask'], holds=['spark (w_bn5jk) ×5']
Gile Bram: goal='None', knows=['Jonet Kett', 'Gude Dask'], holds=['spark (w_bn6gb) ×2']
Averil Nett: goal='None', knows=['Jos Mere', 'Gude Dask'], holds=['spark (w_bn7an) ×7']
Jos Mere: goal='None', knows=['Averil Nett', 'Gude Dask'], holds=['spark (w_bn8jm) ×3']
Ewart Toll: goal='None', knows=['Hamel Stott', 'Bertran Crake', 'Gude Dask'], holds=['spark (w_bn9et) ×3']
Aubin Wren: goal='None', knows=['Rohese Sedge', 'Ewart Tarn', 'Gude Dask'], holds=['spark (w_bnawr) ×4']
Bertran Crake: goal='None', knows=['Ewart Toll', 'Gude Dask'], holds=['spark (w_bnbcr) ×4']
Dunstan Hook: goal='None', knows=['Petronel of the Row', 'Gude Dask'], holds=['spark (w_bndhk) ×6']
Petronel of the Row: goal='None', knows=['Dunstan Hook', 'Gude Dask'], holds=['spark (w_bnpro) ×7']
Rohese Sedge: goal='None', knows=['Aubin Wren', 'Ewart Tarn', 'Gude Dask'], holds=['spark (w_bnrse) ×5']
Gude Dask: goal='Have two expenditure warrants signed', knows=['Averil Brant', 'Sibbe Vell', 'Averil Rasp'], holds=['spark (w_p009p) ×2']
Betriss Clove: goal='Trade for a sound length of cord', knows=['Bertran Clove', 'Segwin Clove'], holds=['spark (w_p009q) ×4']
Osanne Stott: goal='Keep rain off a bundle of kindling', knows=['Dob Stott', 'Renna Stott'], holds=['bundle of firewood (fw004)', 'spark (w_p009r) ×5']
Aubin Marle: goal='Collect kindling without a fine', knows=['Havise Fitch', 'Renn Fitch'], holds=['spark (w_p009s) ×6']
Renn Fitch: goal='Have a bent buckle straightened', knows=['Havise Fitch', 'Aubin Marle'], holds=['spark (w_p009t) ×6']
Grigor Pike: goal='Borrow a handcart for an hour', knows=['Havise Fitch', 'Aubin Marle'], holds=['spark (w_p009u) ×3']
Noll Vell: goal='Keep rain off a bundle of kindling', knows=['Havise Ashe', 'Tobin Marle'], holds=['bundle of firewood (fw005)', 'spark (w_p009v) ×3']
Cobb: goal='None', knows=['Ewart Skell', 'Rohese Skell', 'Warin Bluehand', 'Clemence Hobbe', 'Ede Hobbe', 'Nan', 'Tam Rud'], holds=['spark (w_e3cob) ×5']
Warin Bluehand: goal='None', knows=['Ewart Skell', 'Rohese Skell', 'Cobb', 'Clemence Hobbe', 'Nan', 'Tam Rud'], holds=['spark (w_e4bln) ×7']
Clemence Hobbe: goal='None', knows=['Ansel Hobbe', 'Renn Hobbe', 'Sibbe Hobbe', 'Ewart Skell', 'Cobb', 'Warin Bluehand', 'Petronel Roper', 'Bertran Hobbe', 'Gile Tarn', 'Ansel of Brede', 'Ede of the Needle'], holds=['spark (w_e5hob) ×6']
Betriss Marle: goal='None', knows=['Dunstan Pike', 'Osanne Vell', 'Rohese Skell', 'Petronel Roper', 'Nan', 'Tam Rud', 'Grigor Ashe'], holds=['spark (w_em3rl) ×5']
Tam Rud: goal='None', knows=['Sible Mott', 'Ewart Skell', 'Cobb', 'Warin Bluehand', 'Petronel Roper', 'Nan', 'Betriss Marle', 'Grigor Ashe', 'Renna Tapster'], holds=['spark (w_et7rd) ×7']
Rohese Pell: goal='Keep a sleeping place for tonight', knows=['Ede Nett', 'Sibbe Rusk', 'Lise Sark'], holds=['spark (w_p002l) ×6']
Osanne Pike: goal='Avoid losing a rented stool', knows=['Rohese Brant', 'Havise Vell'], holds=['spark (w_p002m) ×3']
Rohese Brant: goal='Learn why a promised cart is late', knows=['Osanne Pike', 'Havise Vell'], holds=['spark (w_p002n) ×4']
Havise Vell: goal='Dry a blanket before curfew', knows=['Osanne Pike', 'Rohese Brant'], holds=['blanket (bl004)', 'spark (w_p002o) ×3']
Osanne Rasp: goal='Collect a late wage', knows=['Osanne Pike', 'Rohese Brant'], holds=['spark (w_p002p) ×7']
Sibbe Rud: goal='Settle whose turn it is at the well', knows=['Hamel Quern', 'Warin Brant'], holds=['spark (w_p002q) ×2']
Hamel Quern: goal='Avoid losing a rented stool', knows=['Sibbe Rud', 'Warin Brant'], holds=['spark (w_p002r) ×5']
Gile Skell: goal='None', knows=['Averil Quern', 'Bertran Skell', 'Nan of Salorge', 'Petronel Crake', 'Rohese Crake', 'Sibbe Hobbe', 'Tobin Vell', 'Lise Copp'], holds=['spark (w_dgskl) ×7']
Nan of Salorge: goal='None', knows=['Averil Quern', 'Bertran Skell', 'Clemence Skep', 'Gile Skell', 'Rohese Crake', 'Sibbe Hobbe', 'Tib', 'Ansel of Salorge'], holds=['spark (w_dnnsl) ×4']
Averil Brant: goal='Stretch supper to one more bowl', knows=['Sibbe Vell', 'Averil Rasp', 'Averil Stott'], holds=['spark (w_p001j) ×4']
Betriss Lark: goal='Have a sore heel looked at', knows=['Sibbe Pell', 'Aubin Rusk'], holds=['spark (w_p001k) ×3']
Gude Mere: goal='Find two clean bandages', knows=['Sibbe Pell', 'Aubin Rusk'], holds=['spark (w_p001l) ×4']
Jonet Pell: goal="Secure tomorrow's place in the hiring line", knows=['Segwin Rusk', 'Hamel Sark'], holds=['spark (w_p001m) ×5']
Segwin Rusk: goal='Deliver a message before the next bell', knows=['Jonet Pell', 'Hamel Sark'], holds=['spark (w_p001n) ×6']
Hamel Sark: goal="Secure tomorrow's place in the hiring line", knows=['Jonet Pell', 'Segwin Rusk'], holds=['spark (w_p001o) ×3']
Petronel Mere: goal='Replace a warped hoop before the brewer arrives', knows=['Idonea Wren', 'Betriss Dunn', 'Jonet Galt'], holds=['spark (w_p006y) ×7']
Sibbe Tarn: goal='Have a bent buckle straightened', knows=['Renn Tarn', 'Warin Skell'], holds=['spark (w_p006z) ×4']
Ansel Wren: goal='Keep rain off a bundle of kindling', knows=['Ewart Thorn', 'Osanne Sedge'], holds=['bundle of firewood (fw006)', 'spark (w_p0070) ×5']
Dunstan Fitch: goal='Clear mud from your only coat', knows=['Warin Rasp', 'Rohese Fitch'], holds=['spark (w_p0071) ×7']
Noll Rook: goal='Keep rain off a bundle of kindling', knows=['Jos Rook', 'Dunstan Rook'], holds=['bundle of firewood (fw007)', 'spark (w_p0072) ×3']
Colm Pell: goal='Have a sore heel looked at', knows=['Renn Pell', 'Clemence Pell'], holds=['spark (w_p0073) ×3']
Ansel Lark: goal='Stretch supper to one more bowl', knows=['Hamel Nett', 'Grigor Galt'], holds=['spark (w_p0074) ×7']
Warin Rasp: goal='Learn why a promised cart is late', knows=['Dunstan Fitch', 'Rohese Fitch'], holds=['spark (w_p0075) ×3']
Hamel Nett: goal='Keep rain off a bundle of kindling', knows=['Ansel Lark', 'Grigor Galt'], holds=['bundle of firewood (fw008)', 'spark (w_p0076) ×5']
Corin Skep: goal='Settle whose turn it is at the well', knows=['Jos Skep', 'Bertran Skep'], holds=['spark (w_p0077) ×4']
Odo Trask: goal='None', knows=['Dunstan Skell', 'Clemence Skell', 'Corin Copp', 'Ewart Tarn', 'Lise Copp', 'Clemence Crake', 'Rohese Ashe'], holds=['spark (w_fo6gl) ×4']
Clemence Lark: goal='Dry a blanket before curfew', knows=['Idonea Wren', 'Betriss Dunn', 'Jonet Galt'], holds=['blanket (bl005)', 'spark (w_p0041) ×7']
Aubin Sedge: goal='Mend a leaking shoe', knows=['Corin Wren', 'Dunstan Sedge'], holds=['spark (w_p0042) ×2']
Idonea Crake: goal='None', knows=['Gile Pike', 'Hamel Crake', 'Sibbe Pike', 'Segwin Rasp', 'Sible Mott', 'Petronel Crake', 'Osanne Vell', 'Lise Copp'], holds=['spark (w_a7pcr) ×7']
Tilman Rue: goal='None', knows=['Gile Pike', 'Ewart Fitch', 'Segwin Rasp', 'Renn Hobbe', 'Aldith', 'Noll Fitch', 'Sible Mott', 'Gile Hobbe', 'Tam Rud', 'Jos Brant'], holds=['spark (w_ar5tl) ×7']
Sible Mott: goal='None', knows=['Idonea Crake', 'Segwin Rasp', 'Tilman Rue', 'Nan', 'Tam Rud', 'Lise Copp', 'Renna Tapster'], holds=['spark (w_az2sm) ×5']
Petronel Hobbe: goal='Account for a missing pantry key', knows=['Betriss Crake', 'Havise Skell', 'Lise Tarn'], holds=['spark (w_p004z) ×2']
Renna Rusk: goal='Stretch supper to one more bowl', knows=['Ede Pell', 'Jos Rusk'], holds=['spark (w_p0050) ×2']
Lise Toll: goal='Borrow a handcart for an hour', knows=['Idonea Varn', 'Clemence Wick'], holds=['spark (w_p0051) ×3']
Idonea Varn: goal='Get a splinter from your palm', knows=['Lise Toll', 'Clemence Wick'], holds=['spark (w_p0052) ×6']
Clemence Wick: goal='Keep rain off a bundle of kindling', knows=['Lise Toll', 'Idonea Varn'], holds=['bundle of firewood (fw009)', 'spark (w_p0053) ×7']
Averil Yew: goal='Locate a younger sibling', knows=['Lise Toll', 'Idonea Varn'], holds=['spark (w_p0054) ×7']
Aldith Hobbe: goal='Collect kindling without a fine', knows=['Lise Skell', 'Osanne Tarn'], holds=['spark (w_p0055) ×6']
Lise Skell: goal='Learn who moved your market basket', knows=['Aldith Hobbe', 'Osanne Tarn'], holds=['spark (w_p0056) ×4']
Osanne Tarn: goal='Recover a disputed penny', knows=['Aldith Hobbe', 'Lise Skell'], holds=['spark (w_p0057) ×3']
Osanne Rook: goal="Secure tomorrow's place in the hiring line", knows=['Ansel Rook', 'Corin Rook'], holds=['spark (w_p0058) ×3']
Jonet Marle: goal='Keep rain off a bundle of kindling', knows=['Aldith Hobbe', 'Lise Skell'], holds=['bundle of firewood (fw010)', 'spark (w_p0059) ×3']
Havise Pike: goal='Have a sore heel looked at', knows=['Sible Rud', 'Renna Quern'], holds=['spark (w_p005a) ×6']
Lise Ashe: goal='Replace a cracked cup', knows=['Gile Ashe', 'Ewart Ashe'], holds=['spark (w_p005b) ×5']
Betriss Skell: goal='Return a borrowed knife', knows=['Dunstan Mere', 'Lise Kern'], holds=['knife (kn002)', 'spark (w_p005c) ×5']
Jonet Bram: goal="Secure tomorrow's place in the hiring line", knows=['Warin Bram', 'Colm Bram'], holds=['spark (w_p005d) ×4']
Renna Sedge: goal='Settle whose turn it is at the well', knows=['Ansel Vell', 'Tobin Brant'], holds=['spark (w_p005e) ×6']
Sible Rud: goal='Buy lamp oil before dusk', knows=['Havise Pike', 'Renna Quern'], holds=['spark (w_p005f) ×2']
Renna Quern: goal='Get a splinter from your palm', knows=['Havise Pike', 'Sible Rud'], holds=['spark (w_p005g) ×3']
Sible Sedge: goal='Return a borrowed knife', knows=['Jos Sedge', 'Grigor Sedge'], holds=['knife (kn003)', 'spark (w_p005h) ×6']
Idonea Rill: goal='Replace a cracked cup', knows=['Havise Rill', 'Grigor Rill'], holds=['spark (w_p005i) ×3']
Clemence Husk: goal='Trade for a sound length of cord', knows=['Ansel Vell', 'Tobin Brant'], holds=['spark (w_p005j) ×2']
Renna Clove: goal='Settle whose turn it is at the well', knows=['Havise Pike', 'Sible Rud'], holds=['spark (w_p005k) ×3']
Lise Wick: goal='Deliver a message before the next bell', knows=['Corin Kett', 'Segwin Bram'], holds=['spark (w_p005l) ×4']
Sef Pell: goal='Get your blanket back before dark', knows=['Colm Pell', 'Clemence Pell'], holds=['spark (w_p005m) ×3']
Ede Rud: goal='Find where the older children hid your cup', knows=['Jos Rud', 'Gile Rud'], holds=['spark (w_p005n) ×4']
Petronel Skep: goal='Find the familiar adult you lost sight of', knows=['Renn Skep', 'Aldith Skep'], holds=['spark (w_p005o) ×4']
Ib Quern: goal='Keep your bread from a bold pigeon', knows=['Gude Quern', 'Clemence Quern'], holds=['loaf (lf002)', 'spark (w_p005p) ×4']
Aldith Sedge: goal='Buy a wooden button to replace the one you dropped', knows=['Sible Sedge', 'Grigor Sedge'], holds=['spark (w_p005q) ×5']
Averil Toll: goal='Find where the older children hid your cup', knows=['Gile Toll', 'Segwin Toll'], holds=['spark (w_p005r) ×5']
Pin Quern: goal='Carry a small bundle without dropping it', knows=['Gude Quern', 'Clemence Quern'], holds=['small bundle (bn001)', 'spark (w_p005s) ×2']
Nan Skep: goal='Find the familiar adult you lost sight of', knows=['Hamel Skep', 'Ewart Skep'], holds=['spark (w_p005t) ×2']
Osanne Rusk: goal='Learn why a promised cart is late', knows=['Bertran Rusk', 'Renn Rusk'], holds=['spark (w_p005u) ×6']
Sible Hobbe: goal='Keep rain off a bundle of kindling', knows=['Noll Hobbe', 'Corin Hobbe'], holds=['bundle of firewood (fw011)', 'spark (w_p005v) ×4']
Dob Skep: goal='Collect kindling without a fine', knows=['Renn Skep', 'Aldith Skep'], holds=['spark (w_p005w) ×2']
Jonet Skep: goal='Dry a blanket before curfew', knows=['Hamel Skep', 'Ewart Skep'], holds=['blanket (bl006)', 'spark (w_p005x) ×2']
Gile Ashe: goal='Buy lamp oil before dusk', knows=['Lise Ashe', 'Ewart Ashe'], holds=['spark (w_p005y) ×6']
Sef Rud: goal='Keep rain off a bundle of kindling', knows=['Clemence Rud', 'Hamel Rud'], holds=['bundle of firewood (fw012)', 'spark (w_p005z) ×2']
Corin Rook: goal='Collect kindling without a fine', knows=['Ansel Rook', 'Osanne Rook'], holds=['spark (w_p0060) ×5']
Segwin Thorn: goal='Find the key to a shared chest', knows=['Gile Thorn', 'Sibbe Thorn'], holds=['spark (w_p0061) ×2']
Grigor Rook: goal='Get a splinter from your palm', knows=['Ansel Rook', 'Osanne Rook'], holds=['spark (w_p0062) ×5']
Ansel Rusk: goal='Keep rain off a bundle of kindling', knows=['Bertran Rusk', 'Renn Rusk'], holds=['bundle of firewood (fw013)', 'spark (w_p0063) ×5']
Dunstan Rook: goal='Clear mud from your only coat', knows=['Jos Rook', 'Noll Rook'], holds=['spark (w_p0064) ×6']
Bertran Dask: goal='Dry a blanket before curfew', knows=['Sibbe Dask', 'Havise Dask'], holds=['blanket (bl007)', 'spark (w_p0065) ×3']
Aubin Dask: goal='Buy lamp oil before dusk', knows=['Sibbe Dask', 'Havise Dask'], holds=['spark (w_p0066) ×3']
Segwin Clove: goal='Locate a younger sibling', knows=['Bertran Clove', 'Betriss Clove'], holds=['spark (w_p0067) ×4']
Ewart Skell: goal='None', knows=['Ansel of Ostrelle', 'Rohese Skell', 'Cobb', 'Warin Bluehand', 'Clemence Hobbe', 'Nan', 'Ansel of Brede', 'Tam Rud', 'Clemence Crake'], holds=['spark (w_e1skl) ×48']
  - I was under the Draper's Reach when the western loft came down; the bonded wool stayed dry while we carried bodies through the arcade.
Rohese Skell: goal='None', knows=['Ewart Skell', 'Cobb', 'Warin Bluehand', 'Nan', 'Ansel of Brede', 'Betriss Marle'], holds=['spark (w_e2rhs) ×4']
Lise Kern: goal='Replace a cracked cup', knows=['Dunstan Mere', 'Grigor Kern'], holds=['spark (w_p004k) ×3']
Ede Rook: goal='Replace a marked gaming piece', knows=['Averil Brant', 'Sibbe Vell', 'Averil Rasp'], holds=['marked pair of dice (dc001)', 'spark (w_p009f) ×4']
Jonet Skell of Bell And Sluice: goal='Find a quiet corner to sleep', knows=['Ede Brant', 'Gude Tarn'], holds=['spark (w_p009g) ×2']
Gude Tarn: goal='Dry a blanket before curfew', knows=['Ede Brant', 'Jonet Skell of Bell And Sluice'], holds=['blanket (bl008)', 'spark (w_p009h) ×3']
Petronel Ashe: goal='Settle whose turn it is at the well', knows=['Ede Brant', 'Jonet Skell of Bell And Sluice'], holds=['spark (w_p009i) ×2']
Havise Fitch: goal='Stretch supper to one more bowl', knows=['Aubin Marle', 'Renn Fitch'], holds=['spark (w_p009j) ×7']
Colm Sedge: goal='Collect a late wage', knows=['Corin Sedge', 'Tib Sedge'], holds=['spark (w_p009k) ×2']
Tobin Kett: goal='Find where the older children hid your cup', knows=['Sible Kett', 'Havise Kett'], holds=['spark (w_p009l) ×4']
Tib Mott: goal='Dry a blanket before curfew', knows=['Ewart Mott', 'Segwin Mott'], holds=['blanket (bl009)', 'spark (w_p009m) ×2']
Ansel Mott: goal='Learn why a promised cart is late', knows=['Ewart Mott', 'Segwin Mott'], holds=['spark (w_p009n) ×3']
Grigor Rill: goal='Find a quiet corner to sleep', knows=['Idonea Rill', 'Havise Rill'], holds=['spark (w_p009o) ×7']
Gile of Harne: goal='None', knows=['Noll Fitch', 'Noll Limeburn', 'Renna Tapster', 'Ansel of the Sluice', 'Ede of the Needle', 'Corin Skell', 'Jos Brant', 'Renn Skell', 'Rohese of the Sluice'], holds=['spark (w_hgiha) ×4']
Ansel of Brede: goal='None', knows=['Ewart Skell', 'Rohese Skell', 'Clemence Hobbe', 'Petronel Roper', 'Bertran Hobbe', 'Gile Tarn', 'Tobin Tarn', 'Gile of Brede'], holds=['spark (w_ecbrd) ×3']
Idonea Marle: goal='Borrow a handcart for an hour', knows=['Sible Ashe', 'Ede Fitch', 'Lise Pike'], holds=['spark (w_p0023) ×4']
Osanne Crake: goal='Have a sore heel looked at', knows=['Warin Hobbe', 'Sible Crake'], holds=['spark (w_p0024) ×4']
Aldith Skell: goal='Mend a leaking shoe', knows=['Corin Rasp', 'Jonet Ashe'], holds=['spark (w_p0025) ×3']
Noll Quern: goal='Return a borrowed knife', knows=['Aubin Quern', 'Jos Quern'], holds=['knife (kn004)', 'spark (w_p0026) ×4']
Corin Kett: goal='Buy lamp oil before dusk', knows=['Segwin Bram', 'Lise Wick'], holds=['spark (w_p0027) ×5']
Renn Pell: goal="Secure tomorrow's place in the hiring line", knows=['Colm Pell', 'Clemence Pell'], holds=['spark (w_p0028) ×2']
Sible Vell: goal='Identify who filed a copied key', knows=['Betriss Fitch', 'Jonet Pike', 'Lise Brant'], holds=['spark (w_p007m) ×4']
Sible Pell: goal='Keep rain off a bundle of kindling', knows=['Dunstan Sark', 'Warin Wick'], holds=['bundle of firewood (fw014)', 'spark (w_p007n) ×2']
Warin Wren: goal="Secure tomorrow's place in the hiring line", knows=['Sible Wren', 'Gile Wren'], holds=['spark (w_p007o) ×4']
Dunstan Sark: goal='Collect a late wage', knows=['Sible Pell', 'Warin Wick'], holds=['spark (w_p007p) ×4']
Jos Ashe: goal='Buy lamp oil before dusk', knows=['Segwin Fitch', 'Ansel Skell'], holds=['spark (w_p007q) ×4']
Corin Hobbe: goal='Buy lamp oil before dusk', knows=['Noll Hobbe', 'Nan Hobbe'], holds=['spark (w_p007r) ×3']
Warin Wick: goal='Avoid losing a rented stool', knows=['Sible Pell', 'Dunstan Sark'], holds=['spark (w_p007s) ×3']
Ewart Bram: goal='Keep rain off a bundle of kindling', knows=[], holds=['bundle of firewood (fw015)', 'spark (w_p007t) ×7']
Conny: goal='None', knows=['Sven'], holds=['spark (w_cb947) ×2']
  - Sven still owes me two coppers for that fish
Averil Skell: goal='None', knows=['Noll Fitch', 'Gude', 'Grigor Ashe', 'Ewart Alder', 'Bertran of the Ox', 'Cobb Hawser', 'Renn of the Slip', 'Sibbe Skell', 'Wyn Alder'], holds=['spark (w_g2rhs) ×3']
Sibbe Skell: goal='None', knows=['Averil Skell', 'Ansel of Harne', 'Tobin Alder', 'Renna Tapster'], holds=['spark (w_g9sib) ×3', 'herring (vp8vg) ×10', 'smoked eel (fl1j1) ×4']
Averil Husk: goal='Replace a cracked cup', knows=['Idonea Wren', 'Betriss Dunn', 'Jonet Galt'], holds=['spark (w_p003f) ×5']
Aldith Skep: goal='Sell the last bruised apple', knows=['Renn Skep', 'Petronel Skep'], holds=['bruised apple (ap003)', 'spark (w_p003g) ×4']
Ede Sedge: goal='Settle whose turn it is at the well', knows=['Ewart Sedge', 'Dunstan Rill'], holds=['spark (w_p003h) ×7']
Corin Wren: goal='Return a borrowed knife', knows=['Dunstan Sedge', 'Bertran Thorn'], holds=['knife (kn005)', 'spark (w_p003i) ×7']
Betriss Skep: goal='Recover two sacks sent to the wrong loft', knows=['Averil Brant', 'Sibbe Vell', 'Averil Rasp'], holds=['spark (w_p008s) ×30', 'grain measure (uvta7) ×6']
Renna Hobbe: goal='Find the owner of a missing hen', knows=['Bertran Pike', 'Osanne Skell of Bell And Sluice'], holds=['spark (w_p008t) ×7']
Osanne Skell of Bell And Sluice: goal='Return a borrowed knife', knows=['Bertran Pike', 'Renna Hobbe'], holds=['knife (kn006)', 'spark (w_p008u) ×4']
Aldith Wren: goal='Buy lamp oil before dusk', knows=['Grigor Wren', 'Osanne Wren'], holds=['spark (w_p008v) ×2']
Aldith Rasp: goal='Get a splinter from your palm', knows=['Renn Rasp', 'Idonea Rasp'], holds=['spark (w_p008w) ×3']
Havise Kett: goal='Have a sore heel looked at', knows=['Sible Kett', 'Noll Kett'], holds=['spark (w_p008x) ×5']
Renna Fitch: goal='Deliver a message before the next bell', knows=['Bertran Pike', 'Renna Hobbe'], holds=['spark (w_p008y) ×4']
Ede Brant: goal='Get a splinter from your palm', knows=['Jonet Skell of Bell And Sluice', 'Gude Tarn'], holds=['spark (w_p008z) ×2']
Sibbe Dask: goal='Collect kindling without a fine', knows=['Bertran Dask', 'Havise Dask'], holds=['spark (w_p0090) ×5']
Clemence Quern: goal='Collect a late wage', knows=['Gude Quern', 'Ib Quern'], holds=['spark (w_p0091) ×7']
Havise Rill: goal='Learn who moved your market basket', knows=['Idonea Rill', 'Grigor Rill'], holds=['spark (w_p0092) ×7']
Osanne Clove: goal='Get your blanket back before dark', knows=['Bertran Clove', 'Betriss Clove'], holds=['spark (w_p0093) ×5']
Warin Bram: goal='Carry a small bundle without dropping it', knows=['Jonet Bram', 'Colm Bram'], holds=['small bundle (bn002)', 'spark (w_p0094) ×3']
Aubin Bram: goal='Find the owner of a missing hen', knows=['Jonet Bram', 'Colm Bram'], holds=['spark (w_p0095) ×7']
Ansel Fenn: goal='Find two clean bandages', knows=['Havise Fenn', 'Noll Fenn'], holds=['spark (w_p0096) ×6']
Warin Quern: goal='Stretch supper to one more bowl', knows=['Noll Quern', 'Jos Quern'], holds=['spark (w_p0097) ×7']
Colm Fenn: goal='Have a sore heel looked at', knows=['Havise Fenn', 'Noll Fenn'], holds=['spark (w_p0098) ×7']
Noll Kett: goal="Secure tomorrow's place in the hiring line", knows=['Sible Kett', 'Havise Kett'], holds=['spark (w_p0099) ×5']
Renn Crake: goal='None', knows=['Ansel of Salorge', 'Dunstan Skell', 'Cobb Hobbe', 'Corin Copp', 'Grigor Ashe', 'Clemence Crake', 'Warin Underbridge', 'Ede of the Needle'], holds=['spark (w_fr9ck) ×2']
Segwin Sedge: goal='Settle whose turn it is at the well', knows=['Ewart Thorn', 'Osanne Sedge'], holds=['spark (w_p004x) ×4']
Ewart Fitch: goal='None', knows=['Ansel Hobbe', 'Averil Hobbe', 'Renn Hobbe', 'Tilman Rue', 'Noll Fitch'], holds=['spark (w_a8ewf) ×6']
Noll Fitch: goal='None', knows=['Averil Hobbe', 'Ewart Fitch', 'Renn Hobbe', 'Tilman Rue', 'Gude', 'Averil Skell', 'Cobb Hawser', 'Wyn Alder', 'Gile of Harne'], holds=['spark (w_ax5nf) ×2']
  - I helped bury the Hammering dead when I was thirty-five; the common toll was not a name-knell, whatever the Chapter wrote.
Warin Skell: goal='Learn why a promised cart is late', knows=['Renn Tarn', 'Jonet Skell'], holds=['spark (w_p004g) ×2']
Osanne Mott: goal='Finish a disputed fitting before dusk', knows=['Petronel Clove', 'Havise Bram', 'Ede Fenn'], holds=['spark (w_p0068) ×4']
Clemence Mere: goal='Avoid losing a rented stool', knows=['Idonea Nett', 'Osanne Pell'], holds=['spark (w_p0069) ×7']
Idonea Nett: goal='Sell the last bruised apple', knows=['Clemence Mere', 'Osanne Pell'], holds=['bruised apple (ap004)', 'spark (w_p006a) ×2']
Osanne Pell: goal="Secure tomorrow's place in the hiring line", knows=['Clemence Mere', 'Idonea Nett'], holds=['spark (w_p006b) ×6']
Sible Rusk: goal='Learn why a promised cart is late', knows=['Clemence Mere', 'Idonea Nett'], holds=['spark (w_p006c) ×2']
Sible Toll: goal='Clear mud from your only coat', knows=['Rohese Varn', 'Ewart Hobbe'], holds=['spark (w_p006d) ×6']
Rohese Varn: goal='Learn why a promised cart is late', knows=['Sible Toll', 'Ewart Hobbe'], holds=['spark (w_p006e) ×3']
Betriss Sedge: goal='Return a borrowed knife', knows=['Corin Kett', 'Segwin Bram'], holds=['knife (kn007)', 'spark (w_p006f) ×4']
Sibbe Thorn: goal='Settle whose turn it is at the well', knows=['Gile Thorn', 'Segwin Thorn'], holds=['spark (w_p006g) ×3']
Havise Skep: goal="Secure tomorrow's place in the hiring line", knows=['Ewart Brant', 'Renna Marle'], holds=['spark (w_p006h) ×5']
Ewart Hobbe: goal='Get an employer to count the full day', knows=['Sible Toll', 'Rohese Varn'], holds=['spark (w_p006i) ×3']
Hamel Rud: goal='Collect a late wage', knows=['Clemence Rud', 'Grigor Rud'], holds=['spark (w_p006j) ×7']
Aubin Quern: goal='Sell the last bruised apple', knows=['Noll Quern', 'Jos Quern'], holds=['bruised apple (ap005)', 'spark (w_p006k) ×3']
Noll Thorn: goal='Find a quiet corner to sleep', knows=['Gile Thorn', 'Sibbe Thorn'], holds=['spark (w_p006l) ×2']
Noll Limeburn: goal='None', knows=['Aldith', 'Gile Crake', 'Hamel Stott', 'Clemence Limeburn', 'Cobb Threefinger', 'Dunstan Hobbe', 'Mote', 'Renn of Ostrelle', 'Gile of Harne'], holds=['spark (w_b0nll) ×7']
Sibbe Stott: goal='None', knows=['Gile Crake', 'Hamel Stott', 'Clemence Limeburn', 'Bertran Stott', 'Mote', 'Renn of Ostrelle'], holds=['spark (w_b1sbb) ×5']
Mote: goal='None', knows=['Noll Limeburn', 'Sibbe Stott', 'Hamel Stott', 'Ansel Halfbell', 'Cobb Threefinger', 'Tobin Hobbe', 'Ede of the Needle'], holds=['spark (w_bm3ot) ×2']
Betriss Fitch: goal='Stretch supper to one more bowl', knows=['Jonet Pike', 'Lise Brant', 'Sible Vell'], holds=['spark (w_p0000) ×7']
Sibbe Wick: goal='Find the key to a shared chest', knows=['Renna Skell', 'Renna Ashe'], holds=['spark (w_p0001) ×6']
Renna Crake: goal='Locate a younger sibling', knows=['Colm Quern', 'Sible Skell'], holds=['spark (w_p0002) ×6']
Gude Fitch: goal='Stretch supper to one more bowl', knows=['Idonea Pike', 'Ansel Dask'], holds=['spark (w_p0003) ×3']
Idonea Pike: goal='Collect kindling without a fine', knows=['Gude Fitch', 'Ansel Dask'], holds=['spark (w_p0004) ×6']
Renna Skell: goal='Find the owner of a missing hen', knows=['Sibbe Wick', 'Renna Ashe'], holds=['spark (w_p0005) ×7']
Averil Wren: goal='Settle whose turn it is at the well', knows=['Sibbe Husk', 'Corin Kern'], holds=['spark (w_p0006) ×3']
Renna Ashe: goal='Have a bent buckle straightened', knows=['Sibbe Wick', 'Renna Skell'], holds=['spark (w_p0007) ×2']
Osanne Marle: goal='Have a sore heel looked at', knows=['Sibbe Wick', 'Renna Skell'], holds=['spark (w_p0008) ×2']
Sibbe Husk: goal='Have a bent buckle straightened', knows=['Averil Wren', 'Corin Kern'], holds=['spark (w_p0009) ×2']
Corin Kern: goal='Get an employer to count the full day', knows=['Averil Wren', 'Sibbe Husk'], holds=['spark (w_p000a) ×2']
Warin Vell: goal='Replace a cracked cup', knows=['Jos Rasp', 'Renn Rud'], holds=['spark (w_p000b) ×5']
Jos Rasp: goal='Sell the last bruised apple', knows=['Warin Vell', 'Renn Rud'], holds=['bruised apple (ap006)', 'spark (w_p000c) ×7']
Ansel Dask: goal='Dry a blanket before curfew', knows=['Gude Fitch', 'Idonea Pike'], holds=['blanket (bl010)', 'spark (w_p000d) ×7']
Renn Rud: goal='Collect a late wage', knows=['Warin Vell', 'Jos Rasp'], holds=['spark (w_p000e) ×2']
Colm Quern: goal='Learn why a promised cart is late', knows=['Renna Crake', 'Sible Skell'], holds=['spark (w_p000f) ×4']
Jos Rook: goal='Find the owner of a missing hen', knows=['Dunstan Rook', 'Noll Rook'], holds=['spark (w_p000g) ×7']
Bertran Rook: goal='Deliver a message before the next bell', knows=['Warin Vell', 'Jos Rasp'], holds=['spark (w_p000h) ×4']
Noll Hobbe: goal="Secure tomorrow's place in the hiring line", knows=['Nan Hobbe', 'Corin Hobbe'], holds=['spark (w_p000i) ×2']
Aubin Wick: goal='Borrow a handcart for an hour', knows=['Averil Wren', 'Sibbe Husk'], holds=['spark (w_p000j) ×4']
Dunstan Crake: goal='None', knows=['Ansel of Ostrelle', 'Tobin Crake', 'Petronel Skell', 'Rohese Sparr', 'Gile Hobbe', 'Jonet Sparr'], holds=['spark (w_c3wnk) ×2']
Tobin Crake: goal='None', knows=['Ansel of Ostrelle', 'Dunstan Crake', 'Petronel Skell', 'Rohese Sparr', 'Jonet Sparr'], holds=['spark (w_c5tbo) ×6']
Rohese Sparr: goal='None', knows=['Ansel of Ostrelle', 'Dunstan Crake', 'Tobin Crake', 'Petronel Skell', 'Gile Hobbe', 'Jonet Sparr'], holds=['spark (w_c7kbd) ×5']
Jonet Sparr: goal='None', knows=['Segwin Rasp', 'Havise Dorn', 'Hamel Stott', 'Osanne Skell', 'Ansel of Ostrelle', 'Dunstan Crake', 'Tobin Crake', 'Rohese Sparr', 'Gile Hobbe'], holds=['spark (w_cj9sp) ×7']
  - At twenty-two I boarded cracked lights in the Lanthorn after the Hammering; the Rose's stone held, its lead twisted, and grey clerks counted every touch.
Ede Pike: goal='Sell the last bruised apple', knows=['Sibbe Rud', 'Hamel Quern'], holds=['bruised apple (ap007)', 'spark (w_p004i) ×6']
Ansel Vell: goal='Keep a sleeping place for tonight', knows=['Tobin Brant', 'Renna Sedge'], holds=['spark (w_p004j) ×7']
Rohese Nett: goal='Prove an oil jar has not been watered', knows=['Idonea Wren', 'Betriss Dunn', 'Jonet Galt'], holds=['spark (w_p009a) ×4']
Clemence Bram: goal='Find a quiet corner to sleep', knows=[], holds=['spark (w_p009b) ×3']
Clemence Galt: goal='Keep a sleeping place for tonight', knows=['Ewart Lark', 'Idonea Dunn'], holds=['spark (w_p009c) ×2']
Grigor Sedge: goal='Mend a leaking shoe', knows=['Jos Sedge', 'Sible Sedge'], holds=['spark (w_p009d) ×4']
Noll Stott: goal='Keep a sleeping place for tonight', knows=['Jonet Stott', 'Tobin Stott'], holds=['spark (w_p009e) ×3']
Ansel of Harne: goal='None', knows=['Gile Pike', 'Bertran of the Ox', 'Cobb Hawser', 'Sibbe Skell', 'Renna Tapster', 'Wyn Alder', 'Rohese of the Sluice'], holds=['spark (w_g3ans) ×5']
Gude Quern: goal="Secure tomorrow's place in the hiring line", knows=['Ib Quern', 'Clemence Quern'], holds=['wet spark (sp001)']
  - I keep a spark in my cheek when the watch is near - a purse can be lifted; a cheek cannot.
Corin Rusk: goal='Replace a cracked cup', knows=['Ede Pell', 'Jos Rusk'], holds=['spark (w_p004r) ×2']
Petronel Skell: goal='None', knows=['Osanne Skell', 'Ansel of Ostrelle', 'Dunstan Crake', 'Tobin Crake', 'Rohese Sparr', 'Gile Hobbe', 'Aubin Ferrant', 'Gude', 'Bertran Skell'], holds=['spark (w_c6pkl) ×5']
  - During the Hammering I tied splints from kindling, chose whom the carriers took first, and told families when I could do nothing; I still move toward a doorway when summer air turns cold.
Aubin Ferrant: goal='None', knows=['Segwin Rasp', 'Dunstan Pike', 'Ansel of Ostrelle', 'Petronel Skell', 'Gile Hobbe', 'Gude', 'Lise Copp'], holds=['spark (w_cf2rr) ×2']
  - During the Hammering I treated crushed people on boards in the Tallage until Lamplight; the wounds that killed afterward were worse than the hail.
Gude: goal='None', knows=['Renn Hobbe', 'Noll Fitch', 'Petronel Skell', 'Aubin Ferrant', 'Clemence Skep', 'Osanne Vell', 'Averil Skell', 'Wyn Alder'], holds=['spark (w_cg6ud) ×2', 'bundle of simples (5ua40) ×4', 'clean bandage (hlbke) ×6']
Osanne Brant: goal='Keep rain off a bundle of kindling', knows=['Sible Ashe', 'Idonea Marle', 'Ede Fitch'], holds=['bundle of firewood (fw016)', 'spark (w_p0048) ×7']
Idonea Skell: goal='Get a splinter from your palm', knows=['Sible Tarn', 'Sibbe Ashe'], holds=['spark (w_p0049) ×7']
Segwin Bram: goal='Locate a younger sibling', knows=['Corin Kett', 'Lise Wick'], holds=['spark (w_p004a) ×2']
Gile Hobbe: goal='None', knows=['Ansel of Ostrelle', 'Dunstan Crake', 'Petronel Skell', 'Rohese Sparr', 'Aubin Ferrant', 'Jonet Sparr'], holds=['spark (w_c8ghd) ×3']
Sible Wren: goal='Stretch supper to one more bowl', knows=['Gile Wren', 'Warin Wren'], holds=['spark (w_p004v) ×2']
Rohese Crake: goal='None', knows=['Averil Quern', 'Gile Skell', 'Nan of Salorge', 'Petronel Crake', 'Tobin Vell', 'Tib', 'Osanne Vell'], holds=['spark (w_drhcr) ×3']
Tobin Vell: goal='None', knows=['Clemence Skep', 'Ewart Vell', 'Gile Skell', 'Rohese Crake', 'Osanne Vell'], holds=['spark (w_dtbvl) ×7']
Ede Pell: goal='Locate a younger sibling', knows=['Jos Rusk', 'Corin Rusk'], holds=['spark (w_p004l) ×7']
Jos Rusk: goal='Deliver a message before the next bell', knows=['Ede Pell', 'Corin Rusk'], holds=['spark (w_p004m) ×2']
Ede Hobbe: goal='None', knows=['Cobb', 'Petronel Roper', 'Bertran Hobbe', 'Nan', 'Tobin Tarn', 'Warin Underbridge'], holds=['spark (w_e8sib) ×4']
Nan: goal='None', knows=['Sible Mott', 'Ewart Skell', 'Rohese Skell', 'Cobb', 'Warin Bluehand', 'Bertran Hobbe', 'Ede Hobbe', 'Gile Tarn', 'Betriss Marle', 'Tam Rud', 'Bertran of the Ox', 'Renna Tapster'], holds=['spark (w_e9nan) ×6']
Lise Pike: goal='Borrow a handcart for an hour', knows=['Sible Ashe', 'Idonea Marle', 'Ede Fitch'], holds=['spark (w_p0032) ×2']
Aldith Sark: goal='Collect kindling without a fine', knows=['Osanne Sark', 'Renn Sark'], holds=['spark (w_p0033) ×2']
Sible Tarn: goal='Avoid losing a rented stool', knows=['Sibbe Ashe', 'Ede Skell'], holds=['spark (w_p0034) ×6']
Sibbe Ashe: goal='Have a bent buckle straightened', knows=['Sible Tarn', 'Ede Skell'], holds=['spark (w_p0035) ×3']
Osanne Sark: goal='Keep rain off a bundle of kindling', knows=['Aldith Sark', 'Renn Sark'], holds=['bundle of firewood (fw017)', 'spark (w_p0036) ×2']
Gile Tarn: goal='None', knows=['Clemence Hobbe', 'Nan', 'Tobin Tarn', 'Ansel of Brede', 'Cobb Hawser', 'Renn of the Slip'], holds=['spark (w_eatan) ×7']
Tobin Tarn: goal='None', knows=['Bertran Skell', 'Petronel Roper', 'Bertran Hobbe', 'Ede Hobbe', 'Gile Tarn', 'Ansel of Brede', 'Renn Skell'], holds=['spark (w_ebhid) ×6']
Ede Fitch: goal='Avoid losing a rented stool', knows=['Sible Ashe', 'Idonea Marle', 'Lise Pike'], holds=['spark (w_p002z) ×6']
Gile Thorn: goal='Find the owner of a missing hen', knows=['Segwin Thorn', 'Sibbe Thorn'], holds=['spark (w_p0030) ×2']
Tobin Skell: goal='Recover a disputed penny', knows=['Corin Rasp', 'Jonet Ashe'], holds=['spark (w_p0031) ×4']
Clemence Skep: goal='None', knows=['Gude', 'Averil Quern', 'Ewart Vell', 'Nan of Salorge', 'Tobin Vell', 'Osanne Vell'], holds=['spark (w_dclsk) ×6', 'bucket (ul8lu) ×2', 'basket (0tcd4) ×3', 'length of rope (ke85r) ×3', 'knife (o3ulj) ×2', 'cup (vtifq) ×4', 'bowl (mo7lo) ×4', 'cook-pot (f580j)', 'blanket (m2nhh) ×2', 'purse (fibl3) ×2', 'pair of dice (ct1i7) ×2', 'side of leather (0tlae) ×2', 'wooden button keepsake (qr3ke) ×4', 'chalk pen (b17co) ×3']
Tib: goal='None', knows=['Havise Dorn', 'Ansel Quern', 'Ewart Vell', 'Nan of Salorge', 'Petronel Crake', 'Rohese Crake', 'Sibbe Hobbe', 'Osanne Vell', 'Petronel Roper', 'Ede of the Needle', 'Jos Brant'], holds=['spark (w_dtib0) ×6']
Petronel Clove: goal='Find the key to a shared chest', knows=['Havise Bram', 'Ede Fenn', 'Ede Kett'], holds=['spark (w_p000x) ×2', 'herring (2rqqh) ×6', 'apple (8155t) ×6', 'cheese (gcu4r) ×3', 'egg (qjnas) ×8', 'can of milk (a53eo) ×3', 'comb of honey (s5aae) ×2', 'measure of salt (icv99) ×2']
Rohese Husk: goal='Return a borrowed knife', knows=['Idonea Pell', 'Rohese Kern'], holds=['knife (kn008)', 'spark (w_p000y) ×4']
Averil Marle: goal='Borrow a handcart for an hour', knows=['Gude Fitch', 'Idonea Pike'], holds=['spark (w_p000z) ×4', 'bucket (95h78) ×2', 'basket (9rmb1) ×3', 'length of rope (pu085) ×3', 'knife (2kced) ×2', 'cup (e17t4) ×4', 'bowl (6liru) ×4', 'cook-pot (32upj)', 'blanket (mqb7p) ×2', 'purse (ril6r) ×2', 'pair of dice (dnleg) ×2', 'side of leather (1i71e) ×2', 'wooden button keepsake (5ukce) ×4', 'chalk pen (bgoqr) ×3']
Jonet Stott: goal='Trade for a sound length of cord', knows=['Tobin Stott', 'Noll Stott'], holds=['spark (w_p0010) ×5']
Jonet Ashe: goal='Trade for a sound length of cord', knows=['Corin Rasp', 'Aldith Skell'], holds=['spark (w_p0011) ×2', 'herring (v7l24) ×10', 'smoked eel (r6uh8) ×4']
Ede Crake: goal='Buy lamp oil before dusk', knows=['Gude Crake', 'Corin Crake'], holds=['spark (w_p0012) ×4']
Idonea Pell: goal='Buy lamp oil before dusk', knows=['Rohese Husk', 'Rohese Kern'], holds=['spark (w_p0013) ×6']
Gude Crake: goal='Sell a badge before dusk', knows=['Ede Crake', 'Corin Crake'], holds=['pilgrim badge (bg001) ×12', 'spark (w_p0014) ×6']
Aubin Crake: goal='Borrow a handcart for an hour', knows=['Ede Crake', 'Corin Crake'], holds=['spark (w_p0015) ×5']
Jos Sedge: goal='Find the owner of a missing hen', knows=['Sible Sedge', 'Grigor Sedge'], holds=['spark (w_p0016) ×7']
Hamel Stott: goal='None', knows=['Segwin Rasp', 'Havise Dorn', 'Noll Limeburn', 'Sibbe Stott', 'Ewart Crake', 'Clemence Limeburn', 'Bertran Stott', 'Ansel Halfbell', 'Cobb Threefinger', 'Dunstan Hobbe', 'Osanne Skell', 'Renn of Ostrelle', 'Jonet Sparr'], holds=['spark (w_b4hst) ×7']
Ewart Crake: goal='None', knows=['Gile Crake', 'Hamel Stott', 'Clemence Limeburn', 'Bertran Stott', 'Ansel Halfbell', 'Renn of Ostrelle', 'Tobin Hobbe'], holds=['spark (w_b5ewk) ×7']
Clemence Limeburn: goal='None', knows=['Aldith', 'Noll Limeburn', 'Sibbe Stott', 'Hamel Stott', 'Ewart Crake', 'Cobb Threefinger', 'Dunstan Hobbe'], holds=['spark (w_b6clm) ×7']
  - After the Hammering I burned and slaked lime through the nights for shoring mortar and grave markers; everyone promised the yard would settle its account later.
Bertran Stott: goal='None', knows=['Sibbe Stott', 'Gile Crake', 'Hamel Stott', 'Ewart Crake', 'Cobb Threefinger', 'Renn of Ostrelle'], holds=['spark (w_b9stt) ×7']
Renn of Ostrelle: goal='None', knows=['Clemence of Ostrelle', 'Noll Limeburn', 'Sibbe Stott', 'Hamel Stott', 'Ewart Crake', 'Bertran Stott', 'Tobin Hobbe'], holds=['spark (w_brn5o) ×6']
Jonet Pike: goal='Dry a blanket before curfew', knows=['Betriss Fitch', 'Lise Brant', 'Sible Vell'], holds=['blanket (bl011)', 'spark (w_p002g) ×7']
Gude Marle: goal='Learn why a promised cart is late', knows=['Aldith Marle', 'Gile Fitch'], holds=['spark (w_p002h) ×3']
Gile Fitch: goal='Find a quiet corner to sleep', knows=['Aldith Marle', 'Gude Marle'], holds=['spark (w_p002i) ×6']
Gile Toll: goal='Borrow a handcart for an hour', knows=['Averil Toll', 'Segwin Toll'], holds=['spark (w_p002j) ×7']
Bertran Brant: goal='Mend a leaking shoe', knows=['Aldith Marle', 'Gude Marle'], holds=['spark (w_p002k) ×3']
Ansel of Salorge: goal='None', knows=['Nan of Salorge', 'Averil Tarn', 'Ewart Tarn', 'Grigor Ashe', 'Lise Copp', 'Clemence Crake', 'Rohese Ashe', 'Renn Crake'], holds=['spark (w_fa4sg) ×5']
Clemence Crake: goal='None', knows=['Ewart Skell', 'Ansel of Salorge', 'Dunstan Skell', 'Gile of Brede', 'Odo Trask', 'Renn Crake', 'Warin Underbridge', 'Ewart Alder'], holds=['spark (w_fp6ck) ×7']
Sibbe Rusk: goal='Get a splinter from your palm', knows=['Ede Nett', 'Rohese Pell', 'Lise Sark'], holds=['spark (w_p003m) ×4']
Bertran Kern: goal='Buy lamp oil before dusk', knows=['Bertran Nett', 'Ansel Pell'], holds=['spark (w_p003n) ×3']
Hugh Crake of Brede: goal='None', knows=['Ewart Skell', 'Clemence Crake', 'Renn Crake', 'Betriss Skep'], holds=[]
Mabile Skell of Ostrelle: goal='None', knows=['Ewart Skell', 'Clemence Crake', 'Betriss Skep'], holds=[]
Ansel of the Sluice: goal='None', knows=['Renna Tapster', 'Wyn Alder', 'Ede of the Needle', 'Corin Skell', 'Gile of Harne', 'Jos Brant', 'Renn Skell', 'Rohese of the Sluice'], holds=['spark (w_hansl) ×7']
Ede of the Needle: goal='None', knows=['Gile Pike', 'Aldith', 'Tilman Rue', 'Mote', 'Tib', 'Clemence Hobbe', 'Renn Crake', 'Sef', 'Renna Tapster', 'Ansel of the Sluice', 'Corin Skell', 'Gile of Harne', 'Jos Brant', 'Renn Skell'], holds=['spark (w_he3nd) ×3']
Jos Brant: goal='None', knows=['Clemence of Ostrelle', 'Ansel Hobbe', 'Dunstan Pike', 'Tib', 'Renna Tapster', 'Ansel of the Sluice', 'Ede of the Needle', 'Corin Skell', 'Gile of Harne', 'Rohese of the Sluice'], holds=['spark (w_hj6br) ×4']
Dob Stott: goal='Get a splinter from your palm', knows=['Osanne Stott', 'Renna Stott'], holds=['spark (w_p004n) ×4']
Aubin Stott: goal='Sell the last bruised apple', knows=['Osanne Stott', 'Renna Stott'], holds=['bruised apple (ap008)', 'spark (w_p004o) ×6']
Tobin Rud: goal='Have a sore heel looked at', knows=['Jos Rud', 'Gile Rud'], holds=['spark (w_p004p) ×3']
Rohese Bram: goal='Find three missing muster spearheads', knows=['Averil Brant', 'Sibbe Vell', 'Averil Rasp'], holds=['spark (w_p00a4) ×3']
Rohese Marle: goal='Find a quiet corner to sleep', knows=['Noll Brant', 'Segwin Vell'], holds=['spark (w_p00a5) ×3']
Gile Rud: goal='Borrow a handcart for an hour', knows=['Jos Rud', 'Tobin Rud'], holds=['spark (w_p00a6) ×6']
Renn Brant: goal='Learn why a promised cart is late', knows=['Colm Vell', 'Gile Rasp'], holds=['spark (w_p00a7) ×4']
Colm Vell: goal='Learn who moved your market basket', knows=['Renn Brant', 'Gile Rasp'], holds=['spark (w_p00a8) ×6']
Gile Rasp: goal='Get an employer to count the full day', knows=['Renn Brant', 'Colm Vell'], holds=['spark (w_p00a9) ×7']
Grigor Wren: goal='Replace a cracked cup', knows=['Aldith Wren', 'Osanne Wren'], holds=['spark (w_p00aa) ×6']
Noll Rud: goal='Collect a late wage', knows=['Renn Brant', 'Colm Vell'], holds=['spark (w_p00ab) ×5']
Grigor Thorn: goal='Deliver a message before the next bell', knows=['Aubin Thorn', 'Gude Thorn'], holds=['spark (w_p00ac) ×7']
Colm Bram: goal="Secure tomorrow's place in the hiring line", knows=['Jonet Bram', 'Warin Bram'], holds=['spark (w_p00ad) ×3']
Noll Fenn: goal='Learn why a promised cart is late', knows=['Havise Fenn', 'Ansel Fenn'], holds=['spark (w_p00ae) ×6']
Warin Clove: goal='Dry a blanket before curfew', knows=['Corin Bram', 'Hamel Fenn'], holds=['blanket (bl012)', 'spark (w_p00af) ×7']
Corin Bram: goal='Replace a cracked cup', knows=['Warin Clove', 'Hamel Fenn'], holds=['spark (w_p00ag) ×4']
Hamel Fenn: goal='Keep a sleeping place for tonight', knows=['Warin Clove', 'Corin Bram'], holds=['spark (w_p00ah) ×7']
Ewart Skep: goal='Keep rain off a bundle of kindling', knows=['Hamel Skep', 'Nan Skep'], holds=['bundle of firewood (fw018)', 'spark (w_p00ai) ×7']
Bertran Hobbe: goal='None', knows=['Ansel Quern', 'Clemence Hobbe', 'Ede Hobbe', 'Nan', 'Tobin Tarn', 'Ansel of Brede', 'Ewart Tarn'], holds=['spark (w_e7mil) ×24']
Havise Bram: goal='Find a quiet corner to sleep', knows=['Petronel Clove', 'Ede Fenn', 'Ede Kett'], holds=['spark (w_p0021) ×3']
Jos Skep: goal='Get a splinter from your palm', knows=['Corin Skep', 'Bertran Skep'], holds=['spark (w_p0022) ×5']
Dunstan Skell: goal='None', knows=['Clemence Skell', 'Lise Copp', 'Odo Trask', 'Clemence Crake', 'Renn Crake'], holds=['spark (w_fb3sk) ×6']
Lise Copp: goal='None', knows=['Idonea Crake', 'Sible Mott', 'Osanne Skell', 'Ansel of Ostrelle', 'Aubin Ferrant', 'Gile Skell', 'Ansel of Salorge', 'Dunstan Skell', 'Corin Copp', 'Grigor Ashe', 'Gile of Brede', 'Odo Trask'], holds=['spark (w_fl5cp) ×6']
Osanne Sedge: goal='Trade for a sound length of cord', knows=['Ewart Thorn', 'Segwin Sedge'], holds=['spark (w_p004s) ×6']
Gude Rill: goal='Carry a small bundle without dropping it', knows=['Idonea Rill', 'Havise Rill'], holds=['small bundle (bn003)', 'spark (w_p00ar) ×4']
Tib Sedge: goal='Keep your bread from a bold pigeon', knows=['Corin Sedge', 'Colm Sedge'], holds=['loaf (lf003)', 'spark (w_p00as) ×4']
Averil Sedge: goal='Get your blanket back before dark', knows=['Corin Sedge', 'Colm Sedge'], holds=['spark (w_p00at) ×3']
Gude Thorn: goal='Carry a small bundle without dropping it', knows=['Aubin Thorn', 'Grigor Thorn'], holds=['small bundle (bn004)', 'spark (w_p00au) ×4']
Tib Thorn: goal='Keep your bread from a bold pigeon', knows=['Aubin Thorn', 'Grigor Thorn'], holds=['loaf (lf004)', 'spark (w_p00av) ×2']
Osanne Wren: goal='Get your blanket back before dark', knows=['Aldith Wren', 'Grigor Wren'], holds=['spark (w_p00aw) ×7']
Pin Wren: goal='Recover a disputed penny', knows=['Aldith Wren', 'Grigor Wren'], holds=['spark (w_p00ax) ×2']
Colm Dunn: goal='Learn why a promised cart is late', knows=['Rohese Dunn', 'Jonet Dunn'], holds=['spark (w_p00ay) ×3']
Bertran Skep: goal='Have a bent buckle straightened', knows=['Jos Skep', 'Corin Skep'], holds=['spark (w_p00az) ×4']
Aubin Clove: goal='Clear mud from your only coat', knows=[], holds=['spark (w_p00b0) ×3']
Osanne Skell: goal='None', knows=['Hamel Stott', 'Ansel Halfbell', 'Dunstan Hobbe', 'Tobin Hobbe', 'Petronel Skell', 'Jonet Sparr', 'Bertran Skell', 'Corin Copp', 'Lise Copp'], holds=['spark (w_br2sk) ×3']
Tobin Brant: goal='Replace a cracked cup', knows=['Ansel Vell', 'Renna Sedge'], holds=['spark (w_p004u) ×6']
Ilse: goal='None', knows=[], holds=['spark (c0prs)']
  - I am very hungry after the long road here
Lise Brant: goal='Buy a wooden button to replace the one you dropped', knows=['Betriss Fitch', 'Jonet Pike', 'Sible Vell'], holds=['spark (w_p003o) ×7']
Renna Rasp: goal='Find where the older children hid your cup', knows=['Aubin Rasp', 'Ansel Rasp'], holds=['spark (w_p003p) ×7']
Nan Hobbe: goal='Find the familiar adult you lost sight of', knows=['Noll Hobbe', 'Corin Hobbe'], holds=['spark (w_p003q) ×3']
Lise Rasp: goal='Buy a wooden button to replace the one you dropped', knows=['Aubin Rasp', 'Ansel Rasp'], holds=['spark (w_p003r) ×6']
Tobin Stott: goal='Find where the older children hid your cup', knows=['Jonet Stott', 'Noll Stott'], holds=['spark (w_p003s) ×3']
Tib Stott: goal='Keep a sleeping place for tonight', knows=['Jonet Stott', 'Noll Stott'], holds=['spark (w_p003t) ×2']
Grigor Rud: goal='Deliver a message before the next bell', knows=['Clemence Rud', 'Hamel Rud'], holds=['spark (w_p003u) ×4']
Havise Skell: goal="Keep damp fuel out of tomorrow's firing", knows=['Betriss Crake', 'Petronel Hobbe', 'Lise Tarn'], holds=['spark (w_p0078) ×3']
Sible Crake: goal='Find a quiet corner to sleep', knows=['Osanne Crake', 'Warin Hobbe'], holds=['spark (w_p0079) ×2']
Jonet Rud: goal='Dry a blanket before curfew', knows=['Hamel Rook', 'Colm Dask'], holds=['blanket (bl013)', 'spark (w_p007a) ×6']
Rohese Fitch: goal='Keep a sleeping place for tonight', knows=['Dunstan Fitch', 'Warin Rasp'], holds=['spark (w_p007b) ×3']
Warin Pike: goal='Find two clean bandages', knows=['Dunstan Fitch', 'Warin Rasp'], holds=['spark (w_p007c) ×5']
Hamel Ashe: goal='Have a bent buckle straightened', knows=['Osanne Crake', 'Warin Hobbe'], holds=['spark (w_p007d) ×3']
Segwin Fitch: goal='Find a quiet corner to sleep', knows=['Ansel Skell', 'Jos Ashe'], holds=['spark (w_p007e) ×5']
Segwin Toll: goal='Get an employer to count the full day', knows=['Gile Toll', 'Averil Toll'], holds=['spark (w_p007f) ×7']
Averil Tarn: goal='None', knows=['Ansel of Salorge', 'Clemence Skell', 'Ewart Tarn', 'Rohese Ashe', 'Warin Underbridge'], holds=['spark (w_fa8tn) ×2']
Ewart Tarn: goal='None', knows=['Bertran Hobbe', 'Ansel of Salorge', 'Averil Tarn', 'Grigor Ashe', 'Odo Trask', 'Warin Underbridge'], holds=['spark (w_fe2tn) ×2']
Ede Kett: goal='Get a splinter from your palm', knows=['Petronel Clove', 'Havise Bram', 'Ede Fenn'], holds=['spark (w_p0043) ×6']
Ewart Thorn: goal='Locate a younger sibling', knows=['Osanne Sedge', 'Segwin Sedge'], holds=['spark (w_p0044) ×2']
Petronel Roper: goal='None', knows=['Renn Hobbe', 'Tib', 'Clemence Hobbe', 'Ede Hobbe', 'Tobin Tarn', 'Ansel of Brede', 'Betriss Marle', 'Tam Rud', 'Cobb Hawser'], holds=['spark (w_e6ptr) ×6']
Betriss Dunn: goal='Trade for a sound length of cord', knows=['Idonea Wren', 'Jonet Galt', 'Averil Husk'], holds=['spark (w_p0037) ×2']
Dunstan Rill: goal='Clear mud from your only coat', knows=['Ewart Sedge', 'Ansel Thorn'], holds=['spark (w_p0038) ×6']
Grigor Ashe: goal='None', knows=['Osanne Vell', 'Betriss Marle', 'Tam Rud', 'Ansel of Salorge', 'Cobb Hobbe', 'Ewart Tarn', 'Lise Copp', 'Rohese Ashe', 'Renn Crake', 'Tobin Ashe', 'Sef', 'Averil Skell'], holds=['spark (w_fg2sh) ×2']
Rohese Ashe: goal='None', knows=['Ansel of Salorge', 'Averil Tarn', 'Cobb Hobbe', 'Grigor Ashe', 'Odo Trask', 'Tobin Ashe'], holds=['spark (w_fr5as) ×6']
Jonet Skell: goal="Secure tomorrow's place in the hiring line", knows=['Renn Tarn', 'Warin Skell'], holds=['spark (w_p004y) ×2']
Tobin Ashe: goal='None', knows=['Cobb Hobbe', 'Ewart Tarn', 'Grigor Ashe', 'Rohese Ashe', 'Sef', 'Warin Underbridge'], holds=['spark (w_ft1as) ×5']
Petronel Kern: goal='Mend a leaking shoe', knows=['Idonea Wren', 'Betriss Dunn', 'Jonet Galt'], holds=['spark (w_p003j) ×3']
Dunstan Sedge: goal='Dry a blanket before curfew', knows=['Corin Wren', 'Bertran Thorn'], holds=['blanket (bl014)', 'spark (w_p003k) ×6']
Bertran Thorn: goal='Mend a leaking shoe', knows=['Corin Wren', 'Dunstan Sedge'], holds=['spark (w_p003l) ×6']
Aldith Rud: goal='Get the ward hand to count a full crew day', knows=['Averil Brant', 'Sibbe Vell', 'Averil Rasp'], holds=['spark (w_p0088) ×4']
Jonet Dunn: goal='Find the owner of a missing hen', knows=['Rohese Dunn', 'Colm Dunn'], holds=['spark (w_p0089) ×5']
Havise Fenn: goal='Stretch supper to one more bowl', knows=['Ansel Fenn', 'Noll Fenn'], holds=['spark (w_p008a) ×3']
Jonet Crake: goal='Find the owner of a missing hen', knows=['Betriss Hobbe', 'Noll Skell'], holds=['spark (w_p008b) ×4']
Betriss Hobbe: goal='Return a borrowed knife', knows=['Jonet Crake', 'Noll Skell'], holds=['knife (kn009)', 'spark (w_p008c) ×5']
Noll Skell: goal='Find a quiet corner to sleep', knows=['Jonet Crake', 'Betriss Hobbe'], holds=['spark (w_p008d) ×5']
Warin Tarn: goal='Get a splinter from your palm', knows=['Jonet Crake', 'Betriss Hobbe'], holds=['spark (w_p008e) ×5']
Aubin Thorn: goal='Locate a younger sibling', knows=['Grigor Thorn', 'Gude Thorn'], holds=['spark (w_p008f) ×3']
Grigor Fitch: goal='Have a bent buckle straightened', knows=['Ansel Pike', 'Gile Brant'], holds=['spark (w_p008g) ×6']
Ansel Pike: goal='Trade for a sound length of cord', knows=['Grigor Fitch', 'Gile Brant'], holds=['spark (w_p008h) ×4']
Gile Brant: goal='Get a splinter from your palm', knows=['Grigor Fitch', 'Ansel Pike'], holds=['spark (w_p008i) ×4']
Renn Vell: goal='Learn who moved your market basket', knows=['Grigor Fitch', 'Ansel Pike'], holds=['spark (w_p008j) ×7']
Cobb Hawser: goal='None', knows=['Noll Fitch', 'Hamel of the Reach', 'Petronel Roper', 'Gile Tarn', 'Averil Skell', 'Ansel of Harne', 'Bertran of the Ox', 'Renn of the Slip', 'Wyn Alder'], holds=['spark (w_g6cbb) ×2']
Renn of the Slip: goal='None', knows=['Gile Tarn', 'Ewart Tarn', 'Averil Skell', 'Ewart Alder', 'Bertran of the Ox', 'Cobb Hawser', 'Tobin Alder', 'Renn Skell'], holds=['spark (w_g8rnn) ×3']
Betriss Stott: goal='Learn why a promised cart is late', knows=['Petronel Rud', 'Jonet Quern'], holds=['spark (w_p0017) ×7']
Osanne Kern: goal='Settle whose turn it is at the well', knows=['Petronel Lark', 'Aldith Lark'], holds=['spark (w_p0018) ×5']
Petronel Lark: goal='Locate a younger sibling', knows=['Osanne Kern', 'Aldith Lark'], holds=['spark (w_p0019) ×4']
Renn Rasp: goal="Secure tomorrow's place in the hiring line", knows=['Idonea Rasp', 'Aldith Rasp'], holds=['spark (w_p001a) ×4']
Bertran Rasp: goal='Sell the last bruised apple', knows=['Idonea Rasp', 'Aldith Rasp'], holds=['bruised apple (ap009)', 'spark (w_p001b) ×3']
Ansel of Ostrelle: goal='None', knows=['Dunstan Crake', 'Tobin Crake', 'Petronel Skell', 'Rohese Sparr', 'Gile Hobbe', 'Aubin Ferrant', 'Jonet Sparr', 'Ewart Skell', 'Lise Copp'], holds=['spark (w_c2nsl) ×7']
Grigor Kern: goal='Mend a leaking shoe', knows=['Dunstan Mere', 'Lise Kern'], holds=['spark (w_p004t) ×3']
Clemence Skell: goal='None', knows=['Averil Tarn', 'Dunstan Skell', 'Corin Copp', 'Gile of Brede', 'Odo Trask'], holds=['spark (w_fc7sk) ×4']
Corin Copp: goal='None', knows=['Osanne Skell', 'Clemence Skell', 'Gile of Brede', 'Lise Copp', 'Odo Trask', 'Renn Crake'], holds=['spark (w_fc9rn) ×5']
Gile of Brede: goal='None', knows=['Ansel of Brede', 'Clemence Skell', 'Corin Copp', 'Lise Copp', 'Clemence Crake', 'Sef', 'Warin Underbridge'], holds=['spark (w_fg4br) ×7']
Lise Sark: goal='Sell the last bruised apple', knows=['Ede Nett', 'Rohese Pell', 'Sibbe Rusk'], holds=['bruised apple (ap010)', 'spark (w_p0045) ×6']
Renna Kern: goal='Mend a leaking shoe', knows=['Bertran Nett', 'Ansel Pell'], holds=['spark (w_p0046) ×7']
Dunstan Mere: goal='Clear mud from your only coat', knows=['Lise Kern', 'Grigor Kern'], holds=['spark (w_p0047) ×2']
Renna Fenn: goal='Settle a licence inspection before curfew', knows=['Averil Brant', 'Sibbe Vell', 'Averil Rasp'], holds=['spark (w_p00aj) ×5']
Averil Pike: goal='Get a splinter from your palm', knows=['Warin Clove', 'Corin Bram'], holds=['spark (w_p00ak) ×2']
Jonet Vell: goal='Trade for a sound length of cord', knows=['Havise Stott', 'Corin Quern'], holds=['spark (w_p00al) ×7']
Havise Dask: goal='Learn why a promised cart is late', knows=['Bertran Dask', 'Sibbe Dask'], holds=['spark (w_p00am) ×2']
Havise Stott: goal='Trade for a sound length of cord', knows=['Jonet Vell', 'Corin Quern'], holds=['spark (w_p00an) ×5']
Renna Stott: goal='Mend a leaking shoe', knows=['Dob Stott', 'Osanne Stott'], holds=['spark (w_p00ao) ×5']
Corin Quern: goal='Collect kindling without a fine', knows=['Jonet Vell', 'Havise Stott'], holds=['spark (w_p00ap) ×6']
Gile Skep: goal='Find the owner of a missing hen', knows=['Jonet Vell', 'Havise Stott'], holds=['spark (w_p00aq) ×5']
Jonet Quern: goal='Find leather for two promised repairs', knows=['Betriss Stott', 'Petronel Rud'], holds=['spark (w_p006m) ×4']
Havise Rasp: goal='Find a quiet corner to sleep', knows=['Petronel Stott', 'Osanne Rud'], holds=['spark (w_p006n) ×5']
Petronel Stott: goal='Borrow a handcart for an hour', knows=['Havise Rasp', 'Osanne Rud'], holds=['spark (w_p006o) ×7']
Osanne Rud: goal='Learn why a promised cart is late', knows=['Havise Rasp', 'Petronel Stott'], holds=['spark (w_p006p) ×7']
Bertran Quern: goal='Have a sore heel looked at', knows=['Havise Rasp', 'Petronel Stott'], holds=['spark (w_p006q) ×3']
Hamel Rook: goal='Trade for a sound length of cord', knows=['Colm Dask', 'Segwin Fenn'], holds=['spark (w_p006r) ×4']
Colm Dask: goal='Avoid losing a rented stool', knows=['Hamel Rook', 'Segwin Fenn'], holds=['spark (w_p006s) ×6']
Noll Wick: goal='Find two clean bandages', knows=['Sible Toll', 'Rohese Varn'], holds=['spark (w_p006t) ×2']
Ewart Ashe: goal="Secure tomorrow's place in the hiring line", knows=['Lise Ashe', 'Gile Ashe'], holds=['spark (w_p006u) ×7']
Segwin Fenn: goal='Settle whose turn it is at the well', knows=['Hamel Rook', 'Colm Dask'], holds=['spark (w_p006v) ×7']
Ewart Dask: goal='Dry a blanket before curfew', knows=[], holds=['blanket (bl015)', 'spark (w_p006w) ×5']
Gile Wren: goal='Locate a younger sibling', knows=['Sible Wren', 'Warin Wren'], holds=['spark (w_p006x) ×3']
Cobb Threefinger: goal='None', knows=['Noll Limeburn', 'Hamel Stott', 'Clemence Limeburn', 'Bertran Stott', 'Ansel Halfbell', 'Dunstan Hobbe', 'Mote'], holds=['spark (w_bc6tf) ×7']
Petronel Rud: goal='Borrow a handcart for an hour', knows=['Betriss Stott', 'Jonet Quern'], holds=['spark (w_p002w) ×4']
Warin Brant: goal='Avoid losing a rented stool', knows=['Sibbe Rud', 'Hamel Quern'], holds=['spark (w_p002x) ×6']
Warin Hobbe: goal='Locate a younger sibling', knows=['Osanne Crake', 'Sible Crake'], holds=['spark (w_p002y) ×4']
Sven: goal='None', knows=['Conny'], holds=['herring (fzbn9)', 'spark (w_sv3n1) ×7']
  - I'm going to get some fish
Bertran of the Ox: goal='None', knows=['Nan', 'Averil Skell', 'Ansel of Harne', 'Ewart Alder', 'Cobb Hawser', 'Tobin Alder', 'Renn of the Slip', 'Renna Tapster'], holds=['spark (w_g5brt) ×2', 'pot of ale (9cmkb) ×20', 'hot pie (b1bnd) ×6']
Renna Tapster: goal='None', knows=['Dunstan Pike', 'Sible Mott', 'Bertran Skell', 'Nan', 'Tam Rud', 'Ansel of Harne', 'Bertran of the Ox', 'Sibbe Skell', 'Wyn Alder', 'Ansel of the Sluice', 'Ede of the Needle', 'Corin Skell', 'Gile of Harne', 'Jos Brant'], holds=['spark (w_gr8tp) ×2', 'pot of ale (tlhrj) ×20', 'hot pie (km8g2) ×6']
Idonea Wren: goal='Borrow a handcart for an hour', knows=['Betriss Dunn', 'Jonet Galt', 'Averil Husk'], holds=['spark (w_p001c) ×5']
Rohese Dunn: goal='Collect a late wage', knows=['Jonet Dunn', 'Colm Dunn'], holds=['spark (w_p001d) ×7']
Aldith Lark: goal='Get a splinter from your palm', knows=['Osanne Kern', 'Petronel Lark'], holds=['spark (w_p001e) ×5']
Lise Mere: goal='Sell the last bruised apple', knows=['Osanne Kern', 'Petronel Lark'], holds=['bruised apple (ap011)', 'spark (w_p001f) ×6']
Sibbe Pell: goal='Collect kindling without a fine', knows=['Aubin Rusk', 'Betriss Lark'], holds=['spark (w_p001g) ×7']
Aubin Rusk: goal='Get a splinter from your palm', knows=['Sibbe Pell', 'Betriss Lark'], holds=['spark (w_p001h) ×6']
Corin Sedge: goal='Sell the last bruised apple', knows=['Colm Sedge', 'Tib Sedge'], holds=['bruised apple (ap012)', 'spark (w_p001i) ×3']
Corin Skell: goal='None', knows=['Renna Tapster', 'Ansel of the Sluice', 'Ede of the Needle', 'Gile of Harne', 'Jos Brant', 'Renn Skell', 'Rohese of the Sluice'], holds=['spark (w_hewsk) ×7']
Renn Skell: goal='None', knows=['Tobin Tarn', 'Renn of the Slip', 'Ansel of the Sluice', 'Ede of the Needle', 'Corin Skell', 'Gile of Harne', 'Rohese of the Sluice'], holds=['spark (w_hrnsk) ×3']
Rohese of the Sluice: goal='None', knows=['Ansel of Harne', 'Ewart Alder', 'Wyn Alder', 'Ansel of the Sluice', 'Corin Skell', 'Gile of Harne', 'Jos Brant', 'Renn Skell'], holds=['spark (w_hrosl) ×2']
Averil Stott: goal='Find the key to a shared chest', knows=['Averil Brant', 'Sibbe Vell', 'Averil Rasp'], holds=['spark (w_p003v) ×4']
Betriss Pell: goal='Replace a cracked cup', knows=['Ewart Rusk', 'Segwin Sark'], holds=['spark (w_p003w) ×2']
Jos Rud: goal='Get a splinter from your palm', knows=['Tobin Rud', 'Gile Rud'], holds=['spark (w_p003x) ×4']
Segwin Sark: goal='Settle whose turn it is at the well', knows=['Ewart Rusk', 'Betriss Pell'], holds=['spark (w_p003y) ×6']
Colm Toll: goal='Collect a late wage', knows=['Ewart Rusk', 'Betriss Pell'], holds=['spark (w_p003z) ×3']
Hamel Skep: goal='Have a sore heel looked at', knows=['Nan Skep', 'Ewart Skep'], holds=['spark (w_p0040) ×3']
Sibbe Quern: goal='Replace the fraying well rope', knows=['Averil Brant', 'Sibbe Vell', 'Averil Rasp'], holds=['spark (w_p008k) ×5']
Idonea Rasp: goal='Get an employer to count the full day', knows=['Renn Rasp', 'Aldith Rasp'], holds=['spark (w_p008l) ×7']
Rohese Hobbe: goal='Get a splinter from your palm', knows=['Hamel Tarn', 'Corin Ashe'], holds=['spark (w_p008m) ×7']
Sible Kett: goal='Stretch supper to one more bowl', knows=['Havise Kett', 'Noll Kett'], holds=['spark (w_p008n) ×7']
Hamel Tarn: goal='Learn why a promised cart is late', knows=['Rohese Hobbe', 'Corin Ashe'], holds=['spark (w_p008o) ×7']
Corin Ashe: goal='Deliver a message before the next bell', knows=['Rohese Hobbe', 'Hamel Tarn'], holds=['spark (w_p008p) ×3']
Noll Marle: goal='Clear mud from your only coat', knows=['Rohese Hobbe', 'Hamel Tarn'], holds=['spark (w_p008q) ×3']
Bertran Pike: goal='Return a borrowed knife', knows=['Renna Hobbe', 'Osanne Skell of Bell And Sluice'], holds=['knife (kn010)', 'spark (w_p008r) ×2']
Segwin Marle: goal='Find out how your neighbour is keeping', knows=[], holds=['spark (w_x00000) ×4']
Sibbe Quern: goal='Find somewhere you will be left alone', knows=[], holds=['spark (w_x00001) ×7']
Osanne Skell: goal='Hear news from your kin', knows=[], holds=['spark (w_x00002) ×4']
Dob Latchkey: goal='Keep the household blankets in good order', knows=[], holds=['spark (w_x00003) ×2']
Nan Crake: goal='Enjoy a little peace in your neighbourhood', knows=[], holds=['spark (w_x00004) ×5']
Aldith Hawser: goal='Enjoy a little peace in your neighbourhood', knows=[], holds=['spark (w_x00005) ×3']
Bertran of the Tenters: goal='Get the penny you were promised for the horse', knows=[], holds=['spark (w_x00006) ×3']
Ib Copp: goal="Get taken on for a day's work", knows=[], holds=['spark (w_x00007) ×7']
Ewart Hawser: goal='Find somewhere to dry your blanket', knows=[], holds=['spark (w_x00008) ×5']
Pin Fitch: goal='Find something to put on your feet', knows=[], holds=['spark (w_x00009) ×7']
Havise of the Tenters: goal='Keep your clothes dry', knows=[], holds=['spark (w_x00010) ×4']
Jos Marle: goal='Enjoy a little peace in your neighbourhood', knows=[], holds=['spark (w_x00011) ×3']
Rohese Marle: goal='Keep the household blankets in good order', knows=[], holds=['spark (w_x00012) ×3']
Lise Crake: goal='Hear news from your kin', knows=[], holds=['spark (w_x00013) ×5']
Ib of the Slip: goal='Find out how your neighbour is keeping', knows=[], holds=['spark (w_x00014) ×4']
Ede Brant: goal='Get your sleeping corner back', knows=[], holds=['spark (w_x00015) ×5']
Mote Brant: goal='Find out how your neighbour is keeping', knows=[], holds=['spark (w_x00016) ×7']
Lise Wetalms: goal='Keep the household blankets in good order', knows=[], holds=['spark (w_x00017) ×6']
Tib of Cinder Row: goal='Keep the household blankets in good order', knows=[], holds=['spark (w_x00018) ×5']
Tib Wetalms: goal='Hear news from your kin', knows=[], holds=['spark (w_x00019) ×2']
Averil Shortmeasure: goal='Find a salve for your hands', knows=[], holds=['spark (w_x00020) ×2']
Petronel of the Tenters: goal='Enjoy a little peace in your neighbourhood', knows=[], holds=['spark (w_x00021) ×2']
Havise Ferrant: goal='Share a memory of the street', knows=[], holds=['spark (w_x00022) ×3']
Ede Shortmeasure: goal='Keep the household blankets in good order', knows=[], holds=['spark (w_x00023) ×3']
Averil of the Gutter Steps: goal='Keep your clothes dry', knows=[], holds=['spark (w_x00024) ×3']
Ib Brant: goal='Find somewhere you will be left alone', knows=[], holds=['spark (w_x00025) ×3']
Pin Fitch: goal='Enjoy a little peace in your neighbourhood', knows=[], holds=['spark (w_x00026) ×3']
Jonet Pike: goal='Enjoy a little peace in your neighbourhood', knows=[], holds=['spark (w_x00027) ×4']
Tobin of Ostrelle: goal='Find out how your neighbour is keeping', knows=[], holds=['spark (w_x00028) ×5']
Noll of the Slip: goal='Find a salve for your hands', knows=[], holds=['spark (w_x00029) ×5']
Ib the Lesser: goal='Hear news from your kin', knows=[], holds=['spark (w_x00030) ×4']
Jonet Coldhands: goal='Find somewhere to dry your blanket', knows=[], holds=['spark (w_x00031) ×6']
Averil of the Slip: goal='Get your sleeping corner back', knows=[], holds=['spark (w_x00032) ×7']
Tib of Ostrelle: goal='Share a memory of the street', knows=[], holds=['spark (w_x00033) ×5']
Mote Upstream: goal='Share a memory of the street', knows=[], holds=['spark (w_x00034) ×7']
Ede of the Tenters: goal='Find out how your neighbour is keeping', knows=[], holds=['spark (w_x00035) ×6']
Sibbe Marle: goal='Find a quiet frontage where you are welcome', knows=[], holds=['spark (w_x00036) ×3']
Osanne Scaffold: goal='Enjoy a little peace in your neighbourhood', knows=[], holds=['spark (w_x00037) ×5']
Hamel Tarn: goal='Keep your clothes dry', knows=[], holds=['spark (w_x00038) ×3']
Tib Stott: goal='Share a memory of the street', knows=[], holds=['spark (w_x00039) ×6']
Hamel of the Low Bridge: goal='Share a memory of the street', knows=[], holds=['spark (w_x00040) ×4']
Grigor Dorn: goal='Enjoy a little peace in your neighbourhood', knows=[], holds=['spark (w_x00041) ×3']
Idonea Upstream: goal='Beg or find a meal today', knows=[], holds=['spark (w_x00042) ×3']
Betriss Vell: goal='Hear news from your kin', knows=[], holds=['spark (w_x00043) ×2']
Bertran Scaffold: goal='Find a quiet frontage where you are welcome', knows=[], holds=['spark (w_x00044) ×2']
Havise of the Slip: goal='Get the penny you were promised for the horse', knows=[], holds=['spark (w_x00045) ×2']
Averil Pike: goal='Hear news from your kin', knows=[], holds=['spark (w_x00046) ×2']
Pin Marle: goal='Find a quiet frontage where you are welcome', knows=[], holds=['spark (w_x00047) ×4']
Renn Ferrant: goal='Find out how your neighbour is keeping', knows=[], holds=['spark (w_x00048) ×2']
Averil Upstream: goal='Keep the household blankets in good order', knows=[], holds=['spark (w_x00049) ×4']
Rohese Hobbe: goal='Keep your clothes dry', knows=[], holds=['spark (w_x00050) ×3']
Ansel the Lesser: goal='Share a memory of the street', knows=[], holds=['spark (w_x00051) ×7']
Havise Latchkey: goal='Keep the household blankets in good order', knows=[], holds=['spark (w_x00052) ×2']
Jonet the Lesser: goal='Get the penny you were promised for the horse', knows=[], holds=['spark (w_x00053) ×5']
Idonea Skell: goal='Keep your clothes dry', knows=[], holds=['spark (w_x00054) ×4']
Nan the Lesser: goal='Replace your lost alms bowl', knows=[], holds=['spark (w_x00055) ×2']
Jos of Cinder Row: goal='Replace your lost alms bowl', knows=[], holds=['spark (w_x00056) ×3']
Corin of the Bellstand: goal='Hear news from your kin', knows=[], holds=['spark (w_x00057) ×2']
Havise of the Gutter Steps: goal='Keep your clothes dry', knows=[], holds=['spark (w_x00058) ×6']
Aldith Hobbe: goal='Hear news from your kin', knows=[], holds=['spark (w_x00059) ×5']
Tib Dorn: goal='Enjoy a little peace in your neighbourhood', knows=[], holds=['spark (w_x00060) ×5']
Nan of the Shambles: goal='Hear news from your kin', knows=[], holds=['spark (w_x00061) ×5']
Dunstan Salter: goal='Keep your clothes dry', knows=[], holds=['spark (w_x00062) ×3']
Tobin Scaffold: goal='Hear news from your kin', knows=[], holds=['spark (w_x00063) ×5']
Ede Dorn: goal='Enjoy a little peace in your neighbourhood', knows=[], holds=['spark (w_x00064) ×7']
Noll Pike: goal='Share a memory of the street', knows=[], holds=['spark (w_x00065) ×2']
Cobb Stott: goal='Find a quiet frontage where you are welcome', knows=[], holds=['spark (w_x00066) ×4']
Aldith of the Tenters: goal='Hear news from your kin', knows=[], holds=['spark (w_x00067) ×5']
Mote Pike: goal='Share a memory of the street', knows=[], holds=['spark (w_x00068) ×3']
Bertran Coldhands: goal='Keep the household blankets in good order', knows=[], holds=['spark (w_x00069) ×4']
Nan Upstream: goal='Get your sleeping corner back', knows=[], holds=['spark (w_x00070) ×3']
Ib Upstream: goal='Find out how your neighbour is keeping', knows=[], holds=['spark (w_x00071) ×4']
Clemence of the Needle: goal='Hear news from your kin', knows=[], holds=['spark (w_x00072) ×4']
Petronel Stott: goal='Enjoy a little peace in your neighbourhood', knows=[], holds=['spark (w_x00073) ×5']
Sibbe Coldhands: goal='Keep the household blankets in good order', knows=[], holds=['spark (w_x00074) ×3']
Clemence of Ostrelle: goal='Share a memory of the street', knows=[], holds=['spark (w_x00075) ×4']
Ansel of the Tenters: goal='Keep your clothes dry', knows=[], holds=['spark (w_x00076) ×4']
Petronel Hobbe: goal='Keep your clothes dry', knows=[], holds=['spark (w_x00077) ×7']
Sibbe Threefinger: goal='Hear news from your kin', knows=[], holds=['spark (w_x00078) ×5']
Pin Latchkey: goal='Hear news from your kin', knows=[], holds=['spark (w_x00079) ×7']
Cobb Tarn: goal='Keep your clothes dry', knows=[], holds=['spark (w_x00080) ×2']
Petronel Vell: goal='Share a memory of the street', knows=[], holds=['spark (w_x00081) ×4']
Betriss Crake: goal='Share a memory of the street', knows=[], holds=['spark (w_x00082) ×2']
Nan of the Slip: goal='Enjoy a little peace in your neighbourhood', knows=[], holds=['spark (w_x00083) ×2']
Bertran Crake: goal='Keep the household blankets in good order', knows=[], holds=['spark (w_x00084) ×3']
Pin Ashe: goal='Share a memory of the street', knows=[], holds=['spark (w_x00085) ×5']
Ewart Ashe: goal='Keep the household blankets in good order', knows=[], holds=['spark (w_x00086) ×4']
Tobin Wetalms: goal='Enjoy a little peace in your neighbourhood', knows=[], holds=['spark (w_x00087) ×2']
Sibbe Vell: goal='Share a memory of the street', knows=[], holds=['spark (w_x00088) ×7']
Corin of the Low Bridge: goal='Keep the household blankets in good order', knows=[], holds=['spark (w_x00089) ×4']
Colm of the Bellstand: goal='Find a quiet frontage where you are welcome', knows=[], holds=['spark (w_x00090) ×7']
Ib of Ostrelle: goal='Hear news from your kin', knows=[], holds=['spark (w_x00091) ×4']
Sibbe of the Shambles: goal='Enjoy a little peace in your neighbourhood', knows=[], holds=['spark (w_x00092) ×7']
Clemence of the Shambles: goal='Share a memory of the street', knows=[], holds=['spark (w_x00093) ×4']
Lise Fitch: goal='Hear news from your kin', knows=[], holds=['spark (w_x00094) ×2']
Dob Threefinger: goal='Keep your clothes dry', knows=[], holds=['spark (w_x00095) ×7']
Bertran Hawser: goal='Keep your clothes dry', knows=[], holds=['spark (w_x00096) ×6']
Ib Skell: goal='Find out how your neighbour is keeping', knows=[], holds=['spark (w_x00097) ×6']
Nan Dorn: goal='Keep the household blankets in good order', knows=[], holds=['spark (w_x00098) ×6']
Dob Hawser: goal='Get the penny you were promised for the horse', knows=[], holds=['spark (w_x00099) ×2']
Dob Ferrant: goal='Share a memory of the street', knows=[], holds=['spark (w_x00100) ×7']
Gile Hobbe: goal='Find somewhere you will be left alone', knows=[], holds=['spark (w_x00101) ×2']
Cobb of the Slip: goal='Get the penny you were promised for the horse', knows=[], holds=['spark (w_x00102) ×3']
Gile the Lesser: goal='Share a memory of the street', knows=[], holds=['spark (w_x00103) ×3']
Dunstan Vell: goal='Find a quiet frontage where you are welcome', knows=[], holds=['spark (w_x00104) ×4']
Ansel Hawser: goal='Find something to put on your feet', knows=[], holds=['spark (w_x00105) ×5']
Colm Rasp: goal='Enjoy a little peace in your neighbourhood', knows=[], holds=['spark (w_x00106) ×7']
Jos Nineteen: goal='Hear news from your kin', knows=[], holds=['spark (w_x00107) ×2']
Ib Quern: goal='Keep your clothes dry', knows=[], holds=['spark (w_x00108) ×3']
Aubin Tarn: goal='Keep the household blankets in good order', knows=[], holds=['spark (w_x00109) ×4']
Havise Coldhands: goal='Hear news from your kin', knows=[], holds=['spark (w_x00110) ×5']
Pin Alder: goal='Get your sleeping corner back', knows=[], holds=['spark (w_x00111) ×2']
Aldith Skell: goal='Enjoy a little peace in your neighbourhood', knows=[], holds=['spark (w_x00112) ×2']
Tobin Scaffold: goal='Hear news from your kin', knows=[], holds=['spark (w_x00113) ×3']
Jos Hobbe: goal='Keep your clothes dry', knows=[], holds=['spark (w_x00114) ×7']
Ib of the Low Bridge: goal='Find out how your neighbour is keeping', knows=[], holds=['spark (w_x00115) ×6']
Jonet of the Tenters: goal='Enjoy a little peace in your neighbourhood', knows=[], holds=['spark (w_x00116) ×2']
Colm Hobbe: goal='Hear news from your kin', knows=[], holds=['spark (w_x00117) ×3']
Ede of the Tenters: goal='Hear news from your kin', knows=[], holds=['spark (w_x00118) ×7']
Grigor Coldhands: goal='Enjoy a little peace in your neighbourhood', knows=[], holds=['spark (w_x00119) ×3']
Dunstan Upstream: goal='Enjoy a little peace in your neighbourhood', knows=[], holds=['spark (w_x00120) ×7']
Dunstan Copp: goal='Find somewhere to dry your blanket', knows=[], holds=['spark (w_x00121) ×4']
Aubin Threefinger: goal='Enjoy a little peace in your neighbourhood', knows=[], holds=['spark (w_x00122) ×2']
Petronel of Cinder Row: goal='Hear news from your kin', knows=[], holds=['spark (w_x00123) ×3']
Lise of the Needle: goal='Keep your clothes dry', knows=[], holds=['spark (w_x00124) ×3']
Lise of the Slip: goal='Enjoy a little peace in your neighbourhood', knows=[], holds=['spark (w_x00125) ×4']
Corin of the Bellstand: goal='Hear news from your kin', knows=[], holds=['spark (w_x00126) ×3']
Havise of the Bellstand: goal='Hear news from your kin', knows=[], holds=['spark (w_x00127) ×4']
Petronel Sparr: goal='Enjoy a little peace in your neighbourhood', knows=[], holds=['spark (w_x00128) ×2']
Grigor Quern: goal='Find out how your neighbour is keeping', knows=[], holds=['spark (w_x00129) ×7']
Nan Shortmeasure: goal='Find a salve for your hands', knows=[], holds=['spark (w_x00130) ×5']
Lise Threefinger: goal='Share a memory of the street', knows=[], holds=['spark (w_x00131) ×3']
Betriss Shortmeasure: goal='Find out how your neighbour is keeping', knows=[], holds=['spark (w_x00132) ×3']
Tobin Shortmeasure: goal='Find somewhere to dry your blanket', knows=[], holds=['spark (w_x00133) ×7']
Cobb Roper: goal='Find something to put on your feet', knows=[], holds=['spark (w_x00134) ×7']
Tib Coldhands: goal='Find out how your neighbour is keeping', knows=[], holds=['spark (w_x00135) ×5']
Colm Vell: goal='Keep the household blankets in good order', knows=[], holds=['spark (w_x00136) ×5']
Dob Quern: goal='Find out how your neighbour is keeping', knows=[], holds=['spark (w_x00137) ×7']
Rohese Copp: goal='Find a salve for your hands', knows=[], holds=['spark (w_x00138) ×4']
Bertran of the Tenters: goal='Share a memory of the street', knows=[], holds=['spark (w_x00139) ×7']
Ede Ashe: goal='Find somewhere you will be left alone', knows=[], holds=['spark (w_x00140) ×6']
Aubin Skell: goal='Share a memory of the street', knows=[], holds=['spark (w_x00141) ×3']
Mote Brant: goal='Find out how your neighbour is keeping', knows=[], holds=['spark (w_x00142) ×5']
Aldith Alder: goal='Share a memory of the street', knows=[], holds=['spark (w_x00143) ×6']
Gile the Long: goal='Hear news from your kin', knows=[], holds=['spark (w_x00144) ×7']
Averil of the Low Bridge: goal='Find out how your neighbour is keeping', knows=[], holds=['spark (w_x00145) ×3']
Sibbe Ferrant: goal='Find somewhere you will be left alone', knows=[], holds=['spark (w_x00146) ×5']
Rohese Marle: goal='Find a quiet frontage where you are welcome', knows=[], holds=['spark (w_x00147) ×7']
Averil the Long: goal='Share a memory of the street', knows=[], holds=['spark (w_x00148) ×6']
Corin of the Needle: goal='Keep the household blankets in good order', knows=[], holds=['spark (w_x00149) ×7']
Idonea of the Shambles: goal='Hear news from your kin', knows=[], holds=['spark (w_x00150) ×5']
Aldith of the Shambles: goal='Keep your clothes dry', knows=[], holds=['spark (w_x00151) ×6']
Clemence Upstream: goal='Share a memory of the street', knows=[], holds=['spark (w_x00152) ×3']
Aubin Copp: goal='Enjoy a little peace in your neighbourhood', knows=[], holds=['spark (w_x00153) ×7']
Renn Crake: goal="Get taken on for a day's work", knows=[], holds=['spark (w_x00154) ×4']
Osanne Roper: goal='Replace your lost alms bowl', knows=[], holds=['spark (w_x00155) ×5']
Ede Rasp: goal='Get the penny you were promised for the horse', knows=[], holds=['spark (w_x00156) ×6']
Gile of the Bellstand: goal='Enjoy a little peace in your neighbourhood', knows=[], holds=['spark (w_x00157) ×2']
Idonea Coldhands: goal='Enjoy a little peace in your neighbourhood', knows=[], holds=['spark (w_x00158) ×2']
Nan of the Shambles: goal='Keep the household blankets in good order', knows=[], holds=['spark (w_x00159) ×2']
Aldith Hobbe: goal='Enjoy a little peace in your neighbourhood', knows=[], holds=['spark (w_x00160) ×3']
Rohese Dorn: goal='Keep your clothes dry', knows=[], holds=['spark (w_x00161) ×2']
Aldith of the Shambles: goal='Share a memory of the street', knows=[], holds=['spark (w_x00162) ×2']
Lise Marle: goal='Enjoy a little peace in your neighbourhood', knows=[], holds=['spark (w_x00163) ×5']
Tobin Alder: goal='Keep the household blankets in good order', knows=[], holds=['spark (w_x00164) ×6']
Betriss Nineteen: goal='Keep the household blankets in good order', knows=[], holds=['spark (w_x00165) ×4']
Nan Tarn: goal='Beg or find a meal today', knows=[], holds=['spark (w_x00166) ×6']
Sibbe Vell: goal='Find a salve for your hands', knows=[], holds=['spark (w_x00167) ×5']
Havise the Long: goal='Keep the household blankets in good order', knows=[], holds=['spark (w_x00168) ×5']
Renn Quern: goal='Enjoy a little peace in your neighbourhood', knows=[], holds=['spark (w_x00169) ×4']
Dunstan Stott: goal='Enjoy a little peace in your neighbourhood', knows=[], holds=['spark (w_x00170) ×7']
Jonet Sparr: goal='Get the penny you were promised for the horse', knows=[], holds=['spark (w_x00171) ×6']
Segwin Tarn: goal='Enjoy a little peace in your neighbourhood', knows=[], holds=['spark (w_x00172) ×5']
Lise Dorn: goal='Replace your lost alms bowl', knows=[], holds=['spark (w_x00173) ×6']
Mote Ashe: goal='Keep your clothes dry', knows=[], holds=['spark (w_x00174) ×2']
Betriss Hobbe: goal='Find out how your neighbour is keeping', knows=[], holds=['spark (w_x00175) ×2']
Renn the Long: goal='Share a memory of the street', knows=[], holds=['spark (w_x00176) ×4']
Ib of the Slip: goal='Find out how your neighbour is keeping', knows=[], holds=['spark (w_x00177) ×3']
Ede of Ostrelle: goal='Find a quiet frontage where you are welcome', knows=[], holds=['spark (w_x00178) ×5']
Tib Roper: goal='Keep the household blankets in good order', knows=[], holds=['spark (w_x00179) ×3']
Lise Ferrant: goal='Share a memory of the street', knows=[], holds=['spark (w_x00180) ×7']
Mote Roper: goal='Share a memory of the street', knows=[], holds=['spark (w_x00181) ×5']
Mote Nineteen: goal='Keep the household blankets in good order', knows=[], holds=['spark (w_x00182) ×7']
Tib Dorn: goal='Keep your clothes dry', knows=[], holds=['spark (w_x00183) ×4']
Rohese Threefinger: goal='Enjoy a little peace in your neighbourhood', knows=[], holds=['spark (w_x00184) ×3']
Ib of the Low Bridge: goal='Find somewhere you will be left alone', knows=[], holds=['spark (w_x00185) ×7']
Cobb Brant: goal='Share a memory of the street', knows=[], holds=['spark (w_x00186) ×3']
Lise Roper: goal='Keep the household blankets in good order', knows=[], holds=['spark (w_x00187) ×6']
Sef Upstream: goal='Enjoy a little peace in your neighbourhood', knows=[], holds=['spark (w_x00188) ×5']
Renn Skell: goal='Keep the household blankets in good order', knows=[], holds=['spark (w_x00189) ×4']
Aldith Rasp: goal='Hear news from your kin', knows=[], holds=['spark (w_x00190) ×5']
Idonea Scaffold: goal='Enjoy a little peace in your neighbourhood', knows=[], holds=['spark (w_x00191) ×3']
Bertran Salter: goal='Get your sleeping corner back', knows=[], holds=['spark (w_x00192) ×6']
Mote Scaffold: goal='Hear news from your kin', knows=[], holds=['spark (w_x00193) ×3']
Ewart Hobbe: goal='Share a memory of the street', knows=[], holds=['spark (w_x00194) ×2']
Noll of the Low Bridge: goal='Share a memory of the street', knows=[], holds=['spark (w_x00195) ×3']
Averil of Ostrelle: goal='Hear news from your kin', knows=[], holds=['spark (w_x00196) ×2']
Osanne Nineteen: goal='Find out how your neighbour is keeping', knows=[], holds=['spark (w_x00197) ×5']
Jonet of the Bellstand: goal='Keep the household blankets in good order', knows=[], holds=['spark (w_x00198) ×2']
Hamel Nineteen: goal='Enjoy a little peace in your neighbourhood', knows=[], holds=['spark (w_x00199) ×7']
Dunstan Scaffold: goal='Hear news from your kin', knows=[], holds=['spark (w_x00200) ×7']
Clemence of the Gutter Steps: goal='Get your sleeping corner back', knows=[], holds=['spark (w_x00201) ×7']
Renn Hobbe: goal='Keep the household blankets in good order', knows=[], holds=['spark (w_x00202) ×3']
Petronel the Lesser: goal='Replace your lost alms bowl', knows=[], holds=['spark (w_x00203) ×2']
Ewart Salter: goal='Share a memory of the street', knows=[], holds=['spark (w_x00204) ×7']
Petronel of the Bellstand: goal='Get the penny you were promised for the horse', knows=[], holds=['spark (w_x00205) ×3']
Renn of the Bellstand: goal='Enjoy a little peace in your neighbourhood', knows=[], holds=['spark (w_x00206) ×3']
Averil of the Low Bridge: goal='Beg or find a meal today', knows=[], holds=['spark (w_x00207) ×2']
Bertran Rasp: goal='Keep the household blankets in good order', knows=[], holds=['spark (w_x00208) ×3']
Ede Tarn: goal='Hear news from your kin', knows=[], holds=['spark (w_x00209) ×2']
Ib Ferrant: goal='Hear news from your kin', knows=[], holds=['spark (w_x00210) ×7']
Havise Nineteen: goal='Keep the household blankets in good order', knows=[], holds=['spark (w_x00211) ×6']
Jonet Pike: goal='Hear news from your kin', knows=[], holds=['spark (w_x00212) ×2']
Ewart Ashe: goal='Share a memory of the street', knows=[], holds=['spark (w_x00213) ×3']
Aldith Tarn: goal='Share a memory of the street', knows=[], holds=['spark (w_x00214) ×2']
Osanne of the Tenters: goal='Get your sleeping corner back', knows=[], holds=['spark (w_x00215) ×6']
Grigor Coldhands: goal='Find out how your neighbour is keeping', knows=[], holds=['spark (w_x00216) ×3']
Sef Stott: goal='Find out how your neighbour is keeping', knows=[], holds=['spark (w_x00217) ×2']
Sef of the Needle: goal='Find out how your neighbour is keeping', knows=[], holds=['spark (w_x00218) ×5']
Dunstan Stott: goal='Find out how your neighbour is keeping', knows=[], holds=['spark (w_x00219) ×5']
Ewart Latchkey: goal='Find out how your neighbour is keeping', knows=[], holds=['spark (w_x00220) ×2']
Ewart Roper: goal='Keep your clothes dry', knows=[], holds=['spark (w_x00221) ×6']
Clemence Shortmeasure: goal="Get taken on for a day's work", knows=[], holds=['spark (w_x00222) ×4']
Betriss of the Bellstand: goal='Share a memory of the street', knows=[], holds=['spark (w_x00223) ×4']
Lise Skell: goal='Find somewhere to dry your blanket', knows=[], holds=['spark (w_x00224) ×7']
Dob Tarn: goal='Hear news from your kin', knows=[], holds=['spark (w_x00225) ×4']
Lise Skell: goal="Get taken on for a day's work", knows=[], holds=['spark (w_x00226) ×7']
Nan Fitch: goal='Find out how your neighbour is keeping', knows=[], holds=['spark (w_x00227) ×3']
Rohese of the Tenters: goal='Hear news from your kin', knows=[], holds=['spark (w_x00228) ×2']
Aldith Skell: goal='Keep the household blankets in good order', knows=[], holds=['spark (w_x00229) ×6']
Ansel Latchkey: goal='Find out how your neighbour is keeping', knows=[], holds=['spark (w_x00230) ×3']
Betriss Coldhands: goal='Keep the household blankets in good order', knows=[], holds=['spark (w_x00231) ×2']
Clemence Latchkey: goal='Keep the household blankets in good order', knows=[], holds=['spark (w_x00232) ×4']
Tib of the Gutter Steps: goal='Keep your clothes dry', knows=[], holds=['spark (w_x00233) ×3']
Havise Crake: goal='Keep your clothes dry', knows=[], holds=['spark (w_x00234) ×5']
Ede Upstream: goal='Get your sleeping corner back', knows=[], holds=['spark (w_x00235) ×4']
Aldith Rasp: goal='Hear news from your kin', knows=[], holds=['spark (w_x00236) ×2']
Renn Fitch: goal='Keep the household blankets in good order', knows=[], holds=['spark (w_x00237) ×2']
Rohese of Cinder Row: goal='Find a quiet frontage where you are welcome', knows=[], holds=['spark (w_x00238) ×5']
Renn Shortmeasure: goal='Share a memory of the street', knows=[], holds=['spark (w_x00239) ×3']
Hamel Shortmeasure: goal='Keep the household blankets in good order', knows=[], holds=['spark (w_x00240) ×3']
Idonea Coldhands: goal='Hear news from your kin', knows=[], holds=['spark (w_x00241) ×2']
Osanne Wetalms: goal='Share a memory of the street', knows=[], holds=['spark (w_x00242) ×5']
Averil of the Shambles: goal='Share a memory of the street', knows=[], holds=['spark (w_x00243) ×7']
Ede Skell: goal='Share a memory of the street', knows=[], holds=['spark (w_x00244) ×3']
Colm Crake: goal='Share a memory of the street', knows=[], holds=['spark (w_x00245) ×3']
Pin of the Gutter Steps: goal='Hear news from your kin', knows=[], holds=['spark (w_x00246) ×4']
Tib of the Low Bridge: goal='Enjoy a little peace in your neighbourhood', knows=[], holds=['spark (w_x00247) ×6']
Rohese Upstream: goal='Find something to put on your feet', knows=[], holds=['spark (w_x00248) ×3']
Mote Wetalms: goal="Get taken on for a day's work", knows=[], holds=['spark (w_x00249) ×6']
Bertran of the Low Bridge: goal='Keep your clothes dry', knows=[], holds=['spark (w_x00250) ×7']
Petronel Fitch: goal='Find a salve for your hands', knows=[], holds=['spark (w_x00251) ×4']
Sibbe of the Bellstand: goal='Keep your clothes dry', knows=[], holds=['spark (w_x00252) ×3']
Havise Pike: goal='Find out how your neighbour is keeping', knows=[], holds=['spark (w_x00253) ×7']
Renn Latchkey: goal='Enjoy a little peace in your neighbourhood', knows=[], holds=['spark (w_x00254) ×3']
Averil Tarn: goal='Find out how your neighbour is keeping', knows=[], holds=['spark (w_x00255) ×5']
Petronel Skell: goal='Share a memory of the street', knows=[], holds=['spark (w_x00256) ×7']
Ede Hawser: goal='Keep the household blankets in good order', knows=[], holds=['spark (w_x00257) ×4']
Jonet Nineteen: goal='Share a memory of the street', knows=[], holds=['spark (w_x00258) ×5']
Corin of the Shambles: goal='Enjoy a little peace in your neighbourhood', knows=[], holds=['spark (w_x00259) ×3']
Petronel of the Gutter Steps: goal='Find out how your neighbour is keeping', knows=[], holds=['spark (w_x00260) ×7']
Ede Salter: goal='Find out how your neighbour is keeping', knows=[], holds=['spark (w_x00261) ×3']
Osanne Coldhands: goal='Keep the household blankets in good order', knows=[], holds=['spark (w_x00262) ×6']
Aubin Scaffold: goal='Get your sleeping corner back', knows=[], holds=['spark (w_x00263) ×2']
Petronel Hawser: goal='Hear news from your kin', knows=[], holds=['spark (w_x00264) ×2']
Ewart the Lesser: goal='Enjoy a little peace in your neighbourhood', knows=[], holds=['spark (w_x00265) ×6']
Aldith the Long: goal='Hear news from your kin', knows=[], holds=['spark (w_x00266) ×7']
Renn Salter: goal='Share a memory of the street', knows=[], holds=['spark (w_x00267) ×2']
Tib Salter: goal='Enjoy a little peace in your neighbourhood', knows=[], holds=['spark (w_x00268) ×7']
Ewart Copp: goal='Find somewhere to dry your blanket', knows=[], holds=['spark (w_x00269) ×7']
Grigor Dorn: goal='Find a quiet frontage where you are welcome', knows=[], holds=['spark (w_x00270) ×4']
Rohese Brant: goal='Keep your clothes dry', knows=[], holds=['spark (w_x00271) ×5']
Ansel of Cinder Row: goal='Find somewhere to dry your blanket', knows=[], holds=['spark (w_x00272) ×2']
Betriss Wetalms: goal='Find out how your neighbour is keeping', knows=[], holds=['spark (w_x00273) ×3']
Rohese the Lesser: goal='Keep your clothes dry', knows=[], holds=['spark (w_x00274) ×6']
Jonet Hawser: goal='Enjoy a little peace in your neighbourhood', knows=[], holds=['spark (w_x00275) ×4']
Tib Marle: goal='Find out how your neighbour is keeping', knows=[], holds=['spark (w_x00276) ×7']
Jonet Quern: goal='Keep the household blankets in good order', knows=[], holds=['spark (w_x00277) ×7']
Gile Scaffold: goal='Get the penny you were promised for the horse', knows=[], holds=['spark (w_x00278) ×2']
Havise Roper: goal='Share a memory of the street', knows=[], holds=['spark (w_x00279) ×6']
Jos Salter: goal='Find somewhere to dry your blanket', knows=[], holds=['spark (w_x00280) ×5']
Averil Upstream: goal='Find a quiet frontage where you are welcome', knows=[], holds=['spark (w_x00281) ×3']
Corin Skell: goal='Find out how your neighbour is keeping', knows=[], holds=['spark (w_x00282) ×6']
Hamel Quern: goal='Keep your clothes dry', knows=[], holds=['spark (w_x00283) ×4']
Idonea the Lesser: goal='Hear news from your kin', knows=[], holds=['spark (w_x00284) ×4']
Lise Nineteen: goal='Find a quiet frontage where you are welcome', knows=[], holds=['spark (w_x00285) ×6']
Colm Shortmeasure: goal='Enjoy a little peace in your neighbourhood', knows=[], holds=['spark (w_x00286) ×3']
Jonet Latchkey: goal='Hear news from your kin', knows=[], holds=['spark (w_x00287) ×3']
Nan Hawser: goal='Find out how your neighbour is keeping', knows=[], holds=['spark (w_x00288) ×5']
Dob Roper: goal='Get the penny you were promised for the horse', knows=[], holds=['spark (w_x00289) ×6']
Pin Dorn: goal='Find out how your neighbour is keeping', knows=[], holds=['spark (w_x00290) ×2']
Rohese Tarn: goal='Hear news from your kin', knows=[], holds=['spark (w_x00291) ×5']
Sef of Cinder Row: goal='Find somewhere to dry your blanket', knows=[], holds=['spark (w_x00292) ×7']
Hamel the Lesser: goal='Keep the household blankets in good order', knows=[], holds=['spark (w_x00293) ×2']
Lise Quern: goal='Find somewhere you will be left alone', knows=[], holds=['spark (w_x00294) ×2']
Cobb Fitch: goal='Find out how your neighbour is keeping', knows=[], holds=['spark (w_x00295) ×6']
Rohese Coldhands: goal='Find a salve for your hands', knows=[], holds=['spark (w_x00296) ×7']
Osanne Wetalms: goal='Enjoy a little peace in your neighbourhood', knows=[], holds=['spark (w_x00297) ×6']
Nan of the Gutter Steps: goal='Keep the household blankets in good order', knows=[], holds=['spark (w_x00298) ×4']
Ede of the Needle: goal='Keep your clothes dry', knows=[], holds=['spark (w_x00299) ×2']
Sef Wetalms: goal='Hear news from your kin', knows=[], holds=['spark (w_x00300) ×5']
Idonea Upstream: goal='Find out how your neighbour is keeping', knows=[], holds=['spark (w_x00301) ×5']
Pin of the Slip: goal='Enjoy a little peace in your neighbourhood', knows=[], holds=['spark (w_x00302) ×4']
Lise Salter: goal='Keep the household blankets in good order', knows=[], holds=['spark (w_x00303) ×6']
Petronel of the Needle: goal='Keep your clothes dry', knows=[], holds=['spark (w_x00304) ×7']
Noll of the Needle: goal='Hear news from your kin', knows=[], holds=['spark (w_x00305) ×2']
Gile Fitch: goal='Enjoy a little peace in your neighbourhood', knows=[], holds=['spark (w_x00306) ×5']
Rohese of the Needle: goal='Enjoy a little peace in your neighbourhood', knows=[], holds=['spark (w_x00307) ×3']
Petronel the Lesser: goal='Find somewhere to dry your blanket', knows=[], holds=['spark (w_x00308) ×5']
Segwin Brant: goal='Beg or find a meal today', knows=[], holds=['spark (w_x00309) ×5']
Sibbe of the Tenters: goal='Enjoy a little peace in your neighbourhood', knows=[], holds=['spark (w_x00310) ×2']
Tobin Nineteen: goal='Find a quiet frontage where you are welcome', knows=[], holds=['spark (w_x00311) ×5']
Pin of the Gutter Steps: goal='Find something to put on your feet', knows=[], holds=['spark (w_x00312) ×3']
Ewart of the Gutter Steps: goal='Keep your clothes dry', knows=[], holds=['spark (w_x00313) ×6']
Jonet Coldhands: goal='Find a quiet frontage where you are welcome', knows=[], holds=['spark (w_x00314) ×5']
Jonet of Ostrelle: goal='Hear news from your kin', knows=[], holds=['spark (w_x00315) ×3']
Hamel Fitch: goal='Hear news from your kin', knows=[], holds=['spark (w_x00316) ×7']
Aubin Dorn: goal='Keep the household blankets in good order', knows=[], holds=['spark (w_x00317) ×7']
Ede Sparr: goal='Enjoy a little peace in your neighbourhood', knows=[], holds=['spark (w_x00318) ×2']
Grigor Sparr: goal='Keep your clothes dry', knows=[], holds=['spark (w_x00319) ×3']
Nan of the Gutter Steps: goal='Share a memory of the street', knows=[], holds=['spark (w_x00320) ×4']
Grigor of Ostrelle: goal='Find a quiet frontage where you are welcome', knows=[], holds=['spark (w_x00321) ×2']
Lise Marle: goal='Keep your clothes dry', knows=[], holds=['spark (w_x00322) ×2']
Havise Salter: goal="Get taken on for a day's work", knows=[], holds=['spark (w_x00323) ×7']
Bertran of the Slip: goal='Enjoy a little peace in your neighbourhood', knows=[], holds=['spark (w_x00324) ×3']
Aubin of the Needle: goal='Share a memory of the street', knows=[], holds=['spark (w_x00325) ×4']
Osanne of the Shambles: goal='Keep your clothes dry', knows=[], holds=['spark (w_x00326) ×5']
Dunstan Scaffold: goal='Share a memory of the street', knows=[], holds=['spark (w_x00327) ×6']
Idonea of the Low Bridge: goal='Find out how your neighbour is keeping', knows=[], holds=['spark (w_x00328) ×2']
Ansel Latchkey: goal='Enjoy a little peace in your neighbourhood', knows=[], holds=['spark (w_x00329) ×5']
Nan Stott: goal='Find out how your neighbour is keeping', knows=[], holds=['spark (w_x00330) ×3']
Idonea of the Bellstand: goal='Enjoy a little peace in your neighbourhood', knows=[], holds=['spark (w_x00331) ×7']
Nan Roper: goal='Replace your lost alms bowl', knows=[], holds=['spark (w_x00332) ×4']
Renn Ferrant: goal='Find out how your neighbour is keeping', knows=[], holds=['spark (w_x00333) ×5']
Colm Threefinger: goal='Keep your clothes dry', knows=[], holds=['spark (w_x00334) ×2']
Ib Hobbe: goal='Beg or find a meal today', knows=[], holds=['spark (w_x00335) ×7']
Aldith Brant: goal='Hear news from your kin', knows=[], holds=['spark (w_x00336) ×5']
Renn of Cinder Row: goal='Enjoy a little peace in your neighbourhood', knows=[], holds=['spark (w_x00337) ×5']
Clemence Hawser: goal='Enjoy a little peace in your neighbourhood', knows=[], holds=['spark (w_x00338) ×3']
Lise Hobbe: goal='Share a memory of the street', knows=[], holds=['spark (w_x00339) ×7']
Ansel Ferrant: goal='Share a memory of the street', knows=[], holds=['spark (w_x00340) ×3']
Corin of the Needle: goal='Keep the household blankets in good order', knows=[], holds=['spark (w_x00341) ×6']
Tib of the Bellstand: goal='Hear news from your kin', knows=[], holds=['spark (w_x00342) ×4']
Colm the Lesser: goal='Enjoy a little peace in your neighbourhood', knows=[], holds=['spark (w_x00343) ×2']
Idonea Tarn: goal='Keep your clothes dry', knows=[], holds=['spark (w_x00344) ×3']
Havise of the Shambles: goal='Hear news from your kin', knows=[], holds=['spark (w_x00345) ×4']
Hamel Hawser: goal='Hear news from your kin', knows=[], holds=['spark (w_x00346) ×5']
Nan of the Gutter Steps: goal='Find somewhere you will be left alone', knows=[], holds=['spark (w_x00347) ×6']
Colm Upstream: goal="Get taken on for a day's work", knows=[], holds=['spark (w_x00348) ×7']
Mote Crake: goal='Find out how your neighbour is keeping', knows=[], holds=['spark (w_x00349) ×4']
Ewart Threefinger: goal='Hear news from your kin', knows=[], holds=['spark (w_x00350) ×6']
Cobb the Long: goal='Find a salve for your hands', knows=[], holds=['spark (w_x00351) ×2']
Dunstan Shortmeasure: goal='Find out how your neighbour is keeping', knows=[], holds=['spark (w_x00352) ×7']
Betriss of the Gutter Steps: goal='Hear news from your kin', knows=[], holds=['spark (w_x00353) ×7']
Nan Stott: goal='Hear news from your kin', knows=[], holds=['spark (w_x00354) ×5']
Ib Copp: goal='Enjoy a little peace in your neighbourhood', knows=[], holds=['spark (w_x00355) ×2']
Cobb Shortmeasure: goal='Replace your lost alms bowl', knows=[], holds=['spark (w_x00356) ×5']
Tobin Stott: goal='Share a memory of the street', knows=[], holds=['spark (w_x00357) ×3']
Jonet of the Tenters: goal='Find a salve for your hands', knows=[], holds=['spark (w_x00358) ×6']
Tib of the Low Bridge: goal='Share a memory of the street', knows=[], holds=['spark (w_x00359) ×4']
Rohese Ferrant: goal='Share a memory of the street', knows=[], holds=['spark (w_x00360) ×5']
Corin of Cinder Row: goal='Get the penny you were promised for the horse', knows=[], holds=['spark (w_x00361) ×6']
Dob Crake: goal='Enjoy a little peace in your neighbourhood', knows=[], holds=['spark (w_x00362) ×3']
Ewart Shortmeasure: goal='Find somewhere you will be left alone', knows=[], holds=['spark (w_x00363) ×6']
Mote Roper: goal='Enjoy a little peace in your neighbourhood', knows=[], holds=['spark (w_x00364) ×3']
Clemence Tarn: goal='Keep the household blankets in good order', knows=[], holds=['spark (w_x00365) ×3']
Ewart Dorn: goal='Enjoy a little peace in your neighbourhood', knows=[], holds=['spark (w_x00366) ×7']
Ede Nineteen: goal='Get your sleeping corner back', knows=[], holds=['spark (w_x00367) ×6']
Osanne Coldhands: goal='Keep your clothes dry', knows=[], holds=['spark (w_x00368) ×3']
Lise Latchkey: goal='Find a quiet frontage where you are welcome', knows=[], holds=['spark (w_x00369) ×2']
Ansel Hobbe: goal='Enjoy a little peace in your neighbourhood', knows=[], holds=['spark (w_x00370) ×4']
Noll Nineteen: goal='Keep your clothes dry', knows=[], holds=['spark (w_x00371) ×3']
Mote Crake: goal='Share a memory of the street', knows=[], holds=['spark (w_x00372) ×6']
Jos Nineteen: goal='Find a quiet frontage where you are welcome', knows=[], holds=['spark (w_x00373) ×5']
Tobin of Ostrelle: goal='Enjoy a little peace in your neighbourhood', knows=[], holds=['spark (w_x00374) ×6']
Nan of Cinder Row: goal='Hear news from your kin', knows=[], holds=['spark (w_x00375) ×5']
Ede of the Needle: goal='Find out how your neighbour is keeping', knows=[], holds=['spark (w_x00376) ×5']
Averil Hawser: goal='Enjoy a little peace in your neighbourhood', knows=[], holds=['spark (w_x00377) ×4']
Ansel Ashe: goal='Find a salve for your hands', knows=[], holds=['spark (w_x00378) ×6']
Noll of Ostrelle: goal='Keep your clothes dry', knows=[], holds=['spark (w_x00379) ×2']
Nan Quern: goal='Replace your lost alms bowl', knows=[], holds=['spark (w_x00380) ×3']
Bertran Scaffold: goal='Enjoy a little peace in your neighbourhood', knows=[], holds=['spark (w_x00381) ×7']
Mote Sparr: goal='Replace your lost alms bowl', knows=[], holds=['spark (w_x00382) ×3']
Ansel of Ostrelle: goal='Enjoy a little peace in your neighbourhood', knows=[], holds=['spark (w_x00383) ×6']
Corin Roper: goal='Find somewhere you will be left alone', knows=[], holds=['spark (w_x00384) ×2']
Ewart Marle: goal='Hear news from your kin', knows=[], holds=['spark (w_x00385) ×4']
Tobin Ashe: goal='Find out how your neighbour is keeping', knows=[], holds=['spark (w_x00386) ×3']
Petronel the Lesser: goal='Hear news from your kin', knows=[], holds=['spark (w_x00387) ×2']
Averil Hobbe: goal='Hear news from your kin', knows=[], holds=['spark (w_x00388) ×5']
Grigor the Long: goal='Find out how your neighbour is keeping', knows=[], holds=['spark (w_x00389) ×4']
Aldith Stott: goal='Share a memory of the street', knows=[], holds=['spark (w_x00390) ×6']
Jos Nineteen: goal='Hear news from your kin', knows=[], holds=['spark (w_x00391) ×3']
Tib Skell: goal='Enjoy a little peace in your neighbourhood', knows=[], holds=['spark (w_x00392) ×3']
Tib Sparr: goal='Keep the household blankets in good order', knows=[], holds=['spark (w_x00393) ×5']
Ede Hobbe: goal='Enjoy a little peace in your neighbourhood', knows=[], holds=['spark (w_x00394) ×2']
Hamel Ferrant: goal='Keep your clothes dry', knows=[], holds=['spark (w_x00395) ×7']
Ansel Alder: goal='Keep your clothes dry', knows=[], holds=['spark (w_x00396) ×3']
Segwin of the Shambles: goal="Get taken on for a day's work", knows=[], holds=['spark (w_x00397) ×6']
Jonet the Lesser: goal='Keep the household blankets in good order', knows=[], holds=['spark (w_x00398) ×5']
Idonea Nineteen: goal='Enjoy a little peace in your neighbourhood', knows=[], holds=['spark (w_x00399) ×7']
Dunstan Hobbe: goal='Keep your clothes dry', knows=[], holds=['spark (w_x00400) ×2']
Sibbe Latchkey: goal='Keep the household blankets in good order', knows=[], holds=['spark (w_x00401) ×4']
Betriss Alder: goal='Keep the household blankets in good order', knows=[], holds=['spark (w_x00402) ×4']
Osanne Pike: goal='Keep the household blankets in good order', knows=[], holds=['spark (w_x00403) ×2']
Sef Ashe: goal='Share a memory of the street', knows=[], holds=['spark (w_x00404) ×7']
Osanne Sparr: goal='Get the penny you were promised for the horse', knows=[], holds=['spark (w_x00405) ×5']
Hamel of the Gutter Steps: goal='Find out how your neighbour is keeping', knows=[], holds=['spark (w_x00406) ×2']
Betriss Brant: goal='Hear news from your kin', knows=[], holds=['spark (w_x00407) ×4']
Havise of Cinder Row: goal='Keep your clothes dry', knows=[], holds=['spark (w_x00408) ×6']
Corin Tarn: goal='Enjoy a little peace in your neighbourhood', knows=[], holds=['spark (w_x00409) ×3']
Gile Tarn: goal='Get the penny you were promised for the horse', knows=[], holds=['spark (w_x00410) ×5']
Colm Stott: goal='Hear news from your kin', knows=[], holds=['spark (w_x00411) ×6']
Dunstan Threefinger: goal='Keep your clothes dry', knows=[], holds=['spark (w_x00412) ×3']
Betriss Copp: goal='Find somewhere to dry your blanket', knows=[], holds=['spark (w_x00413) ×3']
Jonet Ferrant: goal='Share a memory of the street', knows=[], holds=['spark (w_x00414) ×4']
Sef Copp: goal='Hear news from your kin', knows=[], holds=['spark (w_x00415) ×5']
Jos Skell: goal='Find out how your neighbour is keeping', knows=[], holds=['spark (w_x00416) ×6']
Cobb Vell: goal='Enjoy a little peace in your neighbourhood', knows=[], holds=['spark (w_x00417) ×2']
Renn Hawser: goal='Share a memory of the street', knows=[], holds=['spark (w_x00418) ×3']
Sef Brant: goal='Share a memory of the street', knows=[], holds=['spark (w_x00419) ×6']
Betriss Ashe: goal='Keep the household blankets in good order', knows=[], holds=['spark (w_x00420) ×2']
Tib Stott: goal='Keep the household blankets in good order', knows=[], holds=['spark (w_x00421) ×2']
Sibbe of Ostrelle: goal='Keep the household blankets in good order', knows=[], holds=['spark (w_x00422) ×4']
Betriss Sparr: goal='Keep the household blankets in good order', knows=[], holds=['spark (w_x00423) ×3']
Jos Brant: goal='Keep the household blankets in good order', knows=[], holds=['spark (w_x00424) ×5']
Segwin Alder: goal='Keep your clothes dry', knows=[], holds=['spark (w_x00425) ×5']
Betriss Copp: goal="Get taken on for a day's work", knows=[], holds=['spark (w_x00426) ×4']
Mote Hawser: goal='Get your sleeping corner back', knows=[], holds=['spark (w_x00427) ×7']
Bertran Pike: goal='Find somewhere to dry your blanket', knows=[], holds=['spark (w_x00428) ×5']
Noll Marle: goal='Hear news from your kin', knows=[], holds=['spark (w_x00429) ×6']
Noll Ferrant: goal='Share a memory of the street', knows=[], holds=['spark (w_x00430) ×3']
Mote Stott: goal='Find out how your neighbour is keeping', knows=[], holds=['spark (w_x00431) ×2']
Dunstan Ashe: goal='Find out how your neighbour is keeping', knows=[], holds=['spark (w_x00432) ×4']
Petronel Ferrant: goal='Keep the household blankets in good order', knows=[], holds=['spark (w_x00433) ×2']
Aldith Copp: goal='Hear news from your kin', knows=[], holds=['spark (w_x00434) ×4']
Sef Skell: goal='Keep the household blankets in good order', knows=[], holds=['spark (w_x00435) ×3']
Averil of the Tenters: goal='Enjoy a little peace in your neighbourhood', knows=[], holds=['spark (w_x00436) ×4']
Ib of the Needle: goal='Get your sleeping corner back', knows=[], holds=['spark (w_x00437) ×6']
Ib Latchkey: goal="Get taken on for a day's work", knows=[], holds=['spark (w_x00438) ×4']
Jonet of the Shambles: goal='Keep your clothes dry', knows=[], holds=['spark (w_x00439) ×3']
Tobin Dorn: goal='Hear news from your kin', knows=[], holds=['spark (w_x00440) ×7']
Aldith Marle: goal='Hear news from your kin', knows=[], holds=['spark (w_x00441) ×7']
Mote Vell: goal='Share a memory of the street', knows=[], holds=['spark (w_x00442) ×2']
Grigor Hobbe: goal='Find out how your neighbour is keeping', knows=[], holds=['spark (w_x00443) ×5']
Tib Threefinger: goal='Share a memory of the street', knows=[], holds=['spark (w_x00444) ×6']
Lise Copp: goal='Beg or find a meal today', knows=[], holds=['spark (w_x00445) ×5']
Petronel Vell: goal='Keep your clothes dry', knows=[], holds=['spark (w_x00446) ×7']
Segwin Latchkey: goal='Keep your clothes dry', knows=[], holds=['spark (w_x00447) ×6']
Dob Copp: goal='Beg or find a meal today', knows=[], holds=['spark (w_x00448) ×5']
Segwin Nineteen: goal='Share a memory of the street', knows=[], holds=['spark (w_x00449) ×4']
Jonet Rasp: goal='Get the penny you were promised for the horse', knows=[], holds=['spark (w_x00450) ×4']
Aubin Salter: goal='Find somewhere you will be left alone', knows=[], holds=['spark (w_x00451) ×5']
Bertran Ferrant: goal='Keep your clothes dry', knows=[], holds=['spark (w_x00452) ×5']
Colm Hobbe: goal='Hear news from your kin', knows=[], holds=['spark (w_x00453) ×5']
Noll Rasp: goal='Find out how your neighbour is keeping', knows=[], holds=['spark (w_x00454) ×2']
Clemence Hawser: goal='Hear news from your kin', knows=[], holds=['spark (w_x00455) ×6']
Aldith Quern: goal='Enjoy a little peace in your neighbourhood', knows=[], holds=['spark (w_x00456) ×2']
Osanne Quern: goal='Enjoy a little peace in your neighbourhood', knows=[], holds=['spark (w_x00457) ×7']
Osanne the Long: goal='Keep your clothes dry', knows=[], holds=['spark (w_x00458) ×7']
Ansel Coldhands: goal='Hear news from your kin', knows=[], holds=['spark (w_x00459) ×3']
Havise of the Needle: goal='Keep your clothes dry', knows=[], holds=['spark (w_x00460) ×4']
Ede Hawser: goal='Replace your lost alms bowl', knows=[], holds=['spark (w_x00461) ×6']
Ansel Roper: goal='Keep the household blankets in good order', knows=[], holds=['spark (w_x00462) ×2']
Idonea Hawser: goal='Hear news from your kin', knows=[], holds=['spark (w_x00463) ×6']
Segwin Dorn: goal='Find a quiet frontage where you are welcome', knows=[], holds=['spark (w_x00464) ×3']
Mote Shortmeasure: goal='Enjoy a little peace in your neighbourhood', knows=[], holds=['spark (w_x00465) ×2']
Betriss Salter: goal='Share a memory of the street', knows=[], holds=['spark (w_x00466) ×2']
Noll Upstream: goal='Keep the household blankets in good order', knows=[], holds=['spark (w_x00467) ×4']
Jos Marle: goal='Find a quiet frontage where you are welcome', knows=[], holds=['spark (w_x00468) ×4']
Sibbe Skell: goal='Get your sleeping corner back', knows=[], holds=['spark (w_x00469) ×2']
Aldith Quern: goal='Find somewhere to dry your blanket', knows=[], holds=['spark (w_x00470) ×6']
Petronel Marle: goal='Find somewhere you will be left alone', knows=[], holds=['spark (w_x00471) ×5']
Ewart of the Tenters: goal='Find somewhere to dry your blanket', knows=[], holds=['spark (w_x00472) ×2']
Idonea Rasp: goal='Keep the household blankets in good order', knows=[], holds=['spark (w_x00473) ×2']
Petronel of the Tenters: goal='Share a memory of the street', knows=[], holds=['spark (w_x00474) ×5']
Havise of the Bellstand: goal='Hear news from your kin', knows=[], holds=['spark (w_x00475) ×6']
Ib Fitch: goal='Enjoy a little peace in your neighbourhood', knows=[], holds=['spark (w_x00476) ×3']
Sibbe Hawser: goal='Find out how your neighbour is keeping', knows=[], holds=['spark (w_x00477) ×3']
Idonea Quern: goal='Find a salve for your hands', knows=[], holds=['spark (w_x00478) ×2']
Dob Nineteen: goal='Hear news from your kin', knows=[], holds=['spark (w_x00479) ×6']
Renn Salter: goal='Enjoy a little peace in your neighbourhood', knows=[], holds=['spark (w_x00480) ×2']
Sibbe Hobbe: goal='Beg or find a meal today', knows=[], holds=['spark (w_x00481) ×5']
Grigor Stott: goal='Find somewhere you will be left alone', knows=[], holds=['spark (w_x00482) ×7']
Corin Brant: goal='Keep your clothes dry', knows=[], holds=['spark (w_x00483) ×6']
Sef of Cinder Row: goal='Enjoy a little peace in your neighbourhood', knows=[], holds=['spark (w_x00484) ×6']
Ewart Sparr: goal='Get the penny you were promised for the horse', knows=[], holds=['spark (w_x00485) ×4']
Betriss Hobbe: goal='Share a memory of the street', knows=[], holds=['spark (w_x00486) ×6']
Clemence of the Shambles: goal='Keep the household blankets in good order', knows=[], holds=['spark (w_x00487) ×6']
Nan Hobbe: goal='Enjoy a little peace in your neighbourhood', knows=[], holds=['spark (w_x00488) ×6']
Petronel Stott: goal='Keep the household blankets in good order', knows=[], holds=['spark (w_x00489) ×6']
Noll Tarn: goal='Keep the household blankets in good order', knows=[], holds=['spark (w_x00490) ×2']
Corin the Long: goal='Find out how your neighbour is keeping', knows=[], holds=['spark (w_x00491) ×2']
Gile Quern: goal='Find out how your neighbour is keeping', knows=[], holds=['spark (w_x00492) ×4']
Lise of the Needle: goal='Share a memory of the street', knows=[], holds=['spark (w_x00493) ×3']
Ewart Tarn: goal='Replace your lost alms bowl', knows=[], holds=['spark (w_x00494) ×7']
Petronel Hawser: goal='Hear news from your kin', knows=[], holds=['spark (w_x00495) ×5']
Corin of the Needle: goal='Enjoy a little peace in your neighbourhood', knows=[], holds=['spark (w_x00496) ×7']
Aldith of the Tenters: goal='Hear news from your kin', knows=[], holds=['spark (w_x00497) ×2']
Ib Shortmeasure: goal='Share a memory of the street', knows=[], holds=['spark (w_x00498) ×3']
Mote Skell: goal='Keep the household blankets in good order', knows=[], holds=['spark (w_x00499) ×7']
Clemence Crake: goal='Find out how your neighbour is keeping', knows=[], holds=['spark (w_x00500) ×5']
Osanne Upstream: goal='Share a memory of the street', knows=[], holds=['spark (w_x00501) ×6']
Tib Fitch: goal='Find out how your neighbour is keeping', knows=[], holds=['spark (w_x00502) ×2']
Renn Rasp: goal='Keep the household blankets in good order', knows=[], holds=['spark (w_x00503) ×3']
Gile of Ostrelle: goal='Hear news from your kin', knows=[], holds=['spark (w_x00504) ×2']
Gile Threefinger: goal='Get your sleeping corner back', knows=[], holds=['spark (w_x00505) ×7']
Tobin of Ostrelle: goal='Find somewhere to dry your blanket', knows=[], holds=['spark (w_x00506) ×6']
Betriss Upstream: goal='Share a memory of the street', knows=[], holds=['spark (w_x00507) ×3']
Renn Wetalms: goal='Keep your clothes dry', knows=[], holds=['spark (w_x00508) ×5']
Ewart Skell: goal='Find a salve for your hands', knows=[], holds=['spark (w_x00509) ×4']
Betriss Hobbe: goal='Find something to put on your feet', knows=[], holds=['spark (w_x00510) ×7']
Ewart Vell: goal='Find out how your neighbour is keeping', knows=[], holds=['spark (w_x00511) ×2']
Petronel Roper: goal='Enjoy a little peace in your neighbourhood', knows=[], holds=['spark (w_x00512) ×3']
Averil Crake: goal='Enjoy a little peace in your neighbourhood', knows=[], holds=['spark (w_x00513) ×6']
Aubin Salter: goal='Beg or find a meal today', knows=[], holds=['spark (w_x00514) ×4']
Lise Sparr: goal='Find something to put on your feet', knows=[], holds=['spark (w_x00515) ×4']
Cobb Sparr: goal='Enjoy a little peace in your neighbourhood', knows=[], holds=['spark (w_x00516) ×2']
Havise Ashe: goal='Find somewhere to dry your blanket', knows=[], holds=['spark (w_x00517) ×6']
Segwin Nineteen: goal='Find out how your neighbour is keeping', knows=[], holds=['spark (w_x00518) ×7']
Dunstan the Lesser: goal='Get your sleeping corner back', knows=[], holds=['spark (w_x00519) ×7']
Dunstan Sparr: goal='Keep your clothes dry', knows=[], holds=['spark (w_x00520) ×7']
Ewart Marle: goal='Hear news from your kin', knows=[], holds=['spark (w_x00521) ×7']
Petronel Wetalms: goal='Keep the household blankets in good order', knows=[], holds=['spark (w_x00522) ×7']
Clemence of the Tenters: goal='Share a memory of the street', knows=[], holds=['spark (w_x00523) ×5']
Jos of the Gutter Steps: goal='Hear news from your kin', knows=[], holds=['spark (w_x00524) ×4']
Mote of the Shambles: goal='Hear news from your kin', knows=[], holds=['spark (w_x00525) ×4']
Idonea of the Slip: goal='Find something to put on your feet', knows=[], holds=['spark (w_x00526) ×6']
Idonea Brant: goal='Get your sleeping corner back', knows=[], holds=['spark (w_x00527) ×3']
Lise Shortmeasure: goal='Find a salve for your hands', knows=[], holds=['spark (w_x00528) ×4']
Jos of the Slip: goal='Enjoy a little peace in your neighbourhood', knows=[], holds=['spark (w_x00529) ×7']
Sibbe Stott: goal="Get taken on for a day's work", knows=[], holds=['spark (w_x00530) ×5']
Mote Upstream: goal='Keep your clothes dry', knows=[], holds=['spark (w_x00531) ×3']
Sef Hobbe: goal='Find somewhere to dry your blanket', knows=[], holds=['spark (w_x00532) ×4']
Mote Coldhands: goal='Keep the household blankets in good order', knows=[], holds=['spark (w_x00533) ×7']
Petronel Coldhands: goal='Enjoy a little peace in your neighbourhood', knows=[], holds=['spark (w_x00534) ×4']
Colm Sparr: goal='Hear news from your kin', knows=[], holds=['spark (w_x00535) ×5']
Corin Nineteen: goal='Hear news from your kin', knows=[], holds=['spark (w_x00536) ×4']
Havise Ashe: goal='Enjoy a little peace in your neighbourhood', knows=[], holds=['spark (w_x00537) ×3']
Sibbe of the Low Bridge: goal='Enjoy a little peace in your neighbourhood', knows=[], holds=['spark (w_x00538) ×3']
Mote Coldhands: goal='Find a quiet frontage where you are welcome', knows=[], holds=['spark (w_x00539) ×3']
Pin Quern: goal='Hear news from your kin', knows=[], holds=['spark (w_x00540) ×3']
Lise Vell: goal='Find out how your neighbour is keeping', knows=[], holds=['spark (w_x00541) ×6']
Mote Tarn: goal='Keep the household blankets in good order', knows=[], holds=['spark (w_x00542) ×7']
Rohese Threefinger: goal='Find something to put on your feet', knows=[], holds=['spark (w_x00543) ×3']
Sibbe Tarn: goal='Enjoy a little peace in your neighbourhood', knows=[], holds=['spark (w_x00544) ×4']
Grigor of Cinder Row: goal='Find somewhere you will be left alone', knows=[], holds=['spark (w_x00545) ×2']
Rohese Sparr: goal='Find out how your neighbour is keeping', knows=[], holds=['spark (w_x00546) ×4']
Lise Quern: goal='Keep the household blankets in good order', knows=[], holds=['spark (w_x00547) ×5']
Pin Brant: goal='Share a memory of the street', knows=[], holds=['spark (w_x00548) ×7']
Jos Skell: goal='Share a memory of the street', knows=[], holds=['spark (w_x00549) ×2']
Bertran Ferrant: goal='Get your sleeping corner back', knows=[], holds=['spark (w_x00550) ×2']
Renn Hawser: goal='Hear news from your kin', knows=[], holds=['spark (w_x00551) ×2']
Averil Upstream: goal='Hear news from your kin', knows=[], holds=['spark (w_x00552) ×7']
Nan Vell: goal='Hear news from your kin', knows=[], holds=['spark (w_x00553) ×2']
Dunstan Roper: goal='Keep the household blankets in good order', knows=[], holds=['spark (w_x00554) ×4']
Ewart Marle: goal='Find a quiet frontage where you are welcome', knows=[], holds=['spark (w_x00555) ×5']
Lise of the Bellstand: goal='Beg or find a meal today', knows=[], holds=['spark (w_x00556) ×2']
Jos Sparr: goal='Enjoy a little peace in your neighbourhood', knows=[], holds=['spark (w_x00557) ×2']
Tobin Roper: goal='Get your sleeping corner back', knows=[], holds=['spark (w_x00558) ×3']
Dunstan Salter: goal='Keep your clothes dry', knows=[], holds=['spark (w_x00559) ×2']
Rohese Shortmeasure: goal='Hear news from your kin', knows=[], holds=['spark (w_x00560) ×6']
Hamel Ferrant: goal='Share a memory of the street', knows=[], holds=['spark (w_x00561) ×7']
Bertran Scaffold: goal='Share a memory of the street', knows=[], holds=['spark (w_x00562) ×3']
Ede Roper: goal='Find somewhere you will be left alone', knows=[], holds=['spark (w_x00563) ×2']
Dunstan Ashe: goal='Keep the household blankets in good order', knows=[], holds=['spark (w_x00564) ×7']
Tobin Nineteen: goal='Hear news from your kin', knows=[], holds=['spark (w_x00565) ×7']
Mote of the Low Bridge: goal='Keep your clothes dry', knows=[], holds=['spark (w_x00566) ×2']
Gile Ashe: goal='Find a quiet frontage where you are welcome', knows=[], holds=['spark (w_x00567) ×6']
Averil Copp: goal='Enjoy a little peace in your neighbourhood', knows=[], holds=['spark (w_x00568) ×7']
Aubin Roper: goal='Share a memory of the street', knows=[], holds=['spark (w_x00569) ×3']
Segwin Roper: goal='Enjoy a little peace in your neighbourhood', knows=[], holds=['spark (w_x00570) ×4']
Colm Vell: goal='Keep your clothes dry', knows=[], holds=['spark (w_x00571) ×6']
Segwin Sparr: goal='Share a memory of the street', knows=[], holds=['spark (w_x00572) ×3']
Ib Copp: goal='Find a salve for your hands', knows=[], holds=['spark (w_x00573) ×7']
Lise Copp: goal='Share a memory of the street', knows=[], holds=['spark (w_x00574) ×3']
Renn Alder: goal='Find out how your neighbour is keeping', knows=[], holds=['spark (w_x00575) ×6']
Grigor of the Needle: goal='Enjoy a little peace in your neighbourhood', knows=[], holds=['spark (w_x00576) ×4']
Colm of Cinder Row: goal='Hear news from your kin', knows=[], holds=['spark (w_x00577) ×6']
Tobin Scaffold: goal='Enjoy a little peace in your neighbourhood', knows=[], holds=['spark (w_x00578) ×3']
Petronel Hawser: goal='Find a salve for your hands', knows=[], holds=['spark (w_x00579) ×4']
Betriss Nineteen: goal='Find somewhere to dry your blanket', knows=[], holds=['spark (w_x00580) ×2']
Havise Shortmeasure: goal='Find out how your neighbour is keeping', knows=[], holds=['spark (w_x00581) ×3']
Nan Salter: goal='Share a memory of the street', knows=[], holds=['spark (w_x00582) ×3']
Noll Ferrant: goal='Find a salve for your hands', knows=[], holds=['spark (w_x00583) ×6']
Dob Fitch: goal='Hear news from your kin', knows=[], holds=['spark (w_x00584) ×5']
Ansel Coldhands: goal='Keep the household blankets in good order', knows=[], holds=['spark (w_x00585) ×7']
Jos the Long: goal='Find out how your neighbour is keeping', knows=[], holds=['spark (w_x00586) ×2']
Jos Hobbe: goal='Keep your clothes dry', knows=[], holds=['spark (w_x00587) ×6']
Bertran of the Bellstand: goal='Share a memory of the street', knows=[], holds=['spark (w_x00588) ×5']
Pin Sparr: goal="Get taken on for a day's work", knows=[], holds=['spark (w_x00589) ×3']
Corin Skell: goal='Find something to put on your feet', knows=[], holds=['spark (w_x00590) ×3']
Cobb Alder: goal='Keep the household blankets in good order', knows=[], holds=['spark (w_x00591) ×5']
Mote of the Gutter Steps: goal='Keep the household blankets in good order', knows=[], holds=['spark (w_x00592) ×4']
Averil Skell: goal='Share a memory of the street', knows=[], holds=['spark (w_x00593) ×4']
Lise Hobbe: goal='Keep your clothes dry', knows=[], holds=['spark (w_x00594) ×5']
Aubin the Long: goal='Find somewhere to dry your blanket', knows=[], holds=['spark (w_x00595) ×6']
Averil Coldhands: goal='Find a quiet frontage where you are welcome', knows=[], holds=['spark (w_x00596) ×5']
Ede Nineteen: goal='Find out how your neighbour is keeping', knows=[], holds=['spark (w_x00597) ×3']
Tobin of the Needle: goal='Replace your lost alms bowl', knows=[], holds=['spark (w_x00598) ×5']
Aldith Stott: goal='Find a quiet frontage where you are welcome', knows=[], holds=['spark (w_x00599) ×2']
Ansel Crake: goal='Hear news from your kin', knows=[], holds=['spark (w_x00600) ×3']
Bertran Hawser: goal='Share a memory of the street', knows=[], holds=['spark (w_x00601) ×4']
Ib Quern: goal='Hear news from your kin', knows=[], holds=['spark (w_x00602) ×2']
Corin of the Needle: goal='Enjoy a little peace in your neighbourhood', knows=[], holds=['spark (w_x00603) ×4']
Rohese Scaffold: goal='Keep your clothes dry', knows=[], holds=['spark (w_x00604) ×3']
Havise Threefinger: goal='Find somewhere you will be left alone', knows=[], holds=['spark (w_x00605) ×3']
Segwin Marle: goal='Hear news from your kin', knows=[], holds=['spark (w_x00606) ×7']
Aldith the Long: goal='Beg or find a meal today', knows=[], holds=['spark (w_x00607) ×7']
Averil Stott: goal='Get your sleeping corner back', knows=[], holds=['spark (w_x00608) ×5']
Dunstan Pike: goal='Hear news from your kin', knows=[], holds=['spark (w_x00609) ×2']
Betriss Fitch: goal='Keep your clothes dry', knows=[], holds=['spark (w_x00610) ×7']
Gile Sparr: goal='Find out how your neighbour is keeping', knows=[], holds=['spark (w_x00611) ×2']
Ewart Ferrant: goal='Hear news from your kin', knows=[], holds=['spark (w_x00612) ×6']
Segwin Marle: goal='Find out how your neighbour is keeping', knows=[], holds=['spark (w_x00613) ×4']
Mote Alder: goal='Keep your clothes dry', knows=[], holds=['spark (w_x00614) ×6']
Tobin Rasp: goal='Keep the household blankets in good order', knows=[], holds=['spark (w_x00615) ×2']
Cobb Quern: goal='Keep your clothes dry', knows=[], holds=['spark (w_x00616) ×2']
Jos Roper: goal='Keep your clothes dry', knows=[], holds=['spark (w_x00617) ×6']
Ansel Tarn: goal='Find a salve for your hands', knows=[], holds=['spark (w_x00618) ×6']
Rohese Vell: goal='Keep the household blankets in good order', knows=[], holds=['spark (w_x00619) ×4']
Osanne the Long: goal='Keep your clothes dry', knows=[], holds=['spark (w_x00620) ×7']
Jonet of the Bellstand: goal='Hear news from your kin', knows=[], holds=['spark (w_x00621) ×2']
Clemence Ferrant: goal='Get your sleeping corner back', knows=[], holds=['spark (w_x00622) ×4']
Bertran Rasp: goal='Share a memory of the street', knows=[], holds=['spark (w_x00623) ×3']
Lise of Ostrelle: goal='Find out how your neighbour is keeping', knows=[], holds=['spark (w_x00624) ×6']
Nan Ashe: goal='Share a memory of the street', knows=[], holds=['spark (w_x00625) ×4']
Rohese Coldhands: goal='Share a memory of the street', knows=[], holds=['spark (w_x00626) ×6']
Jos Copp: goal='Find out how your neighbour is keeping', knows=[], holds=['spark (w_x00627) ×6']
Lise Coldhands: goal='Find somewhere to dry your blanket', knows=[], holds=['spark (w_x00628) ×7']
Havise Marle: goal='Share a memory of the street', knows=[], holds=['spark (w_x00629) ×6']
Osanne Ferrant: goal='Enjoy a little peace in your neighbourhood', knows=[], holds=['spark (w_x00630) ×7']
Petronel Skell: goal='Find out how your neighbour is keeping', knows=[], holds=['spark (w_x00631) ×5']
Sef the Lesser: goal='Hear news from your kin', knows=[], holds=['spark (w_x00632) ×7']
Jonet Threefinger: goal='Hear news from your kin', knows=[], holds=['spark (w_x00633) ×4']
Aldith Quern: goal='Keep the household blankets in good order', knows=[], holds=['spark (w_x00634) ×3']
Ede of the Needle: goal='Enjoy a little peace in your neighbourhood', knows=[], holds=['spark (w_x00635) ×6']
Renn Skell: goal='Share a memory of the street', knows=[], holds=['spark (w_x00636) ×5']
Osanne of Cinder Row: goal='Hear news from your kin', knows=[], holds=['spark (w_x00637) ×5']
Tobin of the Slip: goal='Find somewhere you will be left alone', knows=[], holds=['spark (w_x00638) ×3']
Rohese Ferrant: goal='Find out how your neighbour is keeping', knows=[], holds=['spark (w_x00639) ×4']
Sef of the Slip: goal='Hear news from your kin', knows=[], holds=['spark (w_x00640) ×6']
Lise Tarn: goal='Find somewhere you will be left alone', knows=[], holds=['spark (w_x00641) ×4']
Dob Vell: goal='Share a memory of the street', knows=[], holds=['spark (w_x00642) ×7']
Corin Marle: goal='Share a memory of the street', knows=[], holds=['spark (w_x00643) ×5']
Hamel of the Gutter Steps: goal='Hear news from your kin', knows=[], holds=['spark (w_x00644) ×3']
Dob Nineteen: goal='Find something to put on your feet', knows=[], holds=['spark (w_x00645) ×3']
Gile Skell: goal='Find out how your neighbour is keeping', knows=[], holds=['spark (w_x00646) ×5']
Havise Roper: goal='Get the penny you were promised for the horse', knows=[], holds=['spark (w_x00647) ×2']
Corin Upstream: goal='Find out how your neighbour is keeping', knows=[], holds=['spark (w_x00648) ×6']
Aldith the Long: goal='Share a memory of the street', knows=[], holds=['spark (w_x00649) ×5']
Ansel Rasp: goal='Hear news from your kin', knows=[], holds=['spark (w_x00650) ×5']
Segwin of Ostrelle: goal='Find a quiet frontage where you are welcome', knows=[], holds=['spark (w_x00651) ×3']
Mote Marle: goal='Find out how your neighbour is keeping', knows=[], holds=['spark (w_x00652) ×7']
Tib of Cinder Row: goal='Keep the household blankets in good order', knows=[], holds=['spark (w_x00653) ×2']
Ib Ferrant: goal='Share a memory of the street', knows=[], holds=['spark (w_x00654) ×2']
Clemence of the Tenters: goal='Find a salve for your hands', knows=[], holds=['spark (w_x00655) ×6']
Noll Brant: goal='Find somewhere to dry your blanket', knows=[], holds=['spark (w_x00656) ×6']
Dunstan Stott: goal='Keep the household blankets in good order', knows=[], holds=['spark (w_x00657) ×4']
Mote Alder: goal="Get taken on for a day's work", knows=[], holds=['spark (w_x00658) ×2']
Corin Threefinger: goal='Keep the household blankets in good order', knows=[], holds=['spark (w_x00659) ×6']
Ewart Nineteen: goal='Keep your clothes dry', knows=[], holds=['spark (w_x00660) ×4']
Idonea of the Bellstand: goal='Hear news from your kin', knows=[], holds=['spark (w_x00661) ×4']
Segwin Scaffold: goal='Keep your clothes dry', knows=[], holds=['spark (w_x00662) ×5']
Petronel Latchkey: goal='Hear news from your kin', knows=[], holds=['spark (w_x00663) ×7']
Nan of the Low Bridge: goal='Get your sleeping corner back', knows=[], holds=['spark (w_x00664) ×6']
Averil Latchkey: goal='Keep the household blankets in good order', knows=[], holds=['spark (w_x00665) ×3']
Nan Dorn: goal='Hear news from your kin', knows=[], holds=['spark (w_x00666) ×6']
Corin Quern: goal='Keep the household blankets in good order', knows=[], holds=['spark (w_x00667) ×7']
Jonet Wetalms: goal='Share a memory of the street', knows=[], holds=['spark (w_x00668) ×3']
Averil of Ostrelle: goal='Enjoy a little peace in your neighbourhood', knows=[], holds=['spark (w_x00669) ×5']
Sibbe Ashe: goal='Keep your clothes dry', knows=[], holds=['spark (w_x00670) ×5']
Renn of the Tenters: goal='Keep your clothes dry', knows=[], holds=['spark (w_x00671) ×7']
Osanne Hobbe: goal='Find out how your neighbour is keeping', knows=[], holds=['spark (w_x00672) ×2']
Pin Hobbe: goal='Enjoy a little peace in your neighbourhood', knows=[], holds=['spark (w_x00673) ×6']
Hamel of the Tenters: goal='Find out how your neighbour is keeping', knows=[], holds=['spark (w_x00674) ×2']
Mote Vell: goal='Enjoy a little peace in your neighbourhood', knows=[], holds=['spark (w_x00675) ×4']
Grigor of the Tenters: goal='Keep your clothes dry', knows=[], holds=['spark (w_x00676) ×4']
Jos Dorn: goal='Find a quiet frontage where you are welcome', knows=[], holds=['spark (w_x00677) ×7']
Sibbe Coldhands: goal='Hear news from your kin', knows=[], holds=['spark (w_x00678) ×2']
Sibbe of the Needle: goal='Keep the household blankets in good order', knows=[], holds=['spark (w_x00679) ×4']
Havise Latchkey: goal='Find a quiet frontage where you are welcome', knows=[], holds=['spark (w_x00680) ×6']
Dunstan of Ostrelle: goal='Find a salve for your hands', knows=[], holds=['spark (w_x00681) ×3']
Osanne Hobbe: goal='Enjoy a little peace in your neighbourhood', knows=[], holds=['spark (w_x00682) ×4']
Havise Sparr: goal='Get your sleeping corner back', knows=[], holds=['spark (w_x00683) ×6']
Tobin Rasp: goal='Keep your clothes dry', knows=[], holds=['spark (w_x00684) ×5']
Jos Rasp: goal='Find out how your neighbour is keeping', knows=[], holds=['spark (w_x00685) ×6']
Petronel Ferrant: goal='Enjoy a little peace in your neighbourhood', knows=[], holds=['spark (w_x00686) ×3']
Petronel the Long: goal='Enjoy a little peace in your neighbourhood', knows=[], holds=['spark (w_x00687) ×5']
Averil Brant: goal='Keep the household blankets in good order', knows=[], holds=['spark (w_x00688) ×4']
Ansel Wetalms: goal='Find out how your neighbour is keeping', knows=[], holds=['spark (w_x00689) ×4']
Sibbe of Cinder Row: goal='Keep your clothes dry', knows=[], holds=['spark (w_x00690) ×5']
Clemence Pike: goal='Hear news from your kin', knows=[], holds=['spark (w_x00691) ×7']
Mote Brant: goal='Keep the household blankets in good order', knows=[], holds=['spark (w_x00692) ×6']
Colm Dorn: goal='Enjoy a little peace in your neighbourhood', knows=[], holds=['spark (w_x00693) ×7']
Segwin Hobbe: goal='Find out how your neighbour is keeping', knows=[], holds=['spark (w_x00694) ×7']
Gile of the Needle: goal='Enjoy a little peace in your neighbourhood', knows=[], holds=['spark (w_x00695) ×5']
Gile Tarn: goal='Find somewhere you will be left alone', knows=[], holds=['spark (w_x00696) ×2']
Noll Ferrant: goal='Replace your lost alms bowl', knows=[], holds=['spark (w_x00697) ×5']
Averil Coldhands: goal='Enjoy a little peace in your neighbourhood', knows=[], holds=['spark (w_x00698) ×6']
Tib Skell: goal='Share a memory of the street', knows=[], holds=['spark (w_x00699) ×2']
Cobb the Lesser: goal='Share a memory of the street', knows=[], holds=['spark (w_x00700) ×4']
Cobb Dorn: goal='Keep your clothes dry', knows=[], holds=['spark (w_x00701) ×4']
Mote of the Low Bridge: goal='Keep your clothes dry', knows=[], holds=['spark (w_x00702) ×3']
Segwin Rasp: goal='Keep your clothes dry', knows=[], holds=['spark (w_x00703) ×4']
Ib the Long: goal='Find out how your neighbour is keeping', knows=[], holds=['spark (w_x00704) ×4']
Havise Alder: goal='Hear news from your kin', knows=[], holds=['spark (w_x00705) ×6']
Ansel Wetalms: goal='Find somewhere you will be left alone', knows=[], holds=['spark (w_x00706) ×2']
Petronel Ashe: goal='Share a memory of the street', knows=[], holds=['spark (w_x00707) ×2']
Hamel Skell: goal='Enjoy a little peace in your neighbourhood', knows=[], holds=['spark (w_x00708) ×6']
Corin Stott: goal='Enjoy a little peace in your neighbourhood', knows=[], holds=['spark (w_x00709) ×2']
Lise Stott: goal='Share a memory of the street', knows=[], holds=['spark (w_x00710) ×5']
Segwin of the Shambles: goal="Get taken on for a day's work", knows=[], holds=['spark (w_x00711) ×6']
Mote Threefinger: goal='Enjoy a little peace in your neighbourhood', knows=[], holds=['spark (w_x00712) ×2']
Ansel of the Tenters: goal='Enjoy a little peace in your neighbourhood', knows=[], holds=['spark (w_x00713) ×3']
Aldith of the Tenters: goal='Enjoy a little peace in your neighbourhood', knows=[], holds=['spark (w_x00714) ×5']
Bertran Skell: goal='Find out how your neighbour is keeping', knows=[], holds=['spark (w_x00715) ×6']
Pin Rasp: goal='Find something to put on your feet', knows=[], holds=['spark (w_x00716) ×3']
Rohese Salter: goal='Enjoy a little peace in your neighbourhood', knows=[], holds=['spark (w_x00717) ×6']
Ede the Long: goal='Keep the household blankets in good order', knows=[], holds=['spark (w_x00718) ×7']
Colm Wetalms: goal='Share a memory of the street', knows=[], holds=['spark (w_x00719) ×5']
Gile Scaffold: goal='Beg or find a meal today', knows=[], holds=['spark (w_x00720) ×4']
Nan Scaffold: goal='Keep your clothes dry', knows=[], holds=['spark (w_x00721) ×2']
Renn Pike: goal='Keep the household blankets in good order', knows=[], holds=['spark (w_x00722) ×3']
Nan Brant: goal='Beg or find a meal today', knows=[], holds=['spark (w_x00723) ×4']
Bertran Copp: goal='Beg or find a meal today', knows=[], holds=['spark (w_x00724) ×2']
Gile of the Needle: goal='Enjoy a little peace in your neighbourhood', knows=[], holds=['spark (w_x00725) ×6']
Noll of Cinder Row: goal='Keep your clothes dry', knows=[], holds=['spark (w_x00726) ×7']
Dunstan Marle: goal='Share a memory of the street', knows=[], holds=['spark (w_x00727) ×6']
Pin of Cinder Row: goal='Find something to put on your feet', knows=[], holds=['spark (w_x00728) ×3']
Segwin Vell: goal='Find somewhere you will be left alone', knows=[], holds=['spark (w_x00729) ×2']
Havise Latchkey: goal='Get the penny you were promised for the horse', knows=[], holds=['spark (w_x00730) ×4']
Averil Salter: goal='Hear news from your kin', knows=[], holds=['spark (w_x00731) ×5']
Nan Nineteen: goal='Share a memory of the street', knows=[], holds=['spark (w_x00732) ×2']
Bertran Salter: goal='Hear news from your kin', knows=[], holds=['spark (w_x00733) ×3']
Aldith Sparr: goal='Find out how your neighbour is keeping', knows=[], holds=['spark (w_x00734) ×7']
Ansel of the Low Bridge: goal='Find something to put on your feet', knows=[], holds=['spark (w_x00735) ×6']
Ede Tarn: goal='Hear news from your kin', knows=[], holds=['spark (w_x00736) ×5']
Aubin Hobbe: goal='Find out how your neighbour is keeping', knows=[], holds=['spark (w_x00737) ×3']
Jos of the Bellstand: goal='Keep your clothes dry', knows=[], holds=['spark (w_x00738) ×6']
Tobin Rasp: goal='Get the penny you were promised for the horse', knows=[], holds=['spark (w_x00739) ×5']
Sef Roper: goal='Keep the household blankets in good order', knows=[], holds=['spark (w_x00740) ×2']
Ib Copp: goal='Keep your clothes dry', knows=[], holds=['spark (w_x00741) ×6']
Sef Pike: goal='Find somewhere you will be left alone', knows=[], holds=['spark (w_x00742) ×7']
Noll the Long: goal='Find a quiet frontage where you are welcome', knows=[], holds=['spark (w_x00743) ×4']
Betriss Alder: goal='Find out how your neighbour is keeping', knows=[], holds=['spark (w_x00744) ×4']
Sibbe Vell: goal='Hear news from your kin', knows=[], holds=['spark (w_x00745) ×3']
Ewart Brant: goal='Enjoy a little peace in your neighbourhood', knows=[], holds=['spark (w_x00746) ×5']
Noll the Long: goal='Keep your clothes dry', knows=[], holds=['spark (w_x00747) ×5']
Idonea Hobbe: goal='Find something to put on your feet', knows=[], holds=['spark (w_x00748) ×6']
Cobb Vell: goal='Enjoy a little peace in your neighbourhood', knows=[], holds=['spark (w_x00749) ×5']
Aubin Vell: goal='Share a memory of the street', knows=[], holds=['spark (w_x00750) ×2']
Aubin Brant: goal='Keep your clothes dry', knows=[], holds=['spark (w_x00751) ×6']
Mote of Ostrelle: goal='Share a memory of the street', knows=[], holds=['spark (w_x00752) ×5']
Betriss of Cinder Row: goal='Keep your clothes dry', knows=[], holds=['spark (w_x00753) ×6']
Ede Skell: goal='Share a memory of the street', knows=[], holds=['spark (w_x00754) ×2']
Sibbe Crake: goal='Find out how your neighbour is keeping', knows=[], holds=['spark (w_x00755) ×7']
Jos Wetalms: goal='Enjoy a little peace in your neighbourhood', knows=[], holds=['spark (w_x00756) ×4']
Corin Crake: goal='Hear news from your kin', knows=[], holds=['spark (w_x00757) ×2']
Idonea of the Low Bridge: goal='Beg or find a meal today', knows=[], holds=['spark (w_x00758) ×3']
Tib Shortmeasure: goal='Share a memory of the street', knows=[], holds=['spark (w_x00759) ×4']
Sibbe Upstream: goal='Keep your clothes dry', knows=[], holds=['spark (w_x00760) ×5']
Ansel Ferrant: goal='Hear news from your kin', knows=[], holds=['spark (w_x00761) ×3']
Lise Hawser: goal="Get taken on for a day's work", knows=[], holds=['spark (w_x00762) ×4']
Noll Scaffold: goal='Keep the household blankets in good order', knows=[], holds=['spark (w_x00763) ×6']
Cobb of Cinder Row: goal='Keep the household blankets in good order', knows=[], holds=['spark (w_x00764) ×3']
Sibbe Quern: goal='Enjoy a little peace in your neighbourhood', knows=[], holds=['spark (w_x00765) ×4']
Aubin Wetalms: goal='Keep your clothes dry', knows=[], holds=['spark (w_x00766) ×4']
Ansel Sparr: goal='Find out how your neighbour is keeping', knows=[], holds=['spark (w_x00767) ×3']
Bertran Coldhands: goal='Find out how your neighbour is keeping', knows=[], holds=['spark (w_x00768) ×3']
Ewart Hawser: goal='Find a quiet frontage where you are welcome', knows=[], holds=['spark (w_x00769) ×4']
Mote of Ostrelle: goal='Keep the household blankets in good order', knows=[], holds=['spark (w_x00770) ×7']
Petronel Brant: goal='Keep your clothes dry', knows=[], holds=['spark (w_x00771) ×7']
Lise Upstream: goal='Beg or find a meal today', knows=[], holds=['spark (w_x00772) ×7']
Idonea Brant: goal='Keep your clothes dry', knows=[], holds=['spark (w_x00773) ×5']
Idonea Threefinger: goal='Enjoy a little peace in your neighbourhood', knows=[], holds=['spark (w_x00774) ×6']
Mote of the Low Bridge: goal='Find something to put on your feet', knows=[], holds=['spark (w_x00775) ×4']
Mote of the Gutter Steps: goal='Hear news from your kin', knows=[], holds=['spark (w_x00776) ×4']
Nan Tarn: goal='Find somewhere to dry your blanket', knows=[], holds=['spark (w_x00777) ×7']
Mote Shortmeasure: goal='Find somewhere you will be left alone', knows=[], holds=['spark (w_x00778) ×7']
Aubin Coldhands: goal='Keep your clothes dry', knows=[], holds=['spark (w_x00779) ×4']
Jos Quern: goal='Enjoy a little peace in your neighbourhood', knows=[], holds=['spark (w_x00780) ×7']
Noll Wetalms: goal='Hear news from your kin', knows=[], holds=['spark (w_x00781) ×4']
Tobin Upstream: goal='Keep the household blankets in good order', knows=[], holds=['spark (w_x00782) ×5']
Gile Coldhands: goal='Keep your clothes dry', knows=[], holds=['spark (w_x00783) ×6']
Dunstan Marle: goal='Keep the household blankets in good order', knows=[], holds=['spark (w_x00784) ×5']
Averil the Long: goal='Replace your lost alms bowl', knows=[], holds=['spark (w_x00785) ×6']
Havise of the Tenters: goal='Beg or find a meal today', knows=[], holds=['spark (w_x00786) ×7']
Ansel Roper: goal='Enjoy a little peace in your neighbourhood', knows=[], holds=['spark (w_x00787) ×2']
Sef Nineteen: goal='Hear news from your kin', knows=[], holds=['spark (w_x00788) ×5']
Idonea of the Tenters: goal='Get the penny you were promised for the horse', knows=[], holds=['spark (w_x00789) ×7']
Osanne Vell: goal='Enjoy a little peace in your neighbourhood', knows=[], holds=['spark (w_x00790) ×7']
Renn of the Bellstand: goal='Hear news from your kin', knows=[], holds=['spark (w_x00791) ×5']
Bertran Salter: goal='Find something to put on your feet', knows=[], holds=['spark (w_x00792) ×6']
Segwin Skell: goal='Find a quiet frontage where you are welcome', knows=[], holds=['spark (w_x00793) ×4']
Bertran Ashe: goal='Get your sleeping corner back', knows=[], holds=['spark (w_x00794) ×3']
Averil Stott: goal='Keep your clothes dry', knows=[], holds=['spark (w_x00795) ×3']
Havise of the Tenters: goal='Keep the household blankets in good order', knows=[], holds=['spark (w_x00796) ×7']
Havise Roper: goal='Share a memory of the street', knows=[], holds=['spark (w_x00797) ×3']
Noll of the Tenters: goal='Hear news from your kin', knows=[], holds=['spark (w_x00798) ×5']
Idonea Pike: goal='Get your sleeping corner back', knows=[], holds=['spark (w_x00799) ×4']
Clemence Skell: goal='Keep the household blankets in good order', knows=[], holds=['spark (w_x00800) ×2']
Betriss Roper: goal='Replace your lost alms bowl', knows=[], holds=['spark (w_x00801) ×2']
Osanne Copp: goal='Get your sleeping corner back', knows=[], holds=['spark (w_x00802) ×4']
Petronel Stott: goal='Enjoy a little peace in your neighbourhood', knows=[], holds=['spark (w_x00803) ×5']
Aldith of the Slip: goal='Hear news from your kin', knows=[], holds=['spark (w_x00804) ×4']
Tib the Long: goal='Hear news from your kin', knows=[], holds=['spark (w_x00805) ×4']
Aldith Dorn: goal='Enjoy a little peace in your neighbourhood', knows=[], holds=['spark (w_x00806) ×7']
Tobin Salter: goal='Share a memory of the street', knows=[], holds=['spark (w_x00807) ×3']
Tib of the Low Bridge: goal='Find out how your neighbour is keeping', knows=[], holds=['spark (w_x00808) ×5']
Noll Salter: goal='Keep the household blankets in good order', knows=[], holds=['spark (w_x00809) ×6']
Rohese of Ostrelle: goal='Beg or find a meal today', knows=[], holds=['spark (w_x00810) ×2']
Hamel of the Low Bridge: goal='Hear news from your kin', knows=[], holds=['spark (w_x00811) ×5']
Osanne Crake: goal='Keep the household blankets in good order', knows=[], holds=['spark (w_x00812) ×7']
Segwin Rasp: goal='Hear news from your kin', knows=[], holds=['spark (w_x00813) ×5']
Betriss Fitch: goal='Find out how your neighbour is keeping', knows=[], holds=['spark (w_x00814) ×3']
Pin Quern: goal='Enjoy a little peace in your neighbourhood', knows=[], holds=['spark (w_x00815) ×7']
Osanne Roper: goal='Keep your clothes dry', knows=[], holds=['spark (w_x00816) ×2']
Clemence Ashe: goal='Keep your clothes dry', knows=[], holds=['spark (w_x00817) ×3']
Havise Ashe: goal='Keep your clothes dry', knows=[], holds=['spark (w_x00818) ×3']
Havise Shortmeasure: goal='Enjoy a little peace in your neighbourhood', knows=[], holds=['spark (w_x00819) ×7']
Renn Hobbe: goal='Keep the household blankets in good order', knows=[], holds=['spark (w_x00820) ×5']
Nan Quern: goal='Find out how your neighbour is keeping', knows=[], holds=['spark (w_x00821) ×6']
Nan Ferrant: goal='Enjoy a little peace in your neighbourhood', knows=[], holds=['spark (w_x00822) ×5']
Noll Dorn: goal='Keep your clothes dry', knows=[], holds=['spark (w_x00823) ×7']
Ib Vell: goal='Keep the household blankets in good order', knows=[], holds=['spark (w_x00824) ×2']
Tobin Brant: goal='Hear news from your kin', knows=[], holds=['spark (w_x00825) ×3']
Averil Scaffold: goal='Keep your clothes dry', knows=[], holds=['spark (w_x00826) ×6']
Aldith the Lesser: goal='Find a quiet frontage where you are welcome', knows=[], holds=['spark (w_x00827) ×4']
Grigor Upstream: goal='Enjoy a little peace in your neighbourhood', knows=[], holds=['spark (w_x00828) ×3']
Tib Latchkey: goal='Keep your clothes dry', knows=[], holds=['spark (w_x00829) ×2']
Petronel Brant: goal='Keep your clothes dry', knows=[], holds=['spark (w_x00830) ×3']
Grigor Rasp: goal='Find out how your neighbour is keeping', knows=[], holds=['spark (w_x00831) ×6']
Dunstan Marle: goal='Find out how your neighbour is keeping', knows=[], holds=['spark (w_x00832) ×5']
Grigor Wetalms: goal='Hear news from your kin', knows=[], holds=['spark (w_x00833) ×7']
Tobin Roper: goal='Hear news from your kin', knows=[], holds=['spark (w_x00834) ×4']
Tib Hobbe: goal='Enjoy a little peace in your neighbourhood', knows=[], holds=['spark (w_x00835) ×7']
Tobin Fitch: goal='Find out how your neighbour is keeping', knows=[], holds=['spark (w_x00836) ×7']
Colm Crake: goal='Find somewhere to dry your blanket', knows=[], holds=['spark (w_x00837) ×4']
Segwin Tarn: goal='Find out how your neighbour is keeping', knows=[], holds=['spark (w_x00838) ×3']
Lise of the Slip: goal='Keep the household blankets in good order', knows=[], holds=['spark (w_x00839) ×7']
Cobb Salter: goal='Get your sleeping corner back', knows=[], holds=['spark (w_x00840) ×7']
Ansel Sparr: goal='Enjoy a little peace in your neighbourhood', knows=[], holds=['spark (w_x00841) ×2']
Sibbe the Long: goal='Find somewhere you will be left alone', knows=[], holds=['spark (w_x00842) ×4']
Clemence of Cinder Row: goal='Keep the household blankets in good order', knows=[], holds=['spark (w_x00843) ×2']
Osanne Threefinger: goal='Enjoy a little peace in your neighbourhood', knows=[], holds=['spark (w_x00844) ×2']
Jonet Shortmeasure: goal='Beg or find a meal today', knows=[], holds=['spark (w_x00845) ×7']
Petronel of the Bellstand: goal='Find somewhere you will be left alone', knows=[], holds=['spark (w_x00846) ×4']
Tib Threefinger: goal='Find out how your neighbour is keeping', knows=[], holds=['spark (w_x00847) ×3']
Aldith Ashe: goal='Enjoy a little peace in your neighbourhood', knows=[], holds=['spark (w_x00848) ×4']
Rohese of Ostrelle: goal='Get your sleeping corner back', knows=[], holds=['spark (w_x00849) ×4']
Havise Salter: goal='Keep your clothes dry', knows=[], holds=['spark (w_x00850) ×6']
Nan Ashe: goal='Find out how your neighbour is keeping', knows=[], holds=['spark (w_x00851) ×4']
Lise Scaffold: goal='Share a memory of the street', knows=[], holds=['spark (w_x00852) ×6']
Aldith Wetalms: goal='Hear news from your kin', knows=[], holds=['spark (w_x00853) ×3']
Cobb of the Low Bridge: goal='Keep the household blankets in good order', knows=[], holds=['spark (w_x00854) ×5']
Dob Threefinger: goal='Keep your clothes dry', knows=[], holds=['spark (w_x00855) ×4']
Tobin Quern: goal='Share a memory of the street', knows=[], holds=['spark (w_x00856) ×5']
Ansel Vell: goal='Keep the household blankets in good order', knows=[], holds=['spark (w_x00857) ×7']
Lise of the Bellstand: goal='Find a quiet frontage where you are welcome', knows=[], holds=['spark (w_x00858) ×2']
Hamel Nineteen: goal='Find out how your neighbour is keeping', knows=[], holds=['spark (w_x00859) ×4']
Ansel Sparr: goal='Hear news from your kin', knows=[], holds=['spark (w_x00860) ×5']
Ansel Wetalms: goal='Hear news from your kin', knows=[], holds=['spark (w_x00861) ×7']
Betriss of the Shambles: goal='Keep your clothes dry', knows=[], holds=['spark (w_x00862) ×6']
Havise of the Tenters: goal='Find something to put on your feet', knows=[], holds=['spark (w_x00863) ×6']
Renn the Long: goal='Find something to put on your feet', knows=[], holds=['spark (w_x00864) ×7']
Bertran Brant: goal='Hear news from your kin', knows=[], holds=['spark (w_x00865) ×3']
Dunstan Latchkey: goal='Share a memory of the street', knows=[], holds=['spark (w_x00866) ×6']
Ewart of the Tenters: goal='Keep the household blankets in good order', knows=[], holds=['spark (w_x00867) ×3']
Betriss Ashe: goal='Share a memory of the street', knows=[], holds=['spark (w_x00868) ×4']
Dob of Ostrelle: goal='Keep your clothes dry', knows=[], holds=['spark (w_x00869) ×4']
Idonea Salter: goal='Enjoy a little peace in your neighbourhood', knows=[], holds=['spark (w_x00870) ×6']
Idonea Ashe: goal='Keep the household blankets in good order', knows=[], holds=['spark (w_x00871) ×3']
Ib Copp: goal='Get the penny you were promised for the horse', knows=[], holds=['spark (w_x00872) ×2']
Petronel Quern: goal='Keep your clothes dry', knows=[], holds=['spark (w_x00873) ×6']
Petronel Dorn: goal='Find something to put on your feet', knows=[], holds=['spark (w_x00874) ×5']
Ede of Ostrelle: goal="Get taken on for a day's work", knows=[], holds=['spark (w_x00875) ×4']
Nan Marle: goal='Keep the household blankets in good order', knows=[], holds=['spark (w_x00876) ×5']
Hamel of the Gutter Steps: goal='Share a memory of the street', knows=[], holds=['spark (w_x00877) ×2']
Corin Brant: goal='Find out how your neighbour is keeping', knows=[], holds=['spark (w_x00878) ×7']
Colm Upstream: goal='Find out how your neighbour is keeping', knows=[], holds=['spark (w_x00879) ×4']
Nan Sparr: goal='Keep your clothes dry', knows=[], holds=['spark (w_x00880) ×4']
Averil of Cinder Row: goal='Enjoy a little peace in your neighbourhood', knows=[], holds=['spark (w_x00881) ×7']
Ewart Crake: goal='Find a salve for your hands', knows=[], holds=['spark (w_x00882) ×6']
Ib Skell: goal='Keep the household blankets in good order', knows=[], holds=['spark (w_x00883) ×2']
Ib Dorn: goal="Get taken on for a day's work", knows=[], holds=['spark (w_x00884) ×5']
Bertran Wetalms: goal='Find out how your neighbour is keeping', knows=[], holds=['spark (w_x00885) ×4']
Renn Sparr: goal='Keep your clothes dry', knows=[], holds=['spark (w_x00886) ×4']
Grigor of the Bellstand: goal='Keep your clothes dry', knows=[], holds=['spark (w_x00887) ×5']
Osanne Stott: goal='Find out how your neighbour is keeping', knows=[], holds=['spark (w_x00888) ×2']
Idonea Vell: goal='Keep the household blankets in good order', knows=[], holds=['spark (w_x00889) ×5']
Petronel Hobbe: goal='Find somewhere to dry your blanket', knows=[], holds=['spark (w_x00890) ×3']
Petronel Quern: goal='Hear news from your kin', knows=[], holds=['spark (w_x00891) ×4']
Lise Scaffold: goal='Share a memory of the street', knows=[], holds=['spark (w_x00892) ×6']
Petronel Brant: goal="Get taken on for a day's work", knows=[], holds=['spark (w_x00893) ×2']
Idonea Dorn: goal='Replace your lost alms bowl', knows=[], holds=['spark (w_x00894) ×3']
Cobb Vell: goal='Enjoy a little peace in your neighbourhood', knows=[], holds=['spark (w_x00895) ×4']
Grigor of the Bellstand: goal='Hear news from your kin', knows=[], holds=['spark (w_x00896) ×3']
Lise of Ostrelle: goal='Enjoy a little peace in your neighbourhood', knows=[], holds=['spark (w_x00897) ×4']
Jos Vell: goal='Get the penny you were promised for the horse', knows=[], holds=['spark (w_x00898) ×7']
Averil Alder: goal='Find a quiet frontage where you are welcome', knows=[], holds=['spark (w_x00899) ×2']
Havise Coldhands: goal='Share a memory of the street', knows=[], holds=['spark (w_x00900) ×3']
Idonea Crake: goal='Beg or find a meal today', knows=[], holds=['spark (w_x00901) ×2']
Havise Skell: goal='Find a salve for your hands', knows=[], holds=['spark (w_x00902) ×7']
Jos Copp: goal='Keep the household blankets in good order', knows=[], holds=['spark (w_x00903) ×5']
Tobin Skell: goal='Find out how your neighbour is keeping', knows=[], holds=['spark (w_x00904) ×5']
Dob Nineteen: goal='Find out how your neighbour is keeping', knows=[], holds=['spark (w_x00905) ×6']
Dunstan Brant: goal='Share a memory of the street', knows=[], holds=['spark (w_x00906) ×7']
Sef Pike: goal='Enjoy a little peace in your neighbourhood', knows=[], holds=['spark (w_x00907) ×4']
Ewart Wetalms: goal='Find a quiet frontage where you are welcome', knows=[], holds=['spark (w_x00908) ×3']
Osanne of the Shambles: goal='Beg or find a meal today', knows=[], holds=['spark (w_x00909) ×6']
Clemence Sparr: goal='Enjoy a little peace in your neighbourhood', knows=[], holds=['spark (w_x00910) ×7']
Gile Crake: goal='Hear news from your kin', knows=[], holds=['spark (w_x00911) ×3']
Aldith Quern: goal='Hear news from your kin', knows=[], holds=['spark (w_x00912) ×7']
Ewart Dorn: goal='Keep the household blankets in good order', knows=[], holds=['spark (w_x00913) ×4']
Mote Stott: goal='Hear news from your kin', knows=[], holds=['spark (w_x00914) ×3']
Sef of Ostrelle: goal='Keep your clothes dry', knows=[], holds=['spark (w_x00915) ×5']
Renn the Lesser: goal='Find something to put on your feet', knows=[], holds=['spark (w_x00916) ×4']
Idonea Quern: goal='Hear news from your kin', knows=[], holds=['spark (w_x00917) ×6']
Ansel Wetalms: goal='Keep your clothes dry', knows=[], holds=['spark (w_x00918) ×3']
Jonet Scaffold: goal='Share a memory of the street', knows=[], holds=['spark (w_x00919) ×2']
Idonea Skell: goal='Find out how your neighbour is keeping', knows=[], holds=['spark (w_x00920) ×3']
Noll Nineteen: goal='Share a memory of the street', knows=[], holds=['spark (w_x00921) ×4']
Aldith Quern: goal='Hear news from your kin', knows=[], holds=['spark (w_x00922) ×3']
Sibbe Brant: goal='Keep the household blankets in good order', knows=[], holds=['spark (w_x00923) ×2']
Mote Sparr: goal='Share a memory of the street', knows=[], holds=['spark (w_x00924) ×3']
Idonea Latchkey: goal='Find out how your neighbour is keeping', knows=[], holds=['spark (w_x00925) ×7']
Osanne Dorn: goal='Share a memory of the street', knows=[], holds=['spark (w_x00926) ×5']
Ede the Long: goal='Enjoy a little peace in your neighbourhood', knows=[], holds=['spark (w_x00927) ×3']
Dob Skell: goal='Find something to put on your feet', knows=[], holds=['spark (w_x00928) ×2']
Gile of the Bellstand: goal='Enjoy a little peace in your neighbourhood', knows=[], holds=['spark (w_x00929) ×2']
Clemence Sparr: goal='Hear news from your kin', knows=[], holds=['spark (w_x00930) ×6']
Gile Ferrant: goal='Find a salve for your hands', knows=[], holds=['spark (w_x00931) ×7']
Ede Pike: goal='Share a memory of the street', knows=[], holds=['spark (w_x00932) ×6']
Aldith of the Tenters: goal='Share a memory of the street', knows=[], holds=['spark (w_x00933) ×2']
Nan Stott: goal='Find a quiet frontage where you are welcome', knows=[], holds=['spark (w_x00934) ×4']
Sef Vell: goal='Keep your clothes dry', knows=[], holds=['spark (w_x00935) ×4']
Colm Pike: goal='Keep your clothes dry', knows=[], holds=['spark (w_x00936) ×5']
Hamel Fitch: goal='Get your sleeping corner back', knows=[], holds=['spark (w_x00937) ×2']
Osanne of the Gutter Steps: goal='Share a memory of the street', knows=[], holds=['spark (w_x00938) ×3']
Osanne of Ostrelle: goal='Get the penny you were promised for the horse', knows=[], holds=['spark (w_x00939) ×3']
Petronel of the Bellstand: goal='Share a memory of the street', knows=[], holds=['spark (w_x00940) ×2']
Ib of Ostrelle: goal='Share a memory of the street', knows=[], holds=['spark (w_x00941) ×6']
Ib Alder: goal='Enjoy a little peace in your neighbourhood', knows=[], holds=['spark (w_x00942) ×7']
Ede Roper: goal='Hear news from your kin', knows=[], holds=['spark (w_x00943) ×4']
Ib Nineteen: goal='Keep your clothes dry', knows=[], holds=['spark (w_x00944) ×6']
Idonea Quern: goal='Keep your clothes dry', knows=[], holds=['spark (w_x00945) ×7']
Aldith of the Needle: goal='Share a memory of the street', knows=[], holds=['spark (w_x00946) ×7']
Rohese Scaffold: goal='Share a memory of the street', knows=[], holds=['spark (w_x00947) ×6']
Jos Nineteen: goal='Share a memory of the street', knows=[], holds=['spark (w_x00948) ×3']
Mote Copp: goal='Keep the household blankets in good order', knows=[], holds=['spark (w_x00949) ×3']
Aldith of the Bellstand: goal='Share a memory of the street', knows=[], holds=['spark (w_x00950) ×4']
Colm Rasp: goal='Hear news from your kin', knows=[], holds=['spark (w_x00951) ×6']
Tib of the Slip: goal='Keep the household blankets in good order', knows=[], holds=['spark (w_x00952) ×5']
Idonea Nineteen: goal='Find a quiet frontage where you are welcome', knows=[], holds=['spark (w_x00953) ×3']
Cobb Pike: goal='Keep the household blankets in good order', knows=[], holds=['spark (w_x00954) ×4']
Noll Hobbe: goal='Keep your clothes dry', knows=[], holds=['spark (w_x00955) ×4']
Cobb Brant: goal='Get your sleeping corner back', knows=[], holds=['spark (w_x00956) ×4']
Mote of Cinder Row: goal='Keep your clothes dry', knows=[], holds=['spark (w_x00957) ×4']
Gile Pike: goal='Share a memory of the street', knows=[], holds=['spark (w_x00958) ×7']
Corin Skell: goal='Find a quiet frontage where you are welcome', knows=[], holds=['spark (w_x00959) ×5']
Ewart of the Bellstand: goal='Beg or find a meal today', knows=[], holds=['spark (w_x00960) ×2']
Averil Vell: goal='Enjoy a little peace in your neighbourhood', knows=[], holds=['spark (w_x00961) ×4']
Mote of the Slip: goal='Find out how your neighbour is keeping', knows=[], holds=['spark (w_x00962) ×2']
Betriss the Long: goal='Share a memory of the street', knows=[], holds=['spark (w_x00963) ×6']
Noll Ferrant: goal='Hear news from your kin', knows=[], holds=['spark (w_x00964) ×6']
Noll of the Tenters: goal='Enjoy a little peace in your neighbourhood', knows=[], holds=['spark (w_x00965) ×4']
Clemence of the Tenters: goal='Share a memory of the street', knows=[], holds=['spark (w_x00966) ×6']
Havise of the Needle: goal='Find out how your neighbour is keeping', knows=[], holds=['spark (w_x00967) ×5']
Jonet Ashe: goal='Enjoy a little peace in your neighbourhood', knows=[], holds=['spark (w_x00968) ×6']
Ansel Stott: goal='Replace your lost alms bowl', knows=[], holds=['spark (w_x00969) ×4']
Aldith Tarn: goal='Get your sleeping corner back', knows=[], holds=['spark (w_x00970) ×2']
Mote Crake: goal='Find out how your neighbour is keeping', knows=[], holds=['spark (w_x00971) ×2']
Gile Latchkey: goal='Share a memory of the street', knows=[], holds=['spark (w_x00972) ×5']
Tobin Crake: goal='Enjoy a little peace in your neighbourhood', knows=[], holds=['spark (w_x00973) ×4']
Clemence Skell: goal='Beg or find a meal today', knows=[], holds=['spark (w_x00974) ×4']
Petronel of the Bellstand: goal='Share a memory of the street', knows=[], holds=['spark (w_x00975) ×4']
Osanne Quern: goal='Hear news from your kin', knows=[], holds=['spark (w_x00976) ×3']
Ewart Sparr: goal='Find out how your neighbour is keeping', knows=[], holds=['spark (w_x00977) ×2']
Dob of Cinder Row: goal='Hear news from your kin', knows=[], holds=['spark (w_x00978) ×7']
Grigor Fitch: goal='Enjoy a little peace in your neighbourhood', knows=[], holds=['spark (w_x00979) ×2']
Osanne Skell: goal='Share a memory of the street', knows=[], holds=['spark (w_x00980) ×5']
Aubin Brant: goal='Enjoy a little peace in your neighbourhood', knows=[], holds=['spark (w_x00981) ×3']
Betriss Tarn: goal='Find out how your neighbour is keeping', knows=[], holds=['spark (w_x00982) ×5']
Havise Salter: goal='Share a memory of the street', knows=[], holds=['spark (w_x00983) ×3']
Idonea of the Low Bridge: goal='Hear news from your kin', knows=[], holds=['spark (w_x00984) ×5']
Betriss Quern: goal='Keep the household blankets in good order', knows=[], holds=['spark (w_x00985) ×5']
Sef Upstream: goal='Keep your clothes dry', knows=[], holds=['spark (w_x00986) ×3']
Colm Latchkey: goal='Get your sleeping corner back', knows=[], holds=['spark (w_x00987) ×5']
Aldith Ferrant: goal='Find out how your neighbour is keeping', knows=[], holds=['spark (w_x00988) ×4']
Renn Pike: goal='Keep your clothes dry', knows=[], holds=['spark (w_x00989) ×4']
Jos Hobbe: goal='Hear news from your kin', knows=[], holds=['spark (w_x00990) ×7']
Petronel Hobbe: goal='Share a memory of the street', knows=[], holds=['spark (w_x00991) ×6']
Grigor Alder: goal='Share a memory of the street', knows=[], holds=['spark (w_x00992) ×2']
Ede Quern: goal='Find somewhere to dry your blanket', knows=[], holds=['spark (w_x00993) ×5']
Lise Sparr: goal='Find out how your neighbour is keeping', knows=[], holds=['spark (w_x00994) ×6']
Ede of the Low Bridge: goal='Keep the household blankets in good order', knows=[], holds=['spark (w_x00995) ×2']
Aubin of Ostrelle: goal='Find somewhere you will be left alone', knows=[], holds=['spark (w_x00996) ×4']
Clemence Pike: goal='Beg or find a meal today', knows=[], holds=['spark (w_x00997) ×4']
Pin the Lesser: goal='Share a memory of the street', knows=[], holds=['spark (w_x00998) ×4']
Clemence of the Bellstand: goal='Find out how your neighbour is keeping', knows=[], holds=['spark (w_x00999) ×7']
Noll Marle: goal='Find out how your neighbour is keeping', knows=[], holds=['spark (w_x01000) ×3']
Grigor Wetalms: goal='Enjoy a little peace in your neighbourhood', knows=[], holds=['spark (w_x01001) ×6']
Petronel Salter: goal='Find a quiet frontage where you are welcome', knows=[], holds=['spark (w_x01002) ×7']
Betriss of the Slip: goal='Hear news from your kin', knows=[], holds=['spark (w_x01003) ×4']
Jonet Roper: goal='Find out how your neighbour is keeping', knows=[], holds=['spark (w_x01004) ×7']
Colm Ferrant: goal='Find a salve for your hands', knows=[], holds=['spark (w_x01005) ×2']
Aldith Ashe: goal='Share a memory of the street', knows=[], holds=['spark (w_x01006) ×4']
Ede Hawser: goal='Replace your lost alms bowl', knows=[], holds=['spark (w_x01007) ×4']
Ede Sparr: goal='Hear news from your kin', knows=[], holds=['spark (w_x01008) ×5']
Pin Alder: goal='Share a memory of the street', knows=[], holds=['spark (w_x01009) ×7']
Pin of the Needle: goal='Keep your clothes dry', knows=[], holds=['spark (w_x01010) ×6']
Clemence Fitch: goal='Share a memory of the street', knows=[], holds=['spark (w_x01011) ×7']
Dunstan Vell: goal='Keep your clothes dry', knows=[], holds=['spark (w_x01012) ×7']
Havise Quern: goal='Find out how your neighbour is keeping', knows=[], holds=['spark (w_x01013) ×7']
Cobb Nineteen: goal='Hear news from your kin', knows=[], holds=['spark (w_x01014) ×3']
Cobb of Cinder Row: goal='Find out how your neighbour is keeping', knows=[], holds=['spark (w_x01015) ×3']
Sibbe Stott: goal='Hear news from your kin', knows=[], holds=['spark (w_x01016) ×4']
Gile of the Shambles: goal='Enjoy a little peace in your neighbourhood', knows=[], holds=['spark (w_x01017) ×6']
Mote Crake: goal='Get your sleeping corner back', knows=[], holds=['spark (w_x01018) ×5']
Mote Quern: goal='Keep the household blankets in good order', knows=[], holds=['spark (w_x01019) ×4']
Ede Stott: goal='Share a memory of the street', knows=[], holds=['spark (w_x01020) ×3']
Segwin Copp: goal='Keep your clothes dry', knows=[], holds=['spark (w_x01021) ×4']
Gile Crake: goal='Get the penny you were promised for the horse', knows=[], holds=['spark (w_x01022) ×4']
Sef Brant: goal='Share a memory of the street', knows=[], holds=['spark (w_x01023) ×7']
Pin Fitch: goal='Find a salve for your hands', knows=[], holds=['spark (w_x01024) ×5']
Ib Sparr: goal='Find a salve for your hands', knows=[], holds=['spark (w_x01025) ×6']
Clemence of the Slip: goal='Keep the household blankets in good order', knows=[], holds=['spark (w_x01026) ×2']
Colm Fitch: goal='Keep the household blankets in good order', knows=[], holds=['spark (w_x01027) ×4']
Dob Marle: goal='Share a memory of the street', knows=[], holds=['spark (w_x01028) ×3']
Corin Wetalms: goal='Beg or find a meal today', knows=[], holds=['spark (w_x01029) ×3']
Sibbe Threefinger: goal='Share a memory of the street', knows=[], holds=['spark (w_x01030) ×3']
Idonea of the Bellstand: goal='Keep the household blankets in good order', knows=[], holds=['spark (w_x01031) ×5']
Mote Hawser: goal='Find out how your neighbour is keeping', knows=[], holds=['spark (w_x01032) ×4']
Ansel Dorn: goal='Enjoy a little peace in your neighbourhood', knows=[], holds=['spark (w_x01033) ×2']
Pin Wetalms: goal='Hear news from your kin', knows=[], holds=['spark (w_x01034) ×6']
Mote of Ostrelle: goal='Find somewhere you will be left alone', knows=[], holds=['spark (w_x01035) ×7']
Rohese Alder: goal='Find a quiet frontage where you are welcome', knows=[], holds=['spark (w_x01036) ×5']
Ib Hawser: goal='Get the penny you were promised for the horse', knows=[], holds=['spark (w_x01037) ×2']
Gile of the Slip: goal='Hear news from your kin', knows=[], holds=['spark (w_x01038) ×4']
Nan of the Shambles: goal='Get the penny you were promised for the horse', knows=[], holds=['spark (w_x01039) ×3']
Ib Marle: goal='Share a memory of the street', knows=[], holds=['spark (w_x01040) ×2']
Dob Skell: goal='Keep the household blankets in good order', knows=[], holds=['spark (w_x01041) ×3']
Petronel Vell: goal='Keep the household blankets in good order', knows=[], holds=['spark (w_x01042) ×5']
Dob Dorn: goal='Keep your clothes dry', knows=[], holds=['spark (w_x01043) ×5']
Tib of Cinder Row: goal='Hear news from your kin', knows=[], holds=['spark (w_x01044) ×2']
Havise Wetalms: goal='Hear news from your kin', knows=[], holds=['spark (w_x01045) ×2']
Clemence Upstream: goal='Hear news from your kin', knows=[], holds=['spark (w_x01046) ×6']
Nan Dorn: goal='Keep the household blankets in good order', knows=[], holds=['spark (w_x01047) ×4']
Dob Vell: goal='Enjoy a little peace in your neighbourhood', knows=[], holds=['spark (w_x01048) ×5']
Sibbe Nineteen: goal='Hear news from your kin', knows=[], holds=['spark (w_x01049) ×3']
Grigor Fitch: goal='Find somewhere you will be left alone', knows=[], holds=['spark (w_x01050) ×4']
Jonet Ferrant: goal='Find somewhere you will be left alone', knows=[], holds=['spark (w_x01051) ×7']
Havise the Lesser: goal='Keep the household blankets in good order', knows=[], holds=['spark (w_x01052) ×6']
Aubin of the Slip: goal='Enjoy a little peace in your neighbourhood', knows=[], holds=['spark (w_x01053) ×2']
Mote Upstream: goal='Share a memory of the street', knows=[], holds=['spark (w_x01054) ×7']
Nan Hobbe: goal='Enjoy a little peace in your neighbourhood', knows=[], holds=['spark (w_x01055) ×6']
Betriss of the Shambles: goal='Keep your clothes dry', knows=[], holds=['spark (w_x01056) ×2']
Jonet Vell: goal='Share a memory of the street', knows=[], holds=['spark (w_x01057) ×3']
Dunstan of Ostrelle: goal='Find a quiet frontage where you are welcome', knows=[], holds=['spark (w_x01058) ×7']
Averil of the Needle: goal='Find out how your neighbour is keeping', knows=[], holds=['spark (w_x01059) ×4']
Cobb Crake: goal='Keep your clothes dry', knows=[], holds=['spark (w_x01060) ×6']
Renn Skell: goal='Keep your clothes dry', knows=[], holds=['spark (w_x01061) ×7']
Jos Skell: goal='Find something to put on your feet', knows=[], holds=['spark (w_x01062) ×4']
Grigor the Lesser: goal='Find somewhere to dry your blanket', knows=[], holds=['spark (w_x01063) ×6']
Petronel of Cinder Row: goal='Keep your clothes dry', knows=[], holds=['spark (w_x01064) ×4']
Nan of the Low Bridge: goal='Beg or find a meal today', knows=[], holds=['spark (w_x01065) ×3']
Jonet Ashe: goal='Keep your clothes dry', knows=[], holds=['spark (w_x01066) ×7']
Aldith Salter: goal='Keep the household blankets in good order', knows=[], holds=['spark (w_x01067) ×7']
Nan Brant: goal='Keep your clothes dry', knows=[], holds=['spark (w_x01068) ×6']
Idonea Hobbe: goal='Get the penny you were promised for the horse', knows=[], holds=['spark (w_x01069) ×7']
Averil Quern: goal='Keep the household blankets in good order', knows=[], holds=['spark (w_x01070) ×5']
Ib Ferrant: goal='Beg or find a meal today', knows=[], holds=['spark (w_x01071) ×5']
Osanne of the Low Bridge: goal='Find a quiet frontage where you are welcome', knows=[], holds=['spark (w_x01072) ×2']
Ib Tarn: goal='Enjoy a little peace in your neighbourhood', knows=[], holds=['spark (w_x01073) ×2']
Aldith of the Gutter Steps: goal='Enjoy a little peace in your neighbourhood', knows=[], holds=['spark (w_x01074) ×6']
Grigor Ferrant: goal='Find out how your neighbour is keeping', knows=[], holds=['spark (w_x01075) ×2']
Lise of the Bellstand: goal='Find a quiet frontage where you are welcome', knows=[], holds=['spark (w_x01076) ×2']
Tib Hawser: goal='Keep the household blankets in good order', knows=[], holds=['spark (w_x01077) ×7']
Clemence of the Gutter Steps: goal='Find something to put on your feet', knows=[], holds=['spark (w_x01078) ×3']
Havise Alder: goal='Share a memory of the street', knows=[], holds=['spark (w_x01079) ×6']
Bertran Ashe: goal='Keep your clothes dry', knows=[], holds=['spark (w_x01080) ×5']
Tib Pike: goal='Enjoy a little peace in your neighbourhood', knows=[], holds=['spark (w_x01081) ×2']
Grigor of Cinder Row: goal='Find something to put on your feet', knows=[], holds=['spark (w_x01082) ×7']
Ansel of Ostrelle: goal='Find out how your neighbour is keeping', knows=[], holds=['spark (w_x01083) ×7']
Corin Crake: goal='Hear news from your kin', knows=[], holds=['spark (w_x01084) ×3']
Lise Alder: goal='Share a memory of the street', knows=[], holds=['spark (w_x01085) ×7']
Sef of the Bellstand: goal='Find out how your neighbour is keeping', knows=[], holds=['spark (w_x01086) ×7']
Havise of the Slip: goal='Hear news from your kin', knows=[], holds=['spark (w_x01087) ×5']
Sibbe the Long: goal='Keep the household blankets in good order', knows=[], holds=['spark (w_x01088) ×3']
Clemence Hawser: goal='Find out how your neighbour is keeping', knows=[], holds=['spark (w_x01089) ×7']
Hamel Marle: goal='Keep your clothes dry', knows=[], holds=['spark (w_x01090) ×2']
Clemence Sparr: goal='Keep your clothes dry', knows=[], holds=['spark (w_x01091) ×5']
Dob Fitch: goal='Enjoy a little peace in your neighbourhood', knows=[], holds=['spark (w_x01092) ×2']
Renn Latchkey: goal='Find somewhere you will be left alone', knows=[], holds=['spark (w_x01093) ×7']
Sef Hawser: goal='Enjoy a little peace in your neighbourhood', knows=[], holds=['spark (w_x01094) ×7']
Nan Salter: goal='Enjoy a little peace in your neighbourhood', knows=[], holds=['spark (w_x01095) ×2']
Ib of the Slip: goal='Share a memory of the street', knows=[], holds=['spark (w_x01096) ×4']
Ewart Ashe: goal='Get your sleeping corner back', knows=[], holds=['spark (w_x01097) ×2']
Clemence Nineteen: goal="Get taken on for a day's work", knows=[], holds=['spark (w_x01098) ×7']
Aldith Upstream: goal="Get taken on for a day's work", knows=[], holds=['spark (w_x01099) ×3']
Gile Hawser: goal='Keep your clothes dry', knows=[], holds=['spark (w_x01100) ×2']
Ewart Rasp: goal='Keep your clothes dry', knows=[], holds=['spark (w_x01101) ×2']
Averil of Ostrelle: goal='Find out how your neighbour is keeping', knows=[], holds=['spark (w_x01102) ×7']
Mote of the Bellstand: goal='Enjoy a little peace in your neighbourhood', knows=[], holds=['spark (w_x01103) ×7']
Tib Roper: goal='Keep your clothes dry', knows=[], holds=['spark (w_x01104) ×7']
Aldith Quern: goal='Share a memory of the street', knows=[], holds=['spark (w_x01105) ×2']
Ede Threefinger: goal='Keep your clothes dry', knows=[], holds=['spark (w_x01106) ×6']
Ib Wetalms: goal='Share a memory of the street', knows=[], holds=['spark (w_x01107) ×4']
Havise of Ostrelle: goal='Hear news from your kin', knows=[], holds=['spark (w_x01108) ×6']
Idonea Wetalms: goal='Hear news from your kin', knows=[], holds=['spark (w_x01109) ×3']
Petronel the Long: goal='Get your sleeping corner back', knows=[], holds=['spark (w_x01110) ×4']
Aldith Roper: goal='Keep your clothes dry', knows=[], holds=['spark (w_x01111) ×2']
Hamel Salter: goal='Keep the household blankets in good order', knows=[], holds=['spark (w_x01112) ×5']
Havise Skell: goal='Find somewhere to dry your blanket', knows=[], holds=['spark (w_x01113) ×6']
Rohese Ashe: goal='Enjoy a little peace in your neighbourhood', knows=[], holds=['spark (w_x01114) ×7']
Hamel Salter: goal='Keep your clothes dry', knows=[], holds=['spark (w_x01115) ×2']
Segwin the Long: goal='Keep the household blankets in good order', knows=[], holds=['spark (w_x01116) ×3']
Aubin Scaffold: goal='Share a memory of the street', knows=[], holds=['spark (w_x01117) ×3']
Nan Stott: goal='Enjoy a little peace in your neighbourhood', knows=[], holds=['spark (w_x01118) ×3']
Ede Coldhands: goal='Hear news from your kin', knows=[], holds=['spark (w_x01119) ×5']
Sef Coldhands: goal='Keep your clothes dry', knows=[], holds=['spark (w_x01120) ×7']
Mote Shortmeasure: goal='Find out how your neighbour is keeping', knows=[], holds=['spark (w_x01121) ×7']
Mote of the Gutter Steps: goal='Enjoy a little peace in your neighbourhood', knows=[], holds=['spark (w_x01122) ×3']
Rohese Crake: goal='Find out how your neighbour is keeping', knows=[], holds=['spark (w_x01123) ×3']
Segwin of the Low Bridge: goal='Share a memory of the street', knows=[], holds=['spark (w_x01124) ×2']
Pin Ferrant: goal='Enjoy a little peace in your neighbourhood', knows=[], holds=['spark (w_x01125) ×3']
Tib of Cinder Row: goal='Find out how your neighbour is keeping', knows=[], holds=['spark (w_x01126) ×5']
Cobb Dorn: goal='Share a memory of the street', knows=[], holds=['spark (w_x01127) ×3']
Nan Latchkey: goal='Hear news from your kin', knows=[], holds=['spark (w_x01128) ×4']
Pin Hawser: goal='Keep your clothes dry', knows=[], holds=['spark (w_x01129) ×4']
Aldith Marle: goal='Keep the household blankets in good order', knows=[], holds=['spark (w_x01130) ×4']
Hamel of the Gutter Steps: goal='Keep the household blankets in good order', knows=[], holds=['spark (w_x01131) ×6']
Betriss of the Shambles: goal='Get your sleeping corner back', knows=[], holds=['spark (w_x01132) ×6']
Ede Hawser: goal='Hear news from your kin', knows=[], holds=['spark (w_x01133) ×3']
Lise of the Gutter Steps: goal='Find out how your neighbour is keeping', knows=[], holds=['spark (w_x01134) ×2']
Aubin Scaffold: goal='Share a memory of the street', knows=[], holds=['spark (w_x01135) ×6']
Jos Salter: goal='Replace your lost alms bowl', knows=[], holds=['spark (w_x01136) ×2']
Jonet the Long: goal='Get your sleeping corner back', knows=[], holds=['spark (w_x01137) ×5']
Grigor of Cinder Row: goal='Find out how your neighbour is keeping', knows=[], holds=['spark (w_x01138) ×7']
Aldith Stott: goal='Replace your lost alms bowl', knows=[], holds=['spark (w_x01139) ×5']
Ewart of the Gutter Steps: goal='Keep the household blankets in good order', knows=[], holds=['spark (w_x01140) ×3']
Ede Vell: goal='Find a salve for your hands', knows=[], holds=['spark (w_x01141) ×2']
Ede Tarn: goal='Keep your clothes dry', knows=[], holds=['spark (w_x01142) ×7']
Gile of the Tenters: goal='Share a memory of the street', knows=[], holds=['spark (w_x01143) ×4']
Betriss Hawser: goal='Enjoy a little peace in your neighbourhood', knows=[], holds=['spark (w_x01144) ×6']
Ewart Hawser: goal='Share a memory of the street', knows=[], holds=['spark (w_x01145) ×4']
Rohese Coldhands: goal="Get taken on for a day's work", knows=[], holds=['spark (w_x01146) ×3']
Petronel of the Bellstand: goal='Keep your clothes dry', knows=[], holds=['spark (w_x01147) ×5']
Aubin Stott: goal='Keep the household blankets in good order', knows=[], holds=['spark (w_x01148) ×7']
Havise Nineteen: goal='Keep your clothes dry', knows=[], holds=['spark (w_x01149) ×2']
Renn Coldhands: goal='Find out how your neighbour is keeping', knows=[], holds=['spark (w_x01150) ×7']
Jonet Upstream: goal='Find out how your neighbour is keeping', knows=[], holds=['spark (w_x01151) ×2']
Aldith the Lesser: goal='Find out how your neighbour is keeping', knows=[], holds=['spark (w_x01152) ×4']
Pin Ferrant: goal='Enjoy a little peace in your neighbourhood', knows=[], holds=['spark (w_x01153) ×7']
Petronel Sparr: goal='Keep your clothes dry', knows=[], holds=['spark (w_x01154) ×7']
Mote of the Bellstand: goal='Keep the household blankets in good order', knows=[], holds=['spark (w_x01155) ×2']
Havise of the Bellstand: goal='Find a quiet frontage where you are welcome', knows=[], holds=['spark (w_x01156) ×2']
Ib Upstream: goal='Keep your clothes dry', knows=[], holds=['spark (w_x01157) ×5']
Nan of the Shambles: goal='Keep your clothes dry', knows=[], holds=['spark (w_x01158) ×7']
Ede Roper: goal='Hear news from your kin', knows=[], holds=['spark (w_x01159) ×2']
Sibbe Nineteen: goal='Share a memory of the street', knows=[], holds=['spark (w_x01160) ×5']
Rohese Skell: goal='Get your sleeping corner back', knows=[], holds=['spark (w_x01161) ×2']
Dunstan Pike: goal='Share a memory of the street', knows=[], holds=['spark (w_x01162) ×6']
Corin Threefinger: goal='Find something to put on your feet', knows=[], holds=['spark (w_x01163) ×6']
Renn Vell: goal='Enjoy a little peace in your neighbourhood', knows=[], holds=['spark (w_x01164) ×4']
Hamel Salter: goal='Keep your clothes dry', knows=[], holds=['spark (w_x01165) ×4']
Aldith Upstream: goal='Hear news from your kin', knows=[], holds=['spark (w_x01166) ×7']
Ansel Shortmeasure: goal='Get the penny you were promised for the horse', knows=[], holds=['spark (w_x01167) ×3']
Aubin Stott: goal='Find out how your neighbour is keeping', knows=[], holds=['spark (w_x01168) ×6']
Averil Upstream: goal='Find out how your neighbour is keeping', knows=[], holds=['spark (w_x01169) ×3']
Segwin of the Shambles: goal='Share a memory of the street', knows=[], holds=['spark (w_x01170) ×7']
Ewart Threefinger: goal='Keep the household blankets in good order', knows=[], holds=['spark (w_x01171) ×4']
Idonea Wetalms: goal='Keep your clothes dry', knows=[], holds=['spark (w_x01172) ×7']
Sef Ferrant: goal='Hear news from your kin', knows=[], holds=['spark (w_x01173) ×3']
Averil of Ostrelle: goal='Keep your clothes dry', knows=[], holds=['spark (w_x01174) ×4']
Renn Rasp: goal='Find a salve for your hands', knows=[], holds=['spark (w_x01175) ×5']
Petronel Copp: goal='Enjoy a little peace in your neighbourhood', knows=[], holds=['spark (w_x01176) ×6']
Ede Threefinger: goal='Share a memory of the street', knows=[], holds=['spark (w_x01177) ×4']
Sef Brant: goal='Keep the household blankets in good order', knows=[], holds=['spark (w_x01178) ×2']
Osanne of the Gutter Steps: goal='Beg or find a meal today', knows=[], holds=['spark (w_x01179) ×4']
Aubin Ferrant: goal='Find a salve for your hands', knows=[], holds=['spark (w_x01180) ×2']
Tib Marle: goal='Keep your clothes dry', knows=[], holds=['spark (w_x01181) ×6']
Betriss of Cinder Row: goal='Find somewhere you will be left alone', knows=[], holds=['spark (w_x01182) ×7']
Bertran Alder: goal='Beg or find a meal today', knows=[], holds=['spark (w_x01183) ×4']
Pin Tarn: goal='Find out how your neighbour is keeping', knows=[], holds=['spark (w_x01184) ×4']
Pin of the Slip: goal='Keep your clothes dry', knows=[], holds=['spark (w_x01185) ×3']
Jonet Wetalms: goal='Keep the household blankets in good order', knows=[], holds=['spark (w_x01186) ×5']
Rohese Coldhands: goal='Find out how your neighbour is keeping', knows=[], holds=['spark (w_x01187) ×7']
Segwin of the Needle: goal='Share a memory of the street', knows=[], holds=['spark (w_x01188) ×2']
Idonea Wetalms: goal='Enjoy a little peace in your neighbourhood', knows=[], holds=['spark (w_x01189) ×4']
Ede Coldhands: goal='Keep your clothes dry', knows=[], holds=['spark (w_x01190) ×3']
Tobin Coldhands: goal='Share a memory of the street', knows=[], holds=['spark (w_x01191) ×3']
Gile Wetalms: goal="Get taken on for a day's work", knows=[], holds=['spark (w_x01192) ×3']
Mote Scaffold: goal='Share a memory of the street', knows=[], holds=['spark (w_x01193) ×2']
Hamel the Long: goal='Find out how your neighbour is keeping', knows=[], holds=['spark (w_x01194) ×4']
Rohese Hawser: goal='Find something to put on your feet', knows=[], holds=['spark (w_x01195) ×5']
Nan Latchkey: goal="Get taken on for a day's work", knows=[], holds=['spark (w_x01196) ×3']
Sibbe Alder: goal='Find a quiet frontage where you are welcome', knows=[], holds=['spark (w_x01197) ×5']
Colm Hobbe: goal='Keep the household blankets in good order', knows=[], holds=['spark (w_x01198) ×4']
Osanne Upstream: goal='Replace your lost alms bowl', knows=[], holds=['spark (w_x01199) ×2']
Dunstan Alder: goal='Beg or find a meal today', knows=[], holds=['spark (w_x01200) ×7']
Dob of Cinder Row: goal='Share a memory of the street', knows=[], holds=['spark (w_x01201) ×2']
Sibbe Wetalms: goal='Keep your clothes dry', knows=[], holds=['spark (w_x01202) ×5']
Noll Copp: goal='Find out how your neighbour is keeping', knows=[], holds=['spark (w_x01203) ×2']
Aubin Hobbe: goal='Keep the household blankets in good order', knows=[], holds=['spark (w_x01204) ×6']
Tobin Alder: goal='Find somewhere you will be left alone', knows=[], holds=['spark (w_x01205) ×5']
Renn Coldhands: goal='Keep the household blankets in good order', knows=[], holds=['spark (w_x01206) ×5']
Idonea Shortmeasure: goal='Enjoy a little peace in your neighbourhood', knows=[], holds=['spark (w_x01207) ×5']
Sef Coldhands: goal='Keep your clothes dry', knows=[], holds=['spark (w_x01208) ×6']
Havise Wetalms: goal='Find a salve for your hands', knows=[], holds=['spark (w_x01209) ×3']
Idonea of the Low Bridge: goal='Get your sleeping corner back', knows=[], holds=['spark (w_x01210) ×4']
Havise Nineteen: goal='Hear news from your kin', knows=[], holds=['spark (w_x01211) ×7']
Jos of Cinder Row: goal='Find out how your neighbour is keeping', knows=[], holds=['spark (w_x01212) ×2']
Tib Copp: goal='Keep your clothes dry', knows=[], holds=['spark (w_x01213) ×7']
Renn the Lesser: goal='Share a memory of the street', knows=[], holds=['spark (w_x01214) ×4']
Osanne Rasp: goal='Enjoy a little peace in your neighbourhood', knows=[], holds=['spark (w_x01215) ×3']
Ansel of Ostrelle: goal='Share a memory of the street', knows=[], holds=['spark (w_x01216) ×7']
Tobin Wetalms: goal='Enjoy a little peace in your neighbourhood', knows=[], holds=['spark (w_x01217) ×4']
Dob of the Tenters: goal='Hear news from your kin', knows=[], holds=['spark (w_x01218) ×5']
Bertran Dorn: goal='Find out how your neighbour is keeping', knows=[], holds=['spark (w_x01219) ×3']
Aubin Vell: goal='Hear news from your kin', knows=[], holds=['spark (w_x01220) ×4']
Petronel of the Tenters: goal='Keep your clothes dry', knows=[], holds=['spark (w_x01221) ×7']
Havise Sparr: goal="Get taken on for a day's work", knows=[], holds=['spark (w_x01222) ×2']
Dunstan of the Gutter Steps: goal='Find somewhere to dry your blanket', knows=[], holds=['spark (w_x01223) ×6']
Grigor Hobbe: goal='Keep your clothes dry', knows=[], holds=['spark (w_x01224) ×4']
Rohese Rasp: goal='Share a memory of the street', knows=[], holds=['spark (w_x01225) ×6']
Corin Hobbe: goal='Find somewhere to dry your blanket', knows=[], holds=['spark (w_x01226) ×5']
Pin Latchkey: goal='Keep the household blankets in good order', knows=[], holds=['spark (w_x01227) ×6']
Grigor Fitch: goal='Enjoy a little peace in your neighbourhood', knows=[], holds=['spark (w_x01228) ×2']
Idonea Dorn: goal='Replace your lost alms bowl', knows=[], holds=['spark (w_x01229) ×5']
Colm Nineteen: goal='Find out how your neighbour is keeping', knows=[], holds=['spark (w_x01230) ×6']
Pin Upstream: goal='Beg or find a meal today', knows=[], holds=['spark (w_x01231) ×6']
Tib of the Gutter Steps: goal='Keep the household blankets in good order', knows=[], holds=['spark (w_x01232) ×4']
Pin of the Low Bridge: goal='Find out how your neighbour is keeping', knows=[], holds=['spark (w_x01233) ×4']
Ib Fitch: goal='Hear news from your kin', knows=[], holds=['spark (w_x01234) ×4']
Jos of Cinder Row: goal='Keep the household blankets in good order', knows=[], holds=['spark (w_x01235) ×4']
Aubin Vell: goal='Enjoy a little peace in your neighbourhood', knows=[], holds=['spark (w_x01236) ×6']
Rohese Scaffold: goal='Get your sleeping corner back', knows=[], holds=['spark (w_x01237) ×2']
Corin Scaffold: goal='Enjoy a little peace in your neighbourhood', knows=[], holds=['spark (w_x01238) ×4']
Nan Upstream: goal='Share a memory of the street', knows=[], holds=['spark (w_x01239) ×3']
Ib of the Shambles: goal='Share a memory of the street', knows=[], holds=['spark (w_x01240) ×7']
Lise Coldhands: goal='Keep the household blankets in good order', knows=[], holds=['spark (w_x01241) ×2']
Havise of the Slip: goal='Share a memory of the street', knows=[], holds=['spark (w_x01242) ×5']
Dob Wetalms: goal='Find out how your neighbour is keeping', knows=[], holds=['spark (w_x01243) ×6']
Pin of Ostrelle: goal='Share a memory of the street', knows=[], holds=['spark (w_x01244) ×7']
Renn of the Low Bridge: goal='Replace your lost alms bowl', knows=[], holds=['spark (w_x01245) ×4']
Tobin of the Needle: goal='Keep the household blankets in good order', knows=[], holds=['spark (w_x01246) ×5']
Grigor of the Tenters: goal='Find out how your neighbour is keeping', knows=[], holds=['spark (w_x01247) ×6']
Tib Fitch: goal='Hear news from your kin', knows=[], holds=['spark (w_x01248) ×5']
Renn Latchkey: goal='Keep the household blankets in good order', knows=[], holds=['spark (w_x01249) ×3']
Averil Sparr: goal='Get the penny you were promised for the horse', knows=[], holds=['spark (w_x01250) ×5']
Segwin Coldhands: goal='Share a memory of the street', knows=[], holds=['spark (w_x01251) ×3']
Averil the Lesser: goal='Find out how your neighbour is keeping', knows=[], holds=['spark (w_x01252) ×2']
Averil the Lesser: goal='Find a quiet frontage where you are welcome', knows=[], holds=['spark (w_x01253) ×6']
Lise of Cinder Row: goal='Find a quiet frontage where you are welcome', knows=[], holds=['spark (w_x01254) ×6']
Jos Scaffold: goal='Get the penny you were promised for the horse', knows=[], holds=['spark (w_x01255) ×2']
Nan Stott: goal='Hear news from your kin', knows=[], holds=['spark (w_x01256) ×5']
Ewart Ferrant: goal='Find a quiet frontage where you are welcome', knows=[], holds=['spark (w_x01257) ×3']
Petronel the Lesser: goal='Keep your clothes dry', knows=[], holds=['spark (w_x01258) ×7']
Rohese Quern: goal='Enjoy a little peace in your neighbourhood', knows=[], holds=['spark (w_x01259) ×5']
Renn Tarn: goal='Keep the household blankets in good order', knows=[], holds=['spark (w_x01260) ×5']
Osanne Wetalms: goal='Keep the household blankets in good order', knows=[], holds=['spark (w_x01261) ×2']
Ede Copp: goal='Find out how your neighbour is keeping', knows=[], holds=['spark (w_x01262) ×7']
Osanne the Long: goal='Enjoy a little peace in your neighbourhood', knows=[], holds=['spark (w_x01263) ×7']
Rohese Crake: goal='Share a memory of the street', knows=[], holds=['spark (w_x01264) ×2']
Mote of Cinder Row: goal='Replace your lost alms bowl', knows=[], holds=['spark (w_x01265) ×7']
Grigor Alder: goal='Keep your clothes dry', knows=[], holds=['spark (w_x01266) ×2']
Grigor Ferrant: goal='Get the penny you were promised for the horse', knows=[], holds=['spark (w_x01267) ×6']
Corin of Cinder Row: goal='Find something to put on your feet', knows=[], holds=['spark (w_x01268) ×6']
Mote Skell: goal="Get taken on for a day's work", knows=[], holds=['spark (w_x01269) ×2']
Pin Ferrant: goal='Hear news from your kin', knows=[], holds=['spark (w_x01270) ×3']
Petronel Crake: goal='Keep the household blankets in good order', knows=[], holds=['spark (w_x01271) ×3']
Idonea Ferrant: goal='Enjoy a little peace in your neighbourhood', knows=[], holds=['spark (w_x01272) ×4']
Corin Skell: goal='Enjoy a little peace in your neighbourhood', knows=[], holds=['spark (w_x01273) ×2']
Ewart Scaffold: goal='Share a memory of the street', knows=[], holds=['spark (w_x01274) ×5']
Colm Coldhands: goal='Find out how your neighbour is keeping', knows=[], holds=['spark (w_x01275) ×6']
Rohese Tarn: goal='Keep your clothes dry', knows=[], holds=['spark (w_x01276) ×5']
Aldith Hobbe: goal='Keep the household blankets in good order', knows=[], holds=['spark (w_x01277) ×4']
Osanne Nineteen: goal='Find a salve for your hands', knows=[], holds=['spark (w_x01278) ×7']
Nan Shortmeasure: goal='Find out how your neighbour is keeping', knows=[], holds=['spark (w_x01279) ×4']
Petronel Crake: goal='Enjoy a little peace in your neighbourhood', knows=[], holds=['spark (w_x01280) ×2']
Renn Roper: goal='Keep the household blankets in good order', knows=[], holds=['spark (w_x01281) ×7']
Corin Ashe: goal='Keep the household blankets in good order', knows=[], holds=['spark (w_x01282) ×7']
Gile Crake: goal='Enjoy a little peace in your neighbourhood', knows=[], holds=['spark (w_x01283) ×6']
Idonea Shortmeasure: goal='Keep the household blankets in good order', knows=[], holds=['spark (w_x01284) ×3']
Mote Rasp: goal='Hear news from your kin', knows=[], holds=['spark (w_x01285) ×2']
Rohese Quern: goal='Get the penny you were promised for the horse', knows=[], holds=['spark (w_x01286) ×4']
Petronel Dorn: goal='Enjoy a little peace in your neighbourhood', knows=[], holds=['spark (w_x01287) ×7']
Petronel Sparr: goal='Enjoy a little peace in your neighbourhood', knows=[], holds=['spark (w_x01288) ×6']
Hamel Latchkey: goal='Find out how your neighbour is keeping', knows=[], holds=['spark (w_x01289) ×6']
Averil the Long: goal='Keep your clothes dry', knows=[], holds=['spark (w_x01290) ×7']
Tib Brant: goal='Find out how your neighbour is keeping', knows=[], holds=['spark (w_x01291) ×5']
Colm of Cinder Row: goal='Keep the household blankets in good order', knows=[], holds=['spark (w_x01292) ×3']
Averil Crake: goal='Find out how your neighbour is keeping', knows=[], holds=['spark (w_x01293) ×2']
Clemence Roper: goal='Find out how your neighbour is keeping', knows=[], holds=['spark (w_x01294) ×6']
Cobb Latchkey: goal='Keep the household blankets in good order', knows=[], holds=['spark (w_x01295) ×6']
Ewart Scaffold: goal='Hear news from your kin', knows=[], holds=['spark (w_x01296) ×2']
Jos Tarn: goal='Hear news from your kin', knows=[], holds=['spark (w_x01297) ×4']
Tib Tarn: goal='Keep the household blankets in good order', knows=[], holds=['spark (w_x01298) ×7']
Bertran Fitch: goal='Share a memory of the street', knows=[], holds=['spark (w_x01299) ×7']
Noll of the Low Bridge: goal='Share a memory of the street', knows=[], holds=['spark (w_x01300) ×3']
Corin Salter: goal='Hear news from your kin', knows=[], holds=['spark (w_x01301) ×7']
Tib Nineteen: goal='Share a memory of the street', knows=[], holds=['spark (w_x01302) ×6']
Aubin Scaffold: goal='Enjoy a little peace in your neighbourhood', knows=[], holds=['spark (w_x01303) ×3']
Clemence Quern: goal='Share a memory of the street', knows=[], holds=['spark (w_x01304) ×5']
Rohese Fitch: goal='Keep the household blankets in good order', knows=[], holds=['spark (w_x01305) ×5']
Tib Hobbe: goal='Share a memory of the street', knows=[], holds=['spark (w_x01306) ×5']
Havise Scaffold: goal='Find a salve for your hands', knows=[], holds=['spark (w_x01307) ×7']
Mote of Ostrelle: goal='Share a memory of the street', knows=[], holds=['spark (w_x01308) ×2']
Jonet Hawser: goal='Find somewhere to dry your blanket', knows=[], holds=['spark (w_x01309) ×7']
Betriss Brant: goal='Find out how your neighbour is keeping', knows=[], holds=['spark (w_x01310) ×3']
Mote of Cinder Row: goal='Share a memory of the street', knows=[], holds=['spark (w_x01311) ×5']
Mote of the Bellstand: goal='Enjoy a little peace in your neighbourhood', knows=[], holds=['spark (w_x01312) ×4']
Aldith Hawser: goal='Keep the household blankets in good order', knows=[], holds=['spark (w_x01313) ×2']
Dunstan Sparr: goal='Enjoy a little peace in your neighbourhood', knows=[], holds=['spark (w_x01314) ×3']
Dob Upstream: goal='Hear news from your kin', knows=[], holds=['spark (w_x01315) ×3']
Sibbe Ashe: goal='Hear news from your kin', knows=[], holds=['spark (w_x01316) ×4']
Tib Hobbe: goal='Hear news from your kin', knows=[], holds=['spark (w_x01317) ×2']
Dunstan Stott: goal='Keep the household blankets in good order', knows=[], holds=['spark (w_x01318) ×7']
Ede the Long: goal='Get the penny you were promised for the horse', knows=[], holds=['spark (w_x01319) ×2']
Aubin Ashe: goal='Keep your clothes dry', knows=[], holds=['spark (w_x01320) ×7']
Hamel Ashe: goal='Replace your lost alms bowl', knows=[], holds=['spark (w_x01321) ×4']
Tobin Wetalms: goal='Hear news from your kin', knows=[], holds=['spark (w_x01322) ×7']
Osanne Crake: goal='Hear news from your kin', knows=[], holds=['spark (w_x01323) ×7']
Sibbe Scaffold: goal='Beg or find a meal today', knows=[], holds=['spark (w_x01324) ×5']
Aldith Scaffold: goal='Keep the household blankets in good order', knows=[], holds=['spark (w_x01325) ×3']
Ede Coldhands: goal='Enjoy a little peace in your neighbourhood', knows=[], holds=['spark (w_x01326) ×3']
Hamel Pike: goal='Get the penny you were promised for the horse', knows=[], holds=['spark (w_x01327) ×4']
Idonea of the Gutter Steps: goal='Hear news from your kin', knows=[], holds=['spark (w_x01328) ×4']
Petronel of the Slip: goal='Find a quiet frontage where you are welcome', knows=[], holds=['spark (w_x01329) ×5']
Lise of the Tenters: goal='Keep the household blankets in good order', knows=[], holds=['spark (w_x01330) ×3']
Petronel Wetalms: goal='Hear news from your kin', knows=[], holds=['spark (w_x01331) ×5']
Colm Ferrant: goal='Replace your lost alms bowl', knows=[], holds=['spark (w_x01332) ×5']
Hamel of the Low Bridge: goal="Get taken on for a day's work", knows=[], holds=['spark (w_x01333) ×3']
Osanne Wetalms: goal='Enjoy a little peace in your neighbourhood', knows=[], holds=['spark (w_x01334) ×5']
Lise the Lesser: goal='Hear news from your kin', knows=[], holds=['spark (w_x01335) ×3']
Ib of the Bellstand: goal='Enjoy a little peace in your neighbourhood', knows=[], holds=['spark (w_x01336) ×5']
Bertran Salter: goal='Keep your clothes dry', knows=[], holds=['spark (w_x01337) ×4']
Dob of the Low Bridge: goal='Enjoy a little peace in your neighbourhood', knows=[], holds=['spark (w_x01338) ×7']
Betriss Dorn: goal='Share a memory of the street', knows=[], holds=['spark (w_x01339) ×7']
Hamel of the Needle: goal='Find a quiet frontage where you are welcome', knows=[], holds=['spark (w_x01340) ×6']
Sef of the Low Bridge: goal='Share a memory of the street', knows=[], holds=['spark (w_x01341) ×2']
Colm Fitch: goal='Find somewhere to dry your blanket', knows=[], holds=['spark (w_x01342) ×7']
Ede of the Needle: goal='Find out how your neighbour is keeping', knows=[], holds=['spark (w_x01343) ×6']
Ansel Ashe: goal="Get taken on for a day's work", knows=[], holds=['spark (w_x01344) ×6']
Dob Wetalms: goal='Get your sleeping corner back', knows=[], holds=['spark (w_x01345) ×7']
Tib Wetalms: goal='Find a quiet frontage where you are welcome', knows=[], holds=['spark (w_x01346) ×3']
Dob Roper: goal='Find out how your neighbour is keeping', knows=[], holds=['spark (w_x01347) ×5']
Ede Stott: goal='Enjoy a little peace in your neighbourhood', knows=[], holds=['spark (w_x01348) ×6']
Tobin Nineteen: goal='Keep your clothes dry', knows=[], holds=['spark (w_x01349) ×3']
Hamel Ferrant: goal='Enjoy a little peace in your neighbourhood', knows=[], holds=['spark (w_x01350) ×4']
Nan Nineteen: goal='Hear news from your kin', knows=[], holds=['spark (w_x01351) ×7']
Jonet Ferrant: goal='Hear news from your kin', knows=[], holds=['spark (w_x01352) ×3']
Clemence Skell: goal='Hear news from your kin', knows=[], holds=['spark (w_x01353) ×4']
Aldith of the Shambles: goal='Share a memory of the street', knows=[], holds=['spark (w_x01354) ×6']
Nan of the Low Bridge: goal='Hear news from your kin', knows=[], holds=['spark (w_x01355) ×5']
Averil Upstream: goal='Find a quiet frontage where you are welcome', knows=[], holds=['spark (w_x01356) ×3']
Noll of the Needle: goal='Find out how your neighbour is keeping', knows=[], holds=['spark (w_x01357) ×3']
Sef Crake: goal='Find a quiet frontage where you are welcome', knows=[], holds=['spark (w_x01358) ×7']
Segwin Brant: goal='Share a memory of the street', knows=[], holds=['spark (w_x01359) ×3']
Dob Quern: goal='Keep the household blankets in good order', knows=[], holds=['spark (w_x01360) ×4']
Jonet Salter: goal='Keep the household blankets in good order', knows=[], holds=['spark (w_x01361) ×2']
Ib Quern: goal='Keep the household blankets in good order', knows=[], holds=['spark (w_x01362) ×2']
Tib Salter: goal='Keep the household blankets in good order', knows=[], holds=['spark (w_x01363) ×7']
Petronel Tarn: goal='Enjoy a little peace in your neighbourhood', knows=[], holds=['spark (w_x01364) ×7']
Dob Tarn: goal='Get the penny you were promised for the horse', knows=[], holds=['spark (w_x01365) ×2']
Renn Alder: goal='Enjoy a little peace in your neighbourhood', knows=[], holds=['spark (w_x01366) ×4']
Idonea Dorn: goal='Share a memory of the street', knows=[], holds=['spark (w_x01367) ×7']
Clemence Fitch: goal='Keep the household blankets in good order', knows=[], holds=['spark (w_x01368) ×3']
Ede Alder: goal='Find somewhere you will be left alone', knows=[], holds=['spark (w_x01369) ×6']
Ede Marle: goal='Keep your clothes dry', knows=[], holds=['spark (w_x01370) ×3']
Ib Wetalms: goal='Keep the household blankets in good order', knows=[], holds=['spark (w_x01371) ×3']
Colm Ashe: goal='Hear news from your kin', knows=[], holds=['spark (w_x01372) ×6']
Gile Crake: goal='Get your sleeping corner back', knows=[], holds=['spark (w_x01373) ×5']
Sef Stott: goal='Keep your clothes dry', knows=[], holds=['spark (w_x01374) ×2']
Noll Rasp: goal="Get taken on for a day's work", knows=[], holds=['spark (w_x01375) ×7']
Lise Vell: goal='Hear news from your kin', knows=[], holds=['spark (w_x01376) ×7']
Rohese Latchkey: goal='Keep your clothes dry', knows=[], holds=['spark (w_x01377) ×6']
Clemence Ferrant: goal='Keep the household blankets in good order', knows=[], holds=['spark (w_x01378) ×5']
Gile Stott: goal='Keep the household blankets in good order', knows=[], holds=['spark (w_x01379) ×7']
Mote of the Needle: goal='Find somewhere to dry your blanket', knows=[], holds=['spark (w_x01380) ×4']
Rohese Alder: goal='Hear news from your kin', knows=[], holds=['spark (w_x01381) ×6']
Aldith Ferrant: goal='Get the penny you were promised for the horse', knows=[], holds=['spark (w_x01382) ×4']
Colm Ashe: goal='Keep your clothes dry', knows=[], holds=['spark (w_x01383) ×6']
Clemence of the Gutter Steps: goal='Hear news from your kin', knows=[], holds=['spark (w_x01384) ×6']
Bertran Rasp: goal='Keep your clothes dry', knows=[], holds=['spark (w_x01385) ×2']
Noll Coldhands: goal='Find somewhere you will be left alone', knows=[], holds=['spark (w_x01386) ×3']
Sef of the Shambles: goal="Get taken on for a day's work", knows=[], holds=['spark (w_x01387) ×7']
Noll Ferrant: goal='Keep your clothes dry', knows=[], holds=['spark (w_x01388) ×5']
Tobin Vell: goal="Get taken on for a day's work", knows=[], holds=['spark (w_x01389) ×5']
Sef Fitch: goal='Keep your clothes dry', knows=[], holds=['spark (w_x01390) ×7']
Havise of Ostrelle: goal='Hear news from your kin', knows=[], holds=['spark (w_x01391) ×5']
Nan Wetalms: goal='Keep your clothes dry', knows=[], holds=['spark (w_x01392) ×3']
Sibbe Nineteen: goal='Keep your clothes dry', knows=[], holds=['spark (w_x01393) ×7']
Jonet Fitch: goal='Keep your clothes dry', knows=[], holds=['spark (w_x01394) ×2']
Idonea of the Bellstand: goal='Share a memory of the street', knows=[], holds=['spark (w_x01395) ×4']
Dob the Lesser: goal='Replace your lost alms bowl', knows=[], holds=['spark (w_x01396) ×7']
Jonet Pike: goal='Hear news from your kin', knows=[], holds=['spark (w_x01397) ×5']
Jonet Marle: goal='Enjoy a little peace in your neighbourhood', knows=[], holds=['spark (w_x01398) ×6']
Ib the Lesser: goal='Find out how your neighbour is keeping', knows=[], holds=['spark (w_x01399) ×4']
Mote of the Bellstand: goal='Keep your clothes dry', knows=[], holds=['spark (w_x01400) ×3']
Tib Rasp: goal='Share a memory of the street', knows=[], holds=['spark (w_x01401) ×3']
Petronel Latchkey: goal='Keep your clothes dry', knows=[], holds=['spark (w_x01402) ×7']
Clemence Stott: goal="Get taken on for a day's work", knows=[], holds=['spark (w_x01403) ×5']
Clemence of the Gutter Steps: goal="Get taken on for a day's work", knows=[], holds=['spark (w_x01404) ×6']
Sef Scaffold: goal='Hear news from your kin', knows=[], holds=['spark (w_x01405) ×7']
Lise Roper: goal='Find something to put on your feet', knows=[], holds=['spark (w_x01406) ×6']
Tib Scaffold: goal='Find something to put on your feet', knows=[], holds=['spark (w_x01407) ×4']
Colm Roper: goal='Keep your clothes dry', knows=[], holds=['spark (w_x01408) ×3']
Gile Hawser: goal='Keep your clothes dry', knows=[], holds=['spark (w_x01409) ×5']
Pin Marle: goal='Share a memory of the street', knows=[], holds=['spark (w_x01410) ×3']
Ewart Rasp: goal='Find a salve for your hands', knows=[], holds=['spark (w_x01411) ×7']
Ede Hobbe: goal='Keep the household blankets in good order', knows=[], holds=['spark (w_x01412) ×2']
Nan Upstream: goal="Get taken on for a day's work", knows=[], holds=['spark (w_x01413) ×2']
Segwin Scaffold: goal='Find out how your neighbour is keeping', knows=[], holds=['spark (w_x01414) ×4']
Idonea Roper: goal='Hear news from your kin', knows=[], holds=['spark (w_x01415) ×7']
Clemence Salter: goal='Keep the household blankets in good order', knows=[], holds=['spark (w_x01416) ×6']
Dunstan Hawser: goal='Find something to put on your feet', knows=[], holds=['spark (w_x01417) ×5']
Noll Coldhands: goal='Find out how your neighbour is keeping', knows=[], holds=['spark (w_x01418) ×4']
Cobb Copp: goal="Get taken on for a day's work", knows=[], holds=['spark (w_x01419) ×7']
Ib Quern: goal='Enjoy a little peace in your neighbourhood', knows=[], holds=['spark (w_x01420) ×3']
Havise Fitch: goal='Hear news from your kin', knows=[], holds=['spark (w_x01421) ×6']
Betriss Tarn: goal='Hear news from your kin', knows=[], holds=['spark (w_x01422) ×5']
Rohese Nineteen: goal='Find out how your neighbour is keeping', knows=[], holds=['spark (w_x01423) ×5']
Sef Hobbe: goal='Enjoy a little peace in your neighbourhood', knows=[], holds=['spark (w_x01424) ×5']
Pin Fitch: goal='Find out how your neighbour is keeping', knows=[], holds=['spark (w_x01425) ×4']
Jos the Long: goal='Enjoy a little peace in your neighbourhood', knows=[], holds=['spark (w_x01426) ×5']
Grigor Roper: goal='Share a memory of the street', knows=[], holds=['spark (w_x01427) ×3']
Betriss Sparr: goal='Keep your clothes dry', knows=[], holds=['spark (w_x01428) ×4']
Petronel Marle: goal='Find a quiet frontage where you are welcome', knows=[], holds=['spark (w_x01429) ×4']
Colm Roper: goal='Enjoy a little peace in your neighbourhood', knows=[], holds=['spark (w_x01430) ×7']
Clemence Hawser: goal='Hear news from your kin', knows=[], holds=['spark (w_x01431) ×5']
Averil Dorn: goal='Share a memory of the street', knows=[], holds=['spark (w_x01432) ×2']
Clemence of the Gutter Steps: goal='Enjoy a little peace in your neighbourhood', knows=[], holds=['spark (w_x01433) ×4']
Colm Scaffold: goal='Keep your clothes dry', knows=[], holds=['spark (w_x01434) ×3']
Mote the Lesser: goal='Keep the household blankets in good order', knows=[], holds=['spark (w_x01435) ×7']
Betriss Pike: goal='Keep the household blankets in good order', knows=[], holds=['spark (w_x01436) ×7']
Aldith Roper: goal='Find something to put on your feet', knows=[], holds=['spark (w_x01437) ×3']
Averil Rasp: goal='Get the penny you were promised for the horse', knows=[], holds=['spark (w_x01438) ×5']
Petronel Hawser: goal='Find a salve for your hands', knows=[], holds=['spark (w_x01439) ×3']
Idonea Hawser: goal='Keep the household blankets in good order', knows=[], holds=['spark (w_x01440) ×2']
Corin Upstream: goal='Find out how your neighbour is keeping', knows=[], holds=['spark (w_x01441) ×2']
Segwin Sparr: goal='Enjoy a little peace in your neighbourhood', knows=[], holds=['spark (w_x01442) ×6']
Nan Shortmeasure: goal='Keep the household blankets in good order', knows=[], holds=['spark (w_x01443) ×7']
Mote Wetalms: goal='Enjoy a little peace in your neighbourhood', knows=[], holds=['spark (w_x01444) ×6']
Hamel Upstream: goal='Keep your clothes dry', knows=[], holds=['spark (w_x01445) ×5']
Aubin Copp: goal='Share a memory of the street', knows=[], holds=['spark (w_x01446) ×5']
Bertran Brant: goal='Find somewhere to dry your blanket', knows=[], holds=['spark (w_x01447) ×4']
Ib Tarn: goal='Hear news from your kin', knows=[], holds=['spark (w_x01448) ×2']
Renn of the Gutter Steps: goal='Keep the household blankets in good order', knows=[], holds=['spark (w_x01449) ×3']
Aubin Latchkey: goal='Share a memory of the street', knows=[], holds=['spark (w_x01450) ×2']
Cobb Quern: goal='Replace your lost alms bowl', knows=[], holds=['spark (w_x01451) ×2']
Segwin Vell: goal='Hear news from your kin', knows=[], holds=['spark (w_x01452) ×3']
Ewart Shortmeasure: goal='Enjoy a little peace in your neighbourhood', knows=[], holds=['spark (w_x01453) ×3']
Lise Coldhands: goal='Find out how your neighbour is keeping', knows=[], holds=['spark (w_x01454) ×4']
Dunstan the Lesser: goal='Find something to put on your feet', knows=[], holds=['spark (w_x01455) ×5']
Cobb Stott: goal='Hear news from your kin', knows=[], holds=['spark (w_x01456) ×4']
Clemence Ashe: goal='Hear news from your kin', knows=[], holds=['spark (w_x01457) ×6']
Segwin Ferrant: goal='Keep the household blankets in good order', knows=[], holds=['spark (w_x01458) ×3']
Osanne Rasp: goal="Get taken on for a day's work", knows=[], holds=['spark (w_x01459) ×5']
Jonet Ferrant: goal='Enjoy a little peace in your neighbourhood', knows=[], holds=['spark (w_x01460) ×6']
Sibbe Sparr: goal='Keep your clothes dry', knows=[], holds=['spark (w_x01461) ×6']
Colm Fitch: goal='Find something to put on your feet', knows=[], holds=['spark (w_x01462) ×3']
Jonet of the Shambles: goal='Share a memory of the street', knows=[], holds=['spark (w_x01463) ×5']
Jonet the Long: goal='Find out how your neighbour is keeping', knows=[], holds=['spark (w_x01464) ×4']
Aubin of the Low Bridge: goal='Hear news from your kin', knows=[], holds=['spark (w_x01465) ×3']
Ansel Rasp: goal='Hear news from your kin', knows=[], holds=['spark (w_x01466) ×4']
Tib Alder: goal='Keep your clothes dry', knows=[], holds=['spark (w_x01467) ×6']
Bertran Threefinger: goal='Share a memory of the street', knows=[], holds=['spark (w_x01468) ×2']
Colm Scaffold: goal='Share a memory of the street', knows=[], holds=['spark (w_x01469) ×4']
Clemence Tarn: goal='Share a memory of the street', knows=[], holds=['spark (w_x01470) ×7']
Osanne Sparr: goal='Get your sleeping corner back', knows=[], holds=['spark (w_x01471) ×3']
Ansel Sparr: goal='Find out how your neighbour is keeping', knows=[], holds=['spark (w_x01472) ×5']
Petronel Hawser: goal='Hear news from your kin', knows=[], holds=['spark (w_x01473) ×5']
Aldith Pike: goal='Beg or find a meal today', knows=[], holds=['spark (w_x01474) ×5']
Renn Latchkey: goal='Hear news from your kin', knows=[], holds=['spark (w_x01475) ×4']
Osanne Skell: goal='Keep the household blankets in good order', knows=[], holds=['spark (w_x01476) ×3']
Tib Copp: goal='Find a quiet frontage where you are welcome', knows=[], holds=['spark (w_x01477) ×4']
Dob Roper: goal='Enjoy a little peace in your neighbourhood', knows=[], holds=['spark (w_x01478) ×6']
Nan Copp: goal='Find out how your neighbour is keeping', knows=[], holds=['spark (w_x01479) ×4']
Grigor Dorn: goal='Get the penny you were promised for the horse', knows=[], holds=['spark (w_x01480) ×4']
Jonet Alder: goal='Share a memory of the street', knows=[], holds=['spark (w_x01481) ×2']
Sibbe of the Needle: goal='Find a salve for your hands', knows=[], holds=['spark (w_x01482) ×6']
Tib of the Slip: goal='Beg or find a meal today', knows=[], holds=['spark (w_x01483) ×5']
Cobb Stott: goal='Find a salve for your hands', knows=[], holds=['spark (w_x01484) ×5']
Lise Crake: goal='Share a memory of the street', knows=[], holds=['spark (w_x01485) ×7']
Tib Alder: goal='Enjoy a little peace in your neighbourhood', knows=[], holds=['spark (w_x01486) ×4']
Grigor Latchkey: goal='Enjoy a little peace in your neighbourhood', knows=[], holds=['spark (w_x01487) ×2']
Idonea Wetalms: goal='Enjoy a little peace in your neighbourhood', knows=[], holds=['spark (w_x01488) ×4']
Havise Coldhands: goal='Share a memory of the street', knows=[], holds=['spark (w_x01489) ×4']
Ib Threefinger: goal='Keep your clothes dry', knows=[], holds=['spark (w_x01490) ×3']
Segwin Fitch: goal='Keep the household blankets in good order', knows=[], holds=['spark (w_x01491) ×5']
Jos Pike: goal='Share a memory of the street', knows=[], holds=['spark (w_x01492) ×5']
Osanne Alder: goal='Find somewhere you will be left alone', knows=[], holds=['spark (w_x01493) ×3']
Nan of the Tenters: goal='Get your sleeping corner back', knows=[], holds=['spark (w_x01494) ×7']
Nan Ferrant: goal='Find a quiet frontage where you are welcome', knows=[], holds=['spark (w_x01495) ×5']
Hamel of the Tenters: goal='Hear news from your kin', knows=[], holds=['spark (w_x01496) ×2']
Tib Stott: goal='Keep the household blankets in good order', knows=[], holds=['spark (w_x01497) ×6']
Gile of the Tenters: goal='Share a memory of the street', knows=[], holds=['spark (w_x01498) ×6']
Betriss Upstream: goal='Hear news from your kin', knows=[], holds=['spark (w_x01499) ×3']
Mote Crake: goal='Keep your clothes dry', knows=[], holds=['spark (w_x01500) ×7']
Ede Salter: goal='Find out how your neighbour is keeping', knows=[], holds=['spark (w_x01501) ×2']
Dunstan Hawser: goal='Find out how your neighbour is keeping', knows=[], holds=['spark (w_x01502) ×3']
Gile of the Needle: goal='Find out how your neighbour is keeping', knows=[], holds=['spark (w_x01503) ×2']
Ewart of the Gutter Steps: goal='Hear news from your kin', knows=[], holds=['spark (w_x01504) ×2']
Averil Pike: goal='Find out how your neighbour is keeping', knows=[], holds=['spark (w_x01505) ×5']
Sibbe of the Low Bridge: goal='Keep the household blankets in good order', knows=[], holds=['spark (w_x01506) ×6']
Mote Alder: goal='Replace your lost alms bowl', knows=[], holds=['spark (w_x01507) ×4']
Lise Nineteen: goal='Share a memory of the street', knows=[], holds=['spark (w_x01508) ×4']
Clemence the Long: goal='Enjoy a little peace in your neighbourhood', knows=[], holds=['spark (w_x01509) ×2']
Colm of the Low Bridge: goal='Hear news from your kin', knows=[], holds=['spark (w_x01510) ×6']
Segwin the Long: goal='Find somewhere you will be left alone', knows=[], holds=['spark (w_x01511) ×6']
Sef Crake: goal='Enjoy a little peace in your neighbourhood', knows=[], holds=['spark (w_x01512) ×2']
Petronel of the Gutter Steps: goal='Find out how your neighbour is keeping', knows=[], holds=['spark (w_x01513) ×4']
Dunstan Dorn: goal='Find out how your neighbour is keeping', knows=[], holds=['spark (w_x01514) ×6']
Jos Upstream: goal='Find out how your neighbour is keeping', knows=[], holds=['spark (w_x01515) ×2']
Corin Salter: goal='Get the penny you were promised for the horse', knows=[], holds=['spark (w_x01516) ×2']
Renn of Cinder Row: goal='Beg or find a meal today', knows=[], holds=['spark (w_x01517) ×6']
Cobb of Ostrelle: goal="Get taken on for a day's work", knows=[], holds=['spark (w_x01518) ×7']
Pin Crake: goal='Find out how your neighbour is keeping', knows=[], holds=['spark (w_x01519) ×2']
Ewart of the Slip: goal='Find out how your neighbour is keeping', knows=[], holds=['spark (w_x01520) ×4']
Ede Skell: goal='Get your sleeping corner back', knows=[], holds=['spark (w_x01521) ×7']
Renn Upstream: goal='Hear news from your kin', knows=[], holds=['spark (w_x01522) ×7']
Tib Sparr: goal='Share a memory of the street', knows=[], holds=['spark (w_x01523) ×6']
Osanne the Lesser: goal='Find out how your neighbour is keeping', knows=[], holds=['spark (w_x01524) ×5']
Sibbe the Lesser: goal='Find somewhere you will be left alone', knows=[], holds=['spark (w_x01525) ×6']
Petronel Salter: goal='Find out how your neighbour is keeping', knows=[], holds=['spark (w_x01526) ×2']
Dob of the Bellstand: goal='Enjoy a little peace in your neighbourhood', knows=[], holds=['spark (w_x01527) ×7']
Dob of the Needle: goal='Find somewhere you will be left alone', knows=[], holds=['spark (w_x01528) ×6']
Segwin of the Gutter Steps: goal='Share a memory of the street', knows=[], holds=['spark (w_x01529) ×6']
Dob Brant: goal='Keep the household blankets in good order', knows=[], holds=['spark (w_x01530) ×6']
Idonea Sparr: goal='Keep your clothes dry', knows=[], holds=['spark (w_x01531) ×7']
Tobin of the Needle: goal='Hear news from your kin', knows=[], holds=['spark (w_x01532) ×4']
Ib Shortmeasure: goal='Get the penny you were promised for the horse', knows=[], holds=['spark (w_x01533) ×4']
Sef of Ostrelle: goal='Enjoy a little peace in your neighbourhood', knows=[], holds=['spark (w_x01534) ×7']
Gile Fitch: goal='Find out how your neighbour is keeping', knows=[], holds=['spark (w_x01535) ×4']
Ewart the Lesser: goal='Hear news from your kin', knows=[], holds=['spark (w_x01536) ×5']
Bertran the Long: goal='Enjoy a little peace in your neighbourhood', knows=[], holds=['spark (w_x01537) ×7']
Ib of the Tenters: goal='Enjoy a little peace in your neighbourhood', knows=[], holds=['spark (w_x01538) ×6']
Idonea Salter: goal='Keep your clothes dry', knows=[], holds=['spark (w_x01539) ×7']
Pin of the Shambles: goal='Share a memory of the street', knows=[], holds=['spark (w_x01540) ×6']
Osanne Upstream: goal='Find out how your neighbour is keeping', knows=[], holds=['spark (w_x01541) ×2']
Aldith the Long: goal='Enjoy a little peace in your neighbourhood', knows=[], holds=['spark (w_x01542) ×5']
Sef Fitch: goal='Enjoy a little peace in your neighbourhood', knows=[], holds=['spark (w_x01543) ×7']
Aubin Marle: goal='Find out how your neighbour is keeping', knows=[], holds=['spark (w_x01544) ×3']
Pin of Cinder Row: goal='Share a memory of the street', knows=[], holds=['spark (w_x01545) ×4']
Ansel Nineteen: goal='Hear news from your kin', knows=[], holds=['spark (w_x01546) ×3']
Dunstan Threefinger: goal='Find somewhere to dry your blanket', knows=[], holds=['spark (w_x01547) ×6']
Ansel Ferrant: goal='Keep the household blankets in good order', knows=[], holds=['spark (w_x01548) ×7']
Noll Tarn: goal='Share a memory of the street', knows=[], holds=['spark (w_x01549) ×7']
Segwin Pike: goal='Find out how your neighbour is keeping', knows=[], holds=['spark (w_x01550) ×5']
Renn Skell: goal='Share a memory of the street', knows=[], holds=['spark (w_x01551) ×6']
Grigor Crake: goal='Enjoy a little peace in your neighbourhood', knows=[], holds=['spark (w_x01552) ×4']
Sibbe of the Needle: goal='Keep your clothes dry', knows=[], holds=['spark (w_x01553) ×5']
Tib Latchkey: goal='Share a memory of the street', knows=[], holds=['spark (w_x01554) ×6']
Averil Scaffold: goal='Hear news from your kin', knows=[], holds=['spark (w_x01555) ×4']
Mote of the Needle: goal='Keep the household blankets in good order', knows=[], holds=['spark (w_x01556) ×3']
Clemence of Cinder Row: goal='Enjoy a little peace in your neighbourhood', knows=[], holds=['spark (w_x01557) ×2']
Ib Quern: goal='Find something to put on your feet', knows=[], holds=['spark (w_x01558) ×6']
Sibbe Marle: goal='Hear news from your kin', knows=[], holds=['spark (w_x01559) ×5']
Ede Coldhands: goal='Beg or find a meal today', knows=[], holds=['spark (w_x01560) ×6']
Bertran Threefinger: goal='Hear news from your kin', knows=[], holds=['spark (w_x01561) ×2']
Dob Crake: goal='Find out how your neighbour is keeping', knows=[], holds=['spark (w_x01562) ×6']
Lise Roper: goal='Hear news from your kin', knows=[], holds=['spark (w_x01563) ×7']
Ansel Hawser: goal='Enjoy a little peace in your neighbourhood', knows=[], holds=['spark (w_x01564) ×7']
Rohese of the Shambles: goal='Share a memory of the street', knows=[], holds=['spark (w_x01565) ×3']
Osanne Pike: goal='Find out how your neighbour is keeping', knows=[], holds=['spark (w_x01566) ×4']
Sef Vell: goal='Keep the household blankets in good order', knows=[], holds=['spark (w_x01567) ×4']
Ewart Salter: goal='Find somewhere to dry your blanket', knows=[], holds=['spark (w_x01568) ×2']
Mote Upstream: goal='Enjoy a little peace in your neighbourhood', knows=[], holds=['spark (w_x01569) ×3']
Averil of the Tenters: goal='Find out how your neighbour is keeping', knows=[], holds=['spark (w_x01570) ×4']
Idonea the Lesser: goal='Share a memory of the street', knows=[], holds=['spark (w_x01571) ×3']
Sibbe of Ostrelle: goal='Share a memory of the street', knows=[], holds=['spark (w_x01572) ×3']
Nan of Cinder Row: goal='Enjoy a little peace in your neighbourhood', knows=[], holds=['spark (w_x01573) ×2']
Hamel Skell: goal='Hear news from your kin', knows=[], holds=['spark (w_x01574) ×6']
Idonea Roper: goal='Share a memory of the street', knows=[], holds=['spark (w_x01575) ×7']
Idonea Hawser: goal='Share a memory of the street', knows=[], holds=['spark (w_x01576) ×3']
Osanne Latchkey: goal='Enjoy a little peace in your neighbourhood', knows=[], holds=['spark (w_x01577) ×6']
Sibbe Shortmeasure: goal='Find something to put on your feet', knows=[], holds=['spark (w_x01578) ×3']
Ewart Tarn: goal='Share a memory of the street', knows=[], holds=['spark (w_x01579) ×4']
Ib the Long: goal='Share a memory of the street', knows=[], holds=['spark (w_x01580) ×4']
Sef of the Low Bridge: goal='Keep the household blankets in good order', knows=[], holds=['spark (w_x01581) ×7']
Aubin Copp: goal='Find somewhere you will be left alone', knows=[], holds=['spark (w_x01582) ×6']
Ede Hawser: goal='Hear news from your kin', knows=[], holds=['spark (w_x01583) ×4']
Aubin Upstream: goal='Keep your clothes dry', knows=[], holds=['spark (w_x01584) ×4']
Betriss Nineteen: goal='Replace your lost alms bowl', knows=[], holds=['spark (w_x01585) ×5']
Jonet of the Bellstand: goal="Get taken on for a day's work", knows=[], holds=['spark (w_x01586) ×4']
Tib Hawser: goal='Enjoy a little peace in your neighbourhood', knows=[], holds=['spark (w_x01587) ×6']
Rohese of Cinder Row: goal='Find out how your neighbour is keeping', knows=[], holds=['spark (w_x01588) ×5']
Rohese of the Shambles: goal='Keep the household blankets in good order', knows=[], holds=['spark (w_x01589) ×3']
Bertran Wetalms: goal='Find out how your neighbour is keeping', knows=[], holds=['spark (w_x01590) ×5']
Noll of the Low Bridge: goal='Enjoy a little peace in your neighbourhood', knows=[], holds=['spark (w_x01591) ×6']
Ib of the Low Bridge: goal='Hear news from your kin', knows=[], holds=['spark (w_x01592) ×5']
Lise Ashe: goal='Keep the household blankets in good order', knows=[], holds=['spark (w_x01593) ×7']
Sibbe Fitch: goal='Beg or find a meal today', knows=[], holds=['spark (w_x01594) ×5']
Hamel the Long: goal='Enjoy a little peace in your neighbourhood', knows=[], holds=['spark (w_x01595) ×2']
Renn Ashe: goal='Share a memory of the street', knows=[], holds=['spark (w_x01596) ×5']
Corin Shortmeasure: goal='Share a memory of the street', knows=[], holds=['spark (w_x01597) ×6']
Averil Upstream: goal='Find a salve for your hands', knows=[], holds=['spark (w_x01598) ×3']
Jos Threefinger: goal='Find somewhere to dry your blanket', knows=[], holds=['spark (w_x01599) ×5']
Betriss Brant: goal='Share a memory of the street', knows=[], holds=['spark (w_x01600) ×7']
Cobb of the Bellstand: goal='Find something to put on your feet', knows=[], holds=['spark (w_x01601) ×7']
Rohese Latchkey: goal='Find something to put on your feet', knows=[], holds=['spark (w_x01602) ×3']
Mote Hawser: goal='Enjoy a little peace in your neighbourhood', knows=[], holds=['spark (w_x01603) ×6']
Aldith Shortmeasure: goal='Keep your clothes dry', knows=[], holds=['spark (w_x01604) ×7']
Dob Nineteen: goal='Share a memory of the street', knows=[], holds=['spark (w_x01605) ×2']
Sef Rasp: goal='Find out how your neighbour is keeping', knows=[], holds=['spark (w_x01606) ×4']
Dob of Ostrelle: goal='Find somewhere you will be left alone', knows=[], holds=['spark (w_x01607) ×6']
Pin Coldhands: goal='Beg or find a meal today', knows=[], holds=['spark (w_x01608) ×6']
Ewart Shortmeasure: goal='Replace your lost alms bowl', knows=[], holds=['spark (w_x01609) ×2']
Aldith Nineteen: goal='Keep your clothes dry', knows=[], holds=['spark (w_x01610) ×3']
Jonet Ferrant: goal='Find somewhere you will be left alone', knows=[], holds=['spark (w_x01611) ×2']
Pin Hobbe: goal='Find out how your neighbour is keeping', knows=[], holds=['spark (w_x01612) ×4']
Noll of Cinder Row: goal='Share a memory of the street', knows=[], holds=['spark (w_x01613) ×7']
Rohese of the Gutter Steps: goal='Keep your clothes dry', knows=[], holds=['spark (w_x01614) ×5']
Ewart Copp: goal='Hear news from your kin', knows=[], holds=['spark (w_x01615) ×7']
Tib Tarn: goal='Enjoy a little peace in your neighbourhood', knows=[], holds=['spark (w_x01616) ×7']
Jos Latchkey: goal='Share a memory of the street', knows=[], holds=['spark (w_x01617) ×4']
Dunstan Ferrant: goal='Find a quiet frontage where you are welcome', knows=[], holds=['spark (w_x01618) ×3']
Idonea Shortmeasure: goal='Replace your lost alms bowl', knows=[], holds=['spark (w_x01619) ×5']
Colm Sparr: goal='Replace your lost alms bowl', knows=[], holds=['spark (w_x01620) ×4']
Segwin Vell: goal='Find out how your neighbour is keeping', knows=[], holds=['spark (w_x01621) ×3']
Ansel Ashe: goal='Share a memory of the street', knows=[], holds=['spark (w_x01622) ×7']
Nan of Ostrelle: goal='Find something to put on your feet', knows=[], holds=['spark (w_x01623) ×7']
Lise Dorn: goal='Hear news from your kin', knows=[], holds=['spark (w_x01624) ×4']
Tib Brant: goal='Share a memory of the street', knows=[], holds=['spark (w_x01625) ×7']
Grigor Ferrant: goal='Enjoy a little peace in your neighbourhood', knows=[], holds=['spark (w_x01626) ×3']
Dunstan the Lesser: goal='Find somewhere you will be left alone', knows=[], holds=['spark (w_x01627) ×4']
Aldith of Ostrelle: goal='Find a salve for your hands', knows=[], holds=['spark (w_x01628) ×3']
Corin Threefinger: goal="Get taken on for a day's work", knows=[], holds=['spark (w_x01629) ×7']
Corin Salter: goal='Share a memory of the street', knows=[], holds=['spark (w_x01630) ×4']
Tobin Shortmeasure: goal='Beg or find a meal today', knows=[], holds=['spark (w_x01631) ×6']
Renn Threefinger: goal='Find out how your neighbour is keeping', knows=[], holds=['spark (w_x01632) ×7']
Aldith Vell: goal='Find a salve for your hands', knows=[], holds=['spark (w_x01633) ×3']
Sef Vell: goal='Keep the household blankets in good order', knows=[], holds=['spark (w_x01634) ×5']
Tobin Sparr: goal='Enjoy a little peace in your neighbourhood', knows=[], holds=['spark (w_x01635) ×4']
Grigor of the Tenters: goal='Share a memory of the street', knows=[], holds=['spark (w_x01636) ×5']
Rohese Wetalms: goal='Replace your lost alms bowl', knows=[], holds=['spark (w_x01637) ×2']
Sef Upstream: goal='Enjoy a little peace in your neighbourhood', knows=[], holds=['spark (w_x01638) ×6']
Noll of the Slip: goal='Share a memory of the street', knows=[], holds=['spark (w_x01639) ×3']
Sibbe Salter: goal='Keep the household blankets in good order', knows=[], holds=['spark (w_x01640) ×3']
Aubin of the Needle: goal='Find out how your neighbour is keeping', knows=[], holds=['spark (w_x01641) ×6']
Segwin of Cinder Row: goal='Keep your clothes dry', knows=[], holds=['spark (w_x01642) ×7']
Dunstan Copp: goal='Hear news from your kin', knows=[], holds=['spark (w_x01643) ×4']
Gile Vell: goal='Find something to put on your feet', knows=[], holds=['spark (w_x01644) ×3']
Renn Copp: goal='Enjoy a little peace in your neighbourhood', knows=[], holds=['spark (w_x01645) ×4']
Lise Coldhands: goal='Hear news from your kin', knows=[], holds=['spark (w_x01646) ×2']
Idonea Wetalms: goal='Share a memory of the street', knows=[], holds=['spark (w_x01647) ×2']
Clemence Marle: goal='Share a memory of the street', knows=[], holds=['spark (w_x01648) ×5']
Idonea Nineteen: goal='Get the penny you were promised for the horse', knows=[], holds=['spark (w_x01649) ×6']
Ewart Brant: goal='Hear news from your kin', knows=[], holds=['spark (w_x01650) ×2']
Rohese Alder: goal='Keep your clothes dry', knows=[], holds=['spark (w_x01651) ×5']
Pin Skell: goal='Find a salve for your hands', knows=[], holds=['spark (w_x01652) ×2']
Corin of the Needle: goal='Share a memory of the street', knows=[], holds=['spark (w_x01653) ×6']
Ede Wetalms: goal='Share a memory of the street', knows=[], holds=['spark (w_x01654) ×4']
Lise Upstream: goal='Keep your clothes dry', knows=[], holds=['spark (w_x01655) ×3']
Lise Ashe: goal='Enjoy a little peace in your neighbourhood', knows=[], holds=['spark (w_x01656) ×4']
Lise Salter: goal='Find a salve for your hands', knows=[], holds=['spark (w_x01657) ×3']
Nan Hobbe: goal='Find a quiet frontage where you are welcome', knows=[], holds=['spark (w_x01658) ×6']
Hamel Pike: goal='Find a quiet frontage where you are welcome', knows=[], holds=['spark (w_x01659) ×6']
Cobb Brant: goal='Keep your clothes dry', knows=[], holds=['spark (w_x01660) ×6']
Dob of the Needle: goal='Keep the household blankets in good order', knows=[], holds=['spark (w_x01661) ×3']
Ewart of the Slip: goal='Find out how your neighbour is keeping', knows=[], holds=['spark (w_x01662) ×6']
Renn Ashe: goal='Find out how your neighbour is keeping', knows=[], holds=['spark (w_x01663) ×4']
Dunstan Brant: goal='Find out how your neighbour is keeping', knows=[], holds=['spark (w_x01664) ×2']
Ib of the Slip: goal="Get taken on for a day's work", knows=[], holds=['spark (w_x01665) ×5']
Jonet the Lesser: goal='Enjoy a little peace in your neighbourhood', knows=[], holds=['spark (w_x01666) ×5']
Ib of Cinder Row: goal='Share a memory of the street', knows=[], holds=['spark (w_x01667) ×2']
Ib Latchkey: goal='Hear news from your kin', knows=[], holds=['spark (w_x01668) ×2']
Tobin Hawser: goal='Enjoy a little peace in your neighbourhood', knows=[], holds=['spark (w_x01669) ×4']
Hamel Ferrant: goal='Find somewhere you will be left alone', knows=[], holds=['spark (w_x01670) ×4']
Lise Vell: goal='Hear news from your kin', knows=[], holds=['spark (w_x01671) ×7']
Dunstan Skell: goal='Find out how your neighbour is keeping', knows=[], holds=['spark (w_x01672) ×5']
Ede Copp: goal='Enjoy a little peace in your neighbourhood', knows=[], holds=['spark (w_x01673) ×2']
Colm Copp: goal='Keep your clothes dry', knows=[], holds=['spark (w_x01674) ×3']
Ansel Latchkey: goal='Keep your clothes dry', knows=[], holds=['spark (w_x01675) ×4']
Averil the Lesser: goal='Find a quiet frontage where you are welcome', knows=[], holds=['spark (w_x01676) ×4']
Renn Quern: goal='Get your sleeping corner back', knows=[], holds=['spark (w_x01677) ×4']
Ib Coldhands: goal='Find something to put on your feet', knows=[], holds=['spark (w_x01678) ×3']
Ansel Vell: goal='Keep the household blankets in good order', knows=[], holds=['spark (w_x01679) ×5']
Mote of the Slip: goal='Get your sleeping corner back', knows=[], holds=['spark (w_x01680) ×6']
Segwin Tarn: goal='Hear news from your kin', knows=[], holds=['spark (w_x01681) ×7']
Aldith of the Needle: goal='Find a salve for your hands', knows=[], holds=['spark (w_x01682) ×6']
Tib Roper: goal='Find somewhere to dry your blanket', knows=[], holds=['spark (w_x01683) ×4']
Jonet Nineteen: goal='Hear news from your kin', knows=[], holds=['spark (w_x01684) ×3']
Ib Roper: goal='Find somewhere to dry your blanket', knows=[], holds=['spark (w_x01685) ×3']
Petronel Latchkey: goal='Hear news from your kin', knows=[], holds=['spark (w_x01686) ×5']
Jonet Fitch: goal='Keep the household blankets in good order', knows=[], holds=['spark (w_x01687) ×4']
Sibbe of the Needle: goal='Enjoy a little peace in your neighbourhood', knows=[], holds=['spark (w_x01688) ×7']
Clemence Nineteen: goal='Share a memory of the street', knows=[], holds=['spark (w_x01689) ×6']
Cobb Crake: goal='Hear news from your kin', knows=[], holds=['spark (w_x01690) ×7']
Segwin Copp: goal='Share a memory of the street', knows=[], holds=['spark (w_x01691) ×3']
Segwin Copp: goal='Keep the household blankets in good order', knows=[], holds=['spark (w_x01692) ×2']
Jos Latchkey: goal='Share a memory of the street', knows=[], holds=['spark (w_x01693) ×2']
Colm of the Gutter Steps: goal='Share a memory of the street', knows=[], holds=['spark (w_x01694) ×2']
Sibbe Vell: goal='Enjoy a little peace in your neighbourhood', knows=[], holds=['spark (w_x01695) ×6']
Clemence Alder: goal='Hear news from your kin', knows=[], holds=['spark (w_x01696) ×7']
Ansel of Ostrelle: goal='Find a salve for your hands', knows=[], holds=['spark (w_x01697) ×5']
Segwin of the Slip: goal='Find out how your neighbour is keeping', knows=[], holds=['spark (w_x01698) ×4']
Tib of the Needle: goal='Enjoy a little peace in your neighbourhood', knows=[], holds=['spark (w_x01699) ×4']
Sibbe Tarn: goal='Keep the household blankets in good order', knows=[], holds=['spark (w_x01700) ×4']
Hamel Threefinger: goal='Find a quiet frontage where you are welcome', knows=[], holds=['spark (w_x01701) ×3']
Tib of Ostrelle: goal='Keep the household blankets in good order', knows=[], holds=['spark (w_x01702) ×2']
Tobin Hobbe: goal='Find out how your neighbour is keeping', knows=[], holds=['spark (w_x01703) ×7']
Dunstan Nineteen: goal='Keep the household blankets in good order', knows=[], holds=['spark (w_x01704) ×4']
Rohese Nineteen: goal='Keep the household blankets in good order', knows=[], holds=['spark (w_x01705) ×6']
Cobb Skell: goal='Enjoy a little peace in your neighbourhood', knows=[], holds=['spark (w_x01706) ×7']
Hamel of the Slip: goal='Beg or find a meal today', knows=[], holds=['spark (w_x01707) ×3']
Mote Rasp: goal='Find something to put on your feet', knows=[], holds=['spark (w_x01708) ×3']
Clemence Salter: goal='Hear news from your kin', knows=[], holds=['spark (w_x01709) ×2']
Colm Hawser: goal='Find out how your neighbour is keeping', knows=[], holds=['spark (w_x01710) ×5']
Ewart Roper: goal='Hear news from your kin', knows=[], holds=['spark (w_x01711) ×5']
Ansel Shortmeasure: goal='Replace your lost alms bowl', knows=[], holds=['spark (w_x01712) ×6']
Renn Marle: goal='Keep your clothes dry', knows=[], holds=['spark (w_x01713) ×5']
Corin the Lesser: goal='Enjoy a little peace in your neighbourhood', knows=[], holds=['spark (w_x01714) ×2']
Idonea Threefinger: goal='Hear news from your kin', knows=[], holds=['spark (w_x01715) ×3']
Clemence Nineteen: goal='Keep your clothes dry', knows=[], holds=['spark (w_x01716) ×2']
Bertran Shortmeasure: goal='Find a salve for your hands', knows=[], holds=['spark (w_x01717) ×7']
Nan of the Shambles: goal='Share a memory of the street', knows=[], holds=['spark (w_x01718) ×2']
Colm Ferrant: goal='Keep your clothes dry', knows=[], holds=['spark (w_x01719) ×5']
Idonea the Long: goal='Beg or find a meal today', knows=[], holds=['spark (w_x01720) ×6']
Ansel Fitch: goal='Find out how your neighbour is keeping', knows=[], holds=['spark (w_x01721) ×7']
Ib of Cinder Row: goal='Enjoy a little peace in your neighbourhood', knows=[], holds=['spark (w_x01722) ×6']
Aldith Skell: goal='Keep the household blankets in good order', knows=[], holds=['spark (w_x01723) ×7']
Noll Pike: goal='Find out how your neighbour is keeping', knows=[], holds=['spark (w_x01724) ×7']
Betriss Tarn: goal='Find out how your neighbour is keeping', knows=[], holds=['spark (w_x01725) ×3']
Osanne Scaffold: goal='Find out how your neighbour is keeping', knows=[], holds=['spark (w_x01726) ×5']
Rohese of the Shambles: goal='Find out how your neighbour is keeping', knows=[], holds=['spark (w_x01727) ×5']
Idonea Stott: goal='Hear news from your kin', knows=[], holds=['spark (w_x01728) ×7']
Betriss Coldhands: goal='Find something to put on your feet', knows=[], holds=['spark (w_x01729) ×7']
Tobin Rasp: goal='Hear news from your kin', knows=[], holds=['spark (w_x01730) ×7']
Lise of the Gutter Steps: goal='Find somewhere you will be left alone', knows=[], holds=['spark (w_x01731) ×3']
Lise of the Shambles: goal='Share a memory of the street', knows=[], holds=['spark (w_x01732) ×6']
Aldith Fitch: goal='Enjoy a little peace in your neighbourhood', knows=[], holds=['spark (w_x01733) ×6']
Colm Stott: goal='Find out how your neighbour is keeping', knows=[], holds=['spark (w_x01734) ×2']
Ib of the Bellstand: goal='Hear news from your kin', knows=[], holds=['spark (w_x01735) ×4']
Jonet of Ostrelle: goal='Hear news from your kin', knows=[], holds=['spark (w_x01736) ×6']
Tib of the Shambles: goal='Enjoy a little peace in your neighbourhood', knows=[], holds=['spark (w_x01737) ×3']
Renn Salter: goal='Find out how your neighbour is keeping', knows=[], holds=['spark (w_x01738) ×2']
Clemence Salter: goal='Enjoy a little peace in your neighbourhood', knows=[], holds=['spark (w_x01739) ×7']
Ede Skell: goal='Hear news from your kin', knows=[], holds=['spark (w_x01740) ×4']
Ib Coldhands: goal='Hear news from your kin', knows=[], holds=['spark (w_x01741) ×7']
Osanne of the Needle: goal='Find a quiet frontage where you are welcome', knows=[], holds=['spark (w_x01742) ×4']
Gile Tarn: goal='Find out how your neighbour is keeping', knows=[], holds=['spark (w_x01743) ×3']
Dunstan the Long: goal='Keep the household blankets in good order', knows=[], holds=['spark (w_x01744) ×4']
Dunstan Fitch: goal='Keep your clothes dry', knows=[], holds=['spark (w_x01745) ×7']
Jos Nineteen: goal='Share a memory of the street', knows=[], holds=['spark (w_x01746) ×3']
Cobb Copp: goal='Find somewhere you will be left alone', knows=[], holds=['spark (w_x01747) ×3']
Bertran the Lesser: goal='Find out how your neighbour is keeping', knows=[], holds=['spark (w_x01748) ×3']
Ib Threefinger: goal='Find out how your neighbour is keeping', knows=[], holds=['spark (w_x01749) ×2']
Bertran the Lesser: goal='Enjoy a little peace in your neighbourhood', knows=[], holds=['spark (w_x01750) ×7']
Segwin Marle: goal='Find something to put on your feet', knows=[], holds=['spark (w_x01751) ×5']
Pin Copp: goal='Find out how your neighbour is keeping', knows=[], holds=['spark (w_x01752) ×4']
Rohese of Ostrelle: goal='Find somewhere to dry your blanket', knows=[], holds=['spark (w_x01753) ×3']
Jonet Quern: goal='Hear news from your kin', knows=[], holds=['spark (w_x01754) ×4']
Aubin Roper: goal='Find out how your neighbour is keeping', knows=[], holds=['spark (w_x01755) ×2']
Idonea Ashe: goal='Hear news from your kin', knows=[], holds=['spark (w_x01756) ×3']
Clemence Rasp: goal='Share a memory of the street', knows=[], holds=['spark (w_x01757) ×5']
Cobb Hobbe: goal='Find out how your neighbour is keeping', knows=[], holds=['spark (w_x01758) ×7']
Osanne of the Needle: goal='Find out how your neighbour is keeping', knows=[], holds=['spark (w_x01759) ×2']
Clemence Dorn: goal='Keep your clothes dry', knows=[], holds=['spark (w_x01760) ×3']
Rohese of Cinder Row: goal='Enjoy a little peace in your neighbourhood', knows=[], holds=['spark (w_x01761) ×6']
Renn Fitch: goal='Find out how your neighbour is keeping', knows=[], holds=['spark (w_x01762) ×3']
Nan Stott: goal="Get taken on for a day's work", knows=[], holds=['spark (w_x01763) ×3']
Aldith Crake: goal='Enjoy a little peace in your neighbourhood', knows=[], holds=['spark (w_x01764) ×7']
Mote Hobbe: goal='Keep your clothes dry', knows=[], holds=['spark (w_x01765) ×5']
Dunstan Coldhands: goal='Enjoy a little peace in your neighbourhood', knows=[], holds=['spark (w_x01766) ×5']
Havise Coldhands: goal='Keep the household blankets in good order', knows=[], holds=['spark (w_x01767) ×6']
Pin Copp: goal='Keep the household blankets in good order', knows=[], holds=['spark (w_x01768) ×5']
Noll of the Slip: goal='Enjoy a little peace in your neighbourhood', knows=[], holds=['spark (w_x01769) ×2']
Sef Upstream: goal='Keep the household blankets in good order', knows=[], holds=['spark (w_x01770) ×4']
Jos of the Low Bridge: goal='Keep the household blankets in good order', knows=[], holds=['spark (w_x01771) ×7']
Dob Hawser: goal='Keep your clothes dry', knows=[], holds=['spark (w_x01772) ×2']
Clemence Stott: goal='Share a memory of the street', knows=[], holds=['spark (w_x01773) ×6']
Idonea of the Slip: goal='Keep the household blankets in good order', knows=[], holds=['spark (w_x01774) ×7']
Jos of the Slip: goal='Find somewhere to dry your blanket', knows=[], holds=['spark (w_x01775) ×7']
Corin Latchkey: goal='Keep your clothes dry', knows=[], holds=['spark (w_x01776) ×2']
Aubin Fitch: goal='Share a memory of the street', knows=[], holds=['spark (w_x01777) ×4']
Corin Shortmeasure: goal='Enjoy a little peace in your neighbourhood', knows=[], holds=['spark (w_x01778) ×3']
Mote Ferrant: goal='Get the penny you were promised for the horse', knows=[], holds=['spark (w_x01779) ×4']
Colm of the Tenters: goal='Keep your clothes dry', knows=[], holds=['spark (w_x01780) ×2']
Havise Threefinger: goal='Enjoy a little peace in your neighbourhood', knows=[], holds=['spark (w_x01781) ×4']
Pin of the Shambles: goal='Find something to put on your feet', knows=[], holds=['spark (w_x01782) ×6']
Aldith the Lesser: goal='Get the penny you were promised for the horse', knows=[], holds=['spark (w_x01783) ×4']
Rohese Wetalms: goal='Find something to put on your feet', knows=[], holds=['spark (w_x01784) ×2']
Idonea Copp: goal='Enjoy a little peace in your neighbourhood', knows=[], holds=['spark (w_x01785) ×7']
Averil Scaffold: goal='Enjoy a little peace in your neighbourhood', knows=[], holds=['spark (w_x01786) ×2']
Ewart Tarn: goal='Replace your lost alms bowl', knows=[], holds=['spark (w_x01787) ×3']
Corin Marle: goal='Hear news from your kin', knows=[], holds=['spark (w_x01788) ×7']
Gile Latchkey: goal='Find out how your neighbour is keeping', knows=[], holds=['spark (w_x01789) ×6']
Aubin of the Shambles: goal='Find a salve for your hands', knows=[], holds=['spark (w_x01790) ×4']
Aldith Skell: goal='Share a memory of the street', knows=[], holds=['spark (w_x01791) ×7']
Osanne Shortmeasure: goal='Share a memory of the street', knows=[], holds=['spark (w_x01792) ×5']
Jos Rasp: goal='Find a quiet frontage where you are welcome', knows=[], holds=['spark (w_x01793) ×7']
Osanne Scaffold: goal='Enjoy a little peace in your neighbourhood', knows=[], holds=['spark (w_x01794) ×6']
Sibbe of the Gutter Steps: goal='Find out how your neighbour is keeping', knows=[], holds=['spark (w_x01795) ×2']
Betriss of the Shambles: goal='Find a salve for your hands', knows=[], holds=['spark (w_x01796) ×4']
Hamel Upstream: goal='Find somewhere to dry your blanket', knows=[], holds=['spark (w_x01797) ×7']
Cobb the Lesser: goal='Find a quiet frontage where you are welcome', knows=[], holds=['spark (w_x01798) ×4']
Dunstan the Lesser: goal='Enjoy a little peace in your neighbourhood', knows=[], holds=['spark (w_x01799) ×6']
Jos Shortmeasure: goal='Find out how your neighbour is keeping', knows=[], holds=['spark (w_x01800) ×5']
Colm Skell: goal='Share a memory of the street', knows=[], holds=['spark (w_x01801) ×6']
Dunstan Crake: goal='Hear news from your kin', knows=[], holds=['spark (w_x01802) ×3']
Lise Pike: goal='Share a memory of the street', knows=[], holds=['spark (w_x01803) ×5']
Osanne Shortmeasure: goal='Find a quiet frontage where you are welcome', knows=[], holds=['spark (w_x01804) ×5']
Mote Copp: goal='Enjoy a little peace in your neighbourhood', knows=[], holds=['spark (w_x01805) ×2']
Noll Stott: goal="Get taken on for a day's work", knows=[], holds=['spark (w_x01806) ×6']
Pin Copp: goal='Share a memory of the street', knows=[], holds=['spark (w_x01807) ×7']
Jos of the Low Bridge: goal='Keep the household blankets in good order', knows=[], holds=['spark (w_x01808) ×5']
Jonet Hawser: goal='Keep the household blankets in good order', knows=[], holds=['spark (w_x01809) ×5']
Mote of the Low Bridge: goal='Find somewhere you will be left alone', knows=[], holds=['spark (w_x01810) ×5']
Nan Threefinger: goal='Find out how your neighbour is keeping', knows=[], holds=['spark (w_x01811) ×7']
Rohese Latchkey: goal='Share a memory of the street', knows=[], holds=['spark (w_x01812) ×6']
Petronel of Ostrelle: goal='Find out how your neighbour is keeping', knows=[], holds=['spark (w_x01813) ×7']
Idonea Hobbe: goal='Find out how your neighbour is keeping', knows=[], holds=['spark (w_x01814) ×7']
Petronel of Ostrelle: goal='Share a memory of the street', knows=[], holds=['spark (w_x01815) ×2']
Sef of the Tenters: goal='Beg or find a meal today', knows=[], holds=['spark (w_x01816) ×3']
Gile Threefinger: goal='Keep your clothes dry', knows=[], holds=['spark (w_x01817) ×6']
Jos of the Needle: goal='Find out how your neighbour is keeping', knows=[], holds=['spark (w_x01818) ×6']
Pin Coldhands: goal='Keep your clothes dry', knows=[], holds=['spark (w_x01819) ×3']
Renn of the Shambles: goal='Find a quiet frontage where you are welcome', knows=[], holds=['spark (w_x01820) ×6']
Tib Crake: goal='Share a memory of the street', knows=[], holds=['spark (w_x01821) ×7']
Colm the Long: goal='Enjoy a little peace in your neighbourhood', knows=[], holds=['spark (w_x01822) ×6']
Ansel Roper: goal='Keep the household blankets in good order', knows=[], holds=['spark (w_x01823) ×7']
Ib Pike: goal='Hear news from your kin', knows=[], holds=['spark (w_x01824) ×7']
Averil of the Slip: goal='Find out how your neighbour is keeping', knows=[], holds=['spark (w_x01825) ×5']
Grigor Tarn: goal='Enjoy a little peace in your neighbourhood', knows=[], holds=['spark (w_x01826) ×6']
Segwin the Long: goal='Share a memory of the street', knows=[], holds=['spark (w_x01827) ×7']
Jonet Stott: goal='Share a memory of the street', knows=[], holds=['spark (w_x01828) ×7']
Nan the Long: goal='Share a memory of the street', knows=[], holds=['spark (w_x01829) ×7']
Ib of the Slip: goal='Keep your clothes dry', knows=[], holds=['spark (w_x01830) ×3']
Corin of the Bellstand: goal='Share a memory of the street', knows=[], holds=['spark (w_x01831) ×4']
Aubin Salter: goal='Find somewhere you will be left alone', knows=[], holds=['spark (w_x01832) ×7']
Sibbe Threefinger: goal='Enjoy a little peace in your neighbourhood', knows=[], holds=['spark (w_x01833) ×5']
Idonea of Cinder Row: goal='Enjoy a little peace in your neighbourhood', knows=[], holds=['spark (w_x01834) ×6']
Lise Threefinger: goal='Keep your clothes dry', knows=[], holds=['spark (w_x01835) ×7']
Grigor Marle: goal='Share a memory of the street', knows=[], holds=['spark (w_x01836) ×5']
Tobin Marle: goal='Share a memory of the street', knows=[], holds=['spark (w_x01837) ×3']
Ewart of Ostrelle: goal='Find somewhere to dry your blanket', knows=[], holds=['spark (w_x01838) ×4']
Havise of Ostrelle: goal='Replace your lost alms bowl', knows=[], holds=['spark (w_x01839) ×5']
Sibbe Quern: goal='Keep your clothes dry', knows=[], holds=['spark (w_x01840) ×7']
Gile Crake: goal='Hear news from your kin', knows=[], holds=['spark (w_x01841) ×5']
Sef Sparr: goal='Find out how your neighbour is keeping', knows=[], holds=['spark (w_x01842) ×5']
Idonea Hobbe: goal='Beg or find a meal today', knows=[], holds=['spark (w_x01843) ×5']
Cobb Roper: goal='Keep your clothes dry', knows=[], holds=['spark (w_x01844) ×7']
Averil Upstream: goal='Keep the household blankets in good order', knows=[], holds=['spark (w_x01845) ×4']
Betriss Roper: goal='Share a memory of the street', knows=[], holds=['spark (w_x01846) ×7']
Osanne of Ostrelle: goal='Enjoy a little peace in your neighbourhood', knows=[], holds=['spark (w_x01847) ×5']
Osanne Brant: goal='Find out how your neighbour is keeping', knows=[], holds=['spark (w_x01848) ×7']
Corin Marle: goal='Hear news from your kin', knows=[], holds=['spark (w_x01849) ×6']
Averil Sparr: goal='Hear news from your kin', knows=[], holds=['spark (w_x01850) ×5']
Ede Dorn: goal='Hear news from your kin', knows=[], holds=['spark (w_x01851) ×2']
Ewart of the Low Bridge: goal='Keep the household blankets in good order', knows=[], holds=['spark (w_x01852) ×2']
Ib Salter: goal='Keep your clothes dry', knows=[], holds=['spark (w_x01853) ×2']
Hamel Pike: goal='Keep your clothes dry', knows=[], holds=['spark (w_x01854) ×4']
Aldith Scaffold: goal='Find something to put on your feet', knows=[], holds=['spark (w_x01855) ×3']
Clemence Copp: goal='Find a salve for your hands', knows=[], holds=['spark (w_x01856) ×5']
Renn Crake: goal='Enjoy a little peace in your neighbourhood', knows=[], holds=['spark (w_x01857) ×3']
Averil Skell: goal='Share a memory of the street', knows=[], holds=['spark (w_x01858) ×6']
Rohese Wetalms: goal='Share a memory of the street', knows=[], holds=['spark (w_x01859) ×6']
Ede Dorn: goal='Keep your clothes dry', knows=[], holds=['spark (w_x01860) ×6']
Osanne of Cinder Row: goal='Share a memory of the street', knows=[], holds=['spark (w_x01861) ×4']
Pin of Cinder Row: goal="Get taken on for a day's work", knows=[], holds=['spark (w_x01862) ×3']
Petronel Hawser: goal='Hear news from your kin', knows=[], holds=['spark (w_x01863) ×2']
Pin of the Gutter Steps: goal='Hear news from your kin', knows=[], holds=['spark (w_x01864) ×2']
Clemence of the Bellstand: goal='Keep the household blankets in good order', knows=[], holds=['spark (w_x01865) ×2']
Clemence Coldhands: goal='Keep your clothes dry', knows=[], holds=['spark (w_x01866) ×2']
Sibbe Crake: goal='Get your sleeping corner back', knows=[], holds=['spark (w_x01867) ×5']
Tobin the Long: goal='Keep your clothes dry', knows=[], holds=['spark (w_x01868) ×6']
Jos of the Tenters: goal='Hear news from your kin', knows=[], holds=['spark (w_x01869) ×7']
Nan Hawser: goal='Find out how your neighbour is keeping', knows=[], holds=['spark (w_x01870) ×4']
Rohese Vell: goal='Find out how your neighbour is keeping', knows=[], holds=['spark (w_x01871) ×3']
Havise of the Bellstand: goal='Keep the household blankets in good order', knows=[], holds=['spark (w_x01872) ×2']
Osanne the Long: goal='Find out how your neighbour is keeping', knows=[], holds=['spark (w_x01873) ×5']
Hamel of the Low Bridge: goal='Get your sleeping corner back', knows=[], holds=['spark (w_x01874) ×6']
Ansel Marle: goal='Find somewhere you will be left alone', knows=[], holds=['spark (w_x01875) ×5']
Nan Roper: goal='Find somewhere to dry your blanket', knows=[], holds=['spark (w_x01876) ×3']
Jonet Sparr: goal='Enjoy a little peace in your neighbourhood', knows=[], holds=['spark (w_x01877) ×5']
Tobin the Long: goal='Beg or find a meal today', knows=[], holds=['spark (w_x01878) ×4']
Ansel Rasp: goal='Beg or find a meal today', knows=[], holds=['spark (w_x01879) ×4']
Clemence Crake: goal='Find out how your neighbour is keeping', knows=[], holds=['spark (w_x01880) ×3']
Noll of Cinder Row: goal='Hear news from your kin', knows=[], holds=['spark (w_x01881) ×4']
Nan of the Needle: goal='Find out how your neighbour is keeping', knows=[], holds=['spark (w_x01882) ×2']
Petronel Upstream: goal='Hear news from your kin', knows=[], holds=['spark (w_x01883) ×5']
Grigor Marle: goal='Share a memory of the street', knows=[], holds=['spark (w_x01884) ×4']
Tobin Nineteen: goal='Hear news from your kin', knows=[], holds=['spark (w_x01885) ×7']
Ewart Roper: goal='Find out how your neighbour is keeping', knows=[], holds=['spark (w_x01886) ×6']
Rohese of the Low Bridge: goal='Enjoy a little peace in your neighbourhood', knows=[], holds=['spark (w_x01887) ×3']
Lise Roper: goal='Keep your clothes dry', knows=[], holds=['spark (w_x01888) ×6']
Idonea Brant: goal='Keep your clothes dry', knows=[], holds=['spark (w_x01889) ×5']
Ib Marle: goal='Keep your clothes dry', knows=[], holds=['spark (w_x01890) ×4']
Tib Fitch: goal='Hear news from your kin', knows=[], holds=['spark (w_x01891) ×6']
Ede Ashe: goal='Share a memory of the street', knows=[], holds=['spark (w_x01892) ×4']
Aubin Tarn: goal='Keep the household blankets in good order', knows=[], holds=['spark (w_x01893) ×7']
Clemence Marle: goal='Find something to put on your feet', knows=[], holds=['spark (w_x01894) ×6']
Jos Brant: goal='Share a memory of the street', knows=[], holds=['spark (w_x01895) ×3']
Aldith Crake: goal='Enjoy a little peace in your neighbourhood', knows=[], holds=['spark (w_x01896) ×7']
Ewart Latchkey: goal='Share a memory of the street', knows=[], holds=['spark (w_x01897) ×3']
Osanne of the Slip: goal='Hear news from your kin', knows=[], holds=['spark (w_x01898) ×7']
Colm Hobbe: goal='Find something to put on your feet', knows=[], holds=['spark (w_x01899) ×2']
Sibbe Upstream: goal='Keep the household blankets in good order', knows=[], holds=['spark (w_x01900) ×4']
Hamel Pike: goal='Keep the household blankets in good order', knows=[], holds=['spark (w_x01901) ×3']
Aubin Sparr: goal='Find something to put on your feet', knows=[], holds=['spark (w_x01902) ×5']
Dunstan Vell: goal='Beg or find a meal today', knows=[], holds=['spark (w_x01903) ×7']
Ansel Rasp: goal='Keep the household blankets in good order', knows=[], holds=['spark (w_x01904) ×7']
Hamel Threefinger: goal='Enjoy a little peace in your neighbourhood', knows=[], holds=['spark (w_x01905) ×5']
Corin the Lesser: goal="Get taken on for a day's work", knows=[], holds=['spark (w_x01906) ×7']
Aubin Salter: goal="Get taken on for a day's work", knows=[], holds=['spark (w_x01907) ×2']
Ansel Copp: goal='Share a memory of the street', knows=[], holds=['spark (w_x01908) ×4']
Petronel Wetalms: goal='Share a memory of the street', knows=[], holds=['spark (w_x01909) ×5']
Noll Wetalms: goal='Find out how your neighbour is keeping', knows=[], holds=['spark (w_x01910) ×2']
Mote Dorn: goal='Find out how your neighbour is keeping', knows=[], holds=['spark (w_x01911) ×5']
Gile Threefinger: goal='Keep the household blankets in good order', knows=[], holds=['spark (w_x01912) ×5']
Lise Coldhands: goal='Hear news from your kin', knows=[], holds=['spark (w_x01913) ×5']
Hamel Shortmeasure: goal='Beg or find a meal today', knows=[], holds=['spark (w_x01914) ×6']
Osanne Brant: goal='Enjoy a little peace in your neighbourhood', knows=[], holds=['spark (w_x01915) ×2']
Cobb Quern: goal='Replace your lost alms bowl', knows=[], holds=['spark (w_x01916) ×2']
Aldith Nineteen: goal='Keep the household blankets in good order', knows=[], holds=['spark (w_x01917) ×6']
Dob Nineteen: goal='Enjoy a little peace in your neighbourhood', knows=[], holds=['spark (w_x01918) ×2']
Tib Stott: goal='Find out how your neighbour is keeping', knows=[], holds=['spark (w_x01919) ×5']
Ansel Rasp: goal='Replace your lost alms bowl', knows=[], holds=['spark (w_x01920) ×2']
Jonet Alder: goal='Enjoy a little peace in your neighbourhood', knows=[], holds=['spark (w_x01921) ×4']
Cobb Scaffold: goal='Replace your lost alms bowl', knows=[], holds=['spark (w_x01922) ×6']
Pin the Lesser: goal='Share a memory of the street', knows=[], holds=['spark (w_x01923) ×4']
Tobin Ashe: goal='Keep the household blankets in good order', knows=[], holds=['spark (w_x01924) ×7']
Bertran Pike: goal='Keep your clothes dry', knows=[], holds=['spark (w_x01925) ×6']
Dunstan of the Low Bridge: goal='Find out how your neighbour is keeping', knows=[], holds=['spark (w_x01926) ×2']
Dunstan of the Needle: goal='Get your sleeping corner back', knows=[], holds=['spark (w_x01927) ×2']
Ib Pike: goal='Beg or find a meal today', knows=[], holds=['spark (w_x01928) ×6']
Pin the Lesser: goal='Share a memory of the street', knows=[], holds=['spark (w_x01929) ×3']
Pin Stott: goal='Find somewhere to dry your blanket', knows=[], holds=['spark (w_x01930) ×2']
Rohese of the Shambles: goal='Get the penny you were promised for the horse', knows=[], holds=['spark (w_x01931) ×5']
Corin Roper: goal='Share a memory of the street', knows=[], holds=['spark (w_x01932) ×2']
Tib Tarn: goal='Hear news from your kin', knows=[], holds=['spark (w_x01933) ×2']
Segwin Crake: goal='Replace your lost alms bowl', knows=[], holds=['spark (w_x01934) ×3']
Jos Rasp: goal='Get the penny you were promised for the horse', knows=[], holds=['spark (w_x01935) ×6']
Petronel Coldhands: goal='Enjoy a little peace in your neighbourhood', knows=[], holds=['spark (w_x01936) ×7']
Tib Quern: goal='Keep your clothes dry', knows=[], holds=['spark (w_x01937) ×4']
Osanne Brant: goal='Enjoy a little peace in your neighbourhood', knows=[], holds=['spark (w_x01938) ×4']
Lise Fitch: goal='Share a memory of the street', knows=[], holds=['spark (w_x01939) ×3']
Petronel Dorn: goal='Find a salve for your hands', knows=[], holds=['spark (w_x01940) ×4']
Mote the Long: goal='Find something to put on your feet', knows=[], holds=['spark (w_x01941) ×4']
Petronel of the Low Bridge: goal='Share a memory of the street', knows=[], holds=['spark (w_x01942) ×2']
Aubin Rasp: goal='Enjoy a little peace in your neighbourhood', knows=[], holds=['spark (w_x01943) ×7']
Rohese Marle: goal='Enjoy a little peace in your neighbourhood', knows=[], holds=['spark (w_x01944) ×3']
Aldith of the Tenters: goal='Replace your lost alms bowl', knows=[], holds=['spark (w_x01945) ×4']
Petronel of the Low Bridge: goal="Get taken on for a day's work", knows=[], holds=['spark (w_x01946) ×6']
Cobb of the Shambles: goal='Keep the household blankets in good order', knows=[], holds=['spark (w_x01947) ×5']
Rohese of the Low Bridge: goal='Find a salve for your hands', knows=[], holds=['spark (w_x01948) ×7']
Idonea of Cinder Row: goal='Find something to put on your feet', knows=[], holds=['spark (w_x01949) ×7']
Pin the Lesser: goal='Share a memory of the street', knows=[], holds=['spark (w_x01950) ×7']
Renn Roper: goal='Find out how your neighbour is keeping', knows=[], holds=['spark (w_x01951) ×2']
Cobb Hawser: goal='Keep the household blankets in good order', knows=[], holds=['spark (w_x01952) ×5']
Lise of the Bellstand: goal='Enjoy a little peace in your neighbourhood', knows=[], holds=['spark (w_x01953) ×3']
Tobin Ashe: goal='Keep your clothes dry', knows=[], holds=['spark (w_x01954) ×3']
Nan Vell: goal='Get your sleeping corner back', knows=[], holds=['spark (w_x01955) ×5']
Ede of the Gutter Steps: goal="Get taken on for a day's work", knows=[], holds=['spark (w_x01956) ×7']
Havise Skell: goal='Find a quiet frontage where you are welcome', knows=[], holds=['spark (w_x01957) ×4']
Petronel Crake: goal='Find out how your neighbour is keeping', knows=[], holds=['spark (w_x01958) ×3']
Osanne of the Slip: goal='Keep your clothes dry', knows=[], holds=['spark (w_x01959) ×5']
Tib the Lesser: goal='Hear news from your kin', knows=[], holds=['spark (w_x01960) ×5']
Mote of the Gutter Steps: goal='Keep the household blankets in good order', knows=[], holds=['spark (w_x01961) ×7']
Corin Fitch: goal='Enjoy a little peace in your neighbourhood', knows=[], holds=['spark (w_x01962) ×6']
Ede Stott: goal='Enjoy a little peace in your neighbourhood', knows=[], holds=['spark (w_x01963) ×6']
Ewart Roper: goal='Keep the household blankets in good order', knows=[], holds=['spark (w_x01964) ×7']
Aubin Marle: goal='Find somewhere you will be left alone', knows=[], holds=['spark (w_x01965) ×7']
Gile of the Gutter Steps: goal='Keep your clothes dry', knows=[], holds=['spark (w_x01966) ×4']
Ewart Sparr: goal='Share a memory of the street', knows=[], holds=['spark (w_x01967) ×6']
Idonea Hobbe: goal='Hear news from your kin', knows=[], holds=['spark (w_x01968) ×5']
Petronel of the Tenters: goal='Hear news from your kin', knows=[], holds=['spark (w_x01969) ×7']
Mote Fitch: goal='Keep the household blankets in good order', knows=[], holds=['spark (w_x01970) ×2']
Havise of Cinder Row: goal='Hear news from your kin', knows=[], holds=['spark (w_x01971) ×7']
Aldith Threefinger: goal='Hear news from your kin', knows=[], holds=['spark (w_x01972) ×6']
Renn Vell: goal='Keep your clothes dry', knows=[], holds=['spark (w_x01973) ×5']
Petronel Brant: goal='Hear news from your kin', knows=[], holds=['spark (w_x01974) ×2']
Sibbe Coldhands: goal='Find a quiet frontage where you are welcome', knows=[], holds=['spark (w_x01975) ×5']
Rohese Salter: goal='Keep the household blankets in good order', knows=[], holds=['spark (w_x01976) ×3']
Noll Crake: goal='Hear news from your kin', knows=[], holds=['spark (w_x01977) ×3']
Osanne Nineteen: goal='Get the penny you were promised for the horse', knows=[], holds=['spark (w_x01978) ×2']
Sef Nineteen: goal="Get taken on for a day's work", knows=[], holds=['spark (w_x01979) ×5']
Colm Quern: goal='Replace your lost alms bowl', knows=[], holds=['spark (w_x01980) ×6']
Segwin of the Bellstand: goal='Share a memory of the street', knows=[], holds=['spark (w_x01981) ×2']
Segwin Threefinger: goal='Keep your clothes dry', knows=[], holds=['spark (w_x01982) ×7']
Dunstan Tarn: goal="Get taken on for a day's work", knows=[], holds=['spark (w_x01983) ×3']
Colm Salter: goal='Keep the household blankets in good order', knows=[], holds=['spark (w_x01984) ×5']
Rohese Wetalms: goal='Keep your clothes dry', knows=[], holds=['spark (w_x01985) ×2']
Petronel Hobbe: goal='Share a memory of the street', knows=[], holds=['spark (w_x01986) ×6']
Sef Vell: goal='Find a quiet frontage where you are welcome', knows=[], holds=['spark (w_x01987) ×5']
Rohese Upstream: goal='Hear news from your kin', knows=[], holds=['spark (w_x01988) ×4']
Corin Roper: goal='Keep the household blankets in good order', knows=[], holds=['spark (w_x01989) ×4']
Aubin Latchkey: goal='Keep the household blankets in good order', knows=[], holds=['spark (w_x01990) ×7']
Nan Dorn: goal='Hear news from your kin', knows=[], holds=['spark (w_x01991) ×2']
Ewart of the Tenters: goal='Find something to put on your feet', knows=[], holds=['spark (w_x01992) ×6']
Osanne of Cinder Row: goal='Keep your clothes dry', knows=[], holds=['spark (w_x01993) ×2']
Corin the Lesser: goal='Hear news from your kin', knows=[], holds=['spark (w_x01994) ×4']
Havise of the Needle: goal='Replace your lost alms bowl', knows=[], holds=['spark (w_x01995) ×2']
Idonea Alder: goal='Find somewhere you will be left alone', knows=[], holds=['spark (w_x01996) ×7']
Nan Copp: goal='Keep the household blankets in good order', knows=[], holds=['spark (w_x01997) ×4']
Ede Ferrant: goal="Get taken on for a day's work", knows=[], holds=['spark (w_x01998) ×4']
Petronel of the Slip: goal='Hear news from your kin', knows=[], holds=['spark (w_x01999) ×6']
Jonet Upstream: goal='Share a memory of the street', knows=[], holds=['spark (w_x02000) ×4']
Mote of the Slip: goal='Enjoy a little peace in your neighbourhood', knows=[], holds=['spark (w_x02001) ×5']
Jos Alder: goal='Keep your clothes dry', knows=[], holds=['spark (w_x02002) ×6']
Corin Nineteen: goal='Replace your lost alms bowl', knows=[], holds=['spark (w_x02003) ×6']
Bertran Coldhands: goal='Share a memory of the street', knows=[], holds=['spark (w_x02004) ×5']
Segwin of Cinder Row: goal='Enjoy a little peace in your neighbourhood', knows=[], holds=['spark (w_x02005) ×2']
Aubin Skell: goal='Hear news from your kin', knows=[], holds=['spark (w_x02006) ×4']
Gile Latchkey: goal='Find out how your neighbour is keeping', knows=[], holds=['spark (w_x02007) ×3']
Osanne Skell: goal='Keep your clothes dry', knows=[], holds=['spark (w_x02008) ×6']
Idonea Ashe: goal='Beg or find a meal today', knows=[], holds=['spark (w_x02009) ×6']
Nan Ashe: goal='Find a quiet frontage where you are welcome', knows=[], holds=['spark (w_x02010) ×6']
Bertran Fitch: goal='Enjoy a little peace in your neighbourhood', knows=[], holds=['spark (w_x02011) ×2']
Ib Threefinger: goal='Find out how your neighbour is keeping', knows=[], holds=['spark (w_x02012) ×5']
Rohese Salter: goal='Keep the household blankets in good order', knows=[], holds=['spark (w_x02013) ×6']
Betriss Hawser: goal='Enjoy a little peace in your neighbourhood', knows=[], holds=['spark (w_x02014) ×5']
Cobb Fitch: goal='Keep the household blankets in good order', knows=[], holds=['spark (w_x02015) ×5']
Colm of the Bellstand: goal='Share a memory of the street', knows=[], holds=['spark (w_x02016) ×2']
Aubin Skell: goal='Enjoy a little peace in your neighbourhood', knows=[], holds=['spark (w_x02017) ×3']
Averil Sparr: goal='Enjoy a little peace in your neighbourhood', knows=[], holds=['spark (w_x02018) ×5']
Averil of Cinder Row: goal='Hear news from your kin', knows=[], holds=['spark (w_x02019) ×3']
Averil Alder: goal='Share a memory of the street', knows=[], holds=['spark (w_x02020) ×6']
Rohese Stott: goal='Find out how your neighbour is keeping', knows=[], holds=['spark (w_x02021) ×2']
Jos Wetalms: goal='Share a memory of the street', knows=[], holds=['spark (w_x02022) ×5']
Segwin Crake: goal='Find something to put on your feet', knows=[], holds=['spark (w_x02023) ×2']
Noll Brant: goal='Find out how your neighbour is keeping', knows=[], holds=['spark (w_x02024) ×7']
Pin Threefinger: goal='Enjoy a little peace in your neighbourhood', knows=[], holds=['spark (w_x02025) ×4']
Mote of Cinder Row: goal='Find something to put on your feet', knows=[], holds=['spark (w_x02026) ×7']
Jonet Stott: goal='Keep your clothes dry', knows=[], holds=['spark (w_x02027) ×3']
Aldith of the Low Bridge: goal='Share a memory of the street', knows=[], holds=['spark (w_x02028) ×6']
Ede Copp: goal='Find a quiet frontage where you are welcome', knows=[], holds=['spark (w_x02029) ×3']
Dunstan Pike: goal='Keep your clothes dry', knows=[], holds=['spark (w_x02030) ×5']
Idonea Roper: goal='Find out how your neighbour is keeping', knows=[], holds=['spark (w_x02031) ×2']
Lise Coldhands: goal='Keep the household blankets in good order', knows=[], holds=['spark (w_x02032) ×3']
Corin Ashe: goal='Share a memory of the street', knows=[], holds=['spark (w_x02033) ×4']
Rohese of the Tenters: goal='Share a memory of the street', knows=[], holds=['spark (w_x02034) ×3']
Sibbe of the Low Bridge: goal='Hear news from your kin', knows=[], holds=['spark (w_x02035) ×6']
Rohese of the Slip: goal='Keep your clothes dry', knows=[], holds=['spark (w_x02036) ×7']
Gile Stott: goal='Hear news from your kin', knows=[], holds=['spark (w_x02037) ×7']
Averil Vell: goal='Share a memory of the street', knows=[], holds=['spark (w_x02038) ×3']
Bertran Shortmeasure: goal='Enjoy a little peace in your neighbourhood', knows=[], holds=['spark (w_x02039) ×3']
Lise Wetalms: goal='Hear news from your kin', knows=[], holds=['spark (w_x02040) ×4']
Tib Dorn: goal='Find something to put on your feet', knows=[], holds=['spark (w_x02041) ×5']
Segwin of the Gutter Steps: goal='Find out how your neighbour is keeping', knows=[], holds=['spark (w_x02042) ×7']
Aldith of the Slip: goal='Find out how your neighbour is keeping', knows=[], holds=['spark (w_x02043) ×5']
Clemence Shortmeasure: goal='Find somewhere you will be left alone', knows=[], holds=['spark (w_x02044) ×7']
Noll Pike: goal='Hear news from your kin', knows=[], holds=['spark (w_x02045) ×5']
Havise of the Low Bridge: goal='Find out how your neighbour is keeping', knows=[], holds=['spark (w_x02046) ×6']
Jos Nineteen: goal='Find out how your neighbour is keeping', knows=[], holds=['spark (w_x02047) ×7']
Lise Hawser: goal='Share a memory of the street', knows=[], holds=['spark (w_x02048) ×6']
Lise the Lesser: goal='Keep the household blankets in good order', knows=[], holds=['spark (w_x02049) ×7']
Sef Alder: goal='Keep the household blankets in good order', knows=[], holds=['spark (w_x02050) ×5']
Sef Pike: goal='Find out how your neighbour is keeping', knows=[], holds=['spark (w_x02051) ×5']
Pin the Long: goal='Keep your clothes dry', knows=[], holds=['spark (w_x02052) ×7']
Aldith Hobbe: goal='Find out how your neighbour is keeping', knows=[], holds=['spark (w_x02053) ×2']
Ansel Vell: goal='Keep the household blankets in good order', knows=[], holds=['spark (w_x02054) ×4']
Havise Copp: goal='Beg or find a meal today', knows=[], holds=['spark (w_x02055) ×5']
Aldith Wetalms: goal='Share a memory of the street', knows=[], holds=['spark (w_x02056) ×7']
Jonet Vell: goal='Beg or find a meal today', knows=[], holds=['spark (w_x02057) ×5']
Bertran Pike: goal='Share a memory of the street', knows=[], holds=['spark (w_x02058) ×6']
Ansel of Cinder Row: goal='Find out how your neighbour is keeping', knows=[], holds=['spark (w_x02059) ×4']
Pin Ashe: goal='Get the penny you were promised for the horse', knows=[], holds=['spark (w_x02060) ×2']
Betriss Wetalms: goal='Share a memory of the street', knows=[], holds=['spark (w_x02061) ×2']
Clemence Vell: goal='Hear news from your kin', knows=[], holds=['spark (w_x02062) ×5']
Averil of the Slip: goal='Enjoy a little peace in your neighbourhood', knows=[], holds=['spark (w_x02063) ×6']
Corin of the Shambles: goal='Get your sleeping corner back', knows=[], holds=['spark (w_x02064) ×3']
Dunstan Wetalms: goal='Find out how your neighbour is keeping', knows=[], holds=['spark (w_x02065) ×5']
Dunstan Coldhands: goal='Find out how your neighbour is keeping', knows=[], holds=['spark (w_x02066) ×5']
Aubin of the Tenters: goal='Hear news from your kin', knows=[], holds=['spark (w_x02067) ×7']
Jonet Alder: goal='Hear news from your kin', knows=[], holds=['spark (w_x02068) ×2']
Mote Alder: goal='Share a memory of the street', knows=[], holds=['spark (w_x02069) ×4']
Ib Roper: goal='Keep your clothes dry', knows=[], holds=['spark (w_x02070) ×6']
Hamel the Lesser: goal='Enjoy a little peace in your neighbourhood', knows=[], holds=['spark (w_x02071) ×6']
Corin Marle: goal='Keep the household blankets in good order', knows=[], holds=['spark (w_x02072) ×3']
Sibbe of Ostrelle: goal='Enjoy a little peace in your neighbourhood', knows=[], holds=['spark (w_x02073) ×5']
Ewart the Long: goal='Keep your clothes dry', knows=[], holds=['spark (w_x02074) ×6']
Dunstan of the Shambles: goal='Beg or find a meal today', knows=[], holds=['spark (w_x02075) ×2']
Jonet Shortmeasure: goal='Find out how your neighbour is keeping', knows=[], holds=['spark (w_x02076) ×5']
Renn Salter: goal='Enjoy a little peace in your neighbourhood', knows=[], holds=['spark (w_x02077) ×3']
Averil Rasp: goal='Find out how your neighbour is keeping', knows=[], holds=['spark (w_x02078) ×2']
Ewart Ashe: goal='Keep your clothes dry', knows=[], holds=['spark (w_x02079) ×6']
Jos Tarn: goal='Find a salve for your hands', knows=[], holds=['spark (w_x02080) ×7']
Renn Scaffold: goal='Find out how your neighbour is keeping', knows=[], holds=['spark (w_x02081) ×5']
Osanne Ashe: goal='Find a quiet frontage where you are welcome', knows=[], holds=['spark (w_x02082) ×3']
Pin Ashe: goal='Find out how your neighbour is keeping', knows=[], holds=['spark (w_x02083) ×5']
Nan Roper: goal='Find out how your neighbour is keeping', knows=[], holds=['spark (w_x02084) ×4']
Sibbe Hawser: goal='Find out how your neighbour is keeping', knows=[], holds=['spark (w_x02085) ×3']
Aldith Salter: goal='Find out how your neighbour is keeping', knows=[], holds=['spark (w_x02086) ×6']
Aldith of the Slip: goal='Hear news from your kin', knows=[], holds=['spark (w_x02087) ×6']
Ewart Salter: goal='Find out how your neighbour is keeping', knows=[], holds=['spark (w_x02088) ×5']
Petronel Hobbe: goal='Find out how your neighbour is keeping', knows=[], holds=['spark (w_x02089) ×7']
Bertran Pike: goal='Hear news from your kin', knows=[], holds=['spark (w_x02090) ×7']
Petronel Ferrant: goal='Share a memory of the street', knows=[], holds=['spark (w_x02091) ×5']
Sef the Lesser: goal='Hear news from your kin', knows=[], holds=['spark (w_x02092) ×5']
Aldith Latchkey: goal='Find out how your neighbour is keeping', knows=[], holds=['spark (w_x02093) ×6']
Ansel Quern: goal='Keep your clothes dry', knows=[], holds=['spark (w_x02094) ×4']
Osanne Nineteen: goal='Find a salve for your hands', knows=[], holds=['spark (w_x02095) ×6']
Renn Shortmeasure: goal='Enjoy a little peace in your neighbourhood', knows=[], holds=['spark (w_x02096) ×5']
Ansel Wetalms: goal='Enjoy a little peace in your neighbourhood', knows=[], holds=['spark (w_x02097) ×2']
Ib of Ostrelle: goal='Enjoy a little peace in your neighbourhood', knows=[], holds=['spark (w_x02098) ×3']
Nan Skell: goal='Find something to put on your feet', knows=[], holds=['spark (w_x02099) ×4']
Idonea Brant: goal='Hear news from your kin', knows=[], holds=['spark (w_x02100) ×2']
Grigor of the Gutter Steps: goal='Keep your clothes dry', knows=[], holds=['spark (w_x02101) ×6']
Grigor Alder: goal="Get taken on for a day's work", knows=[], holds=['spark (w_x02102) ×7']
Bertran Ferrant: goal='Hear news from your kin', knows=[], holds=['spark (w_x02103) ×2']
Jonet of the Gutter Steps: goal='Find a quiet frontage where you are welcome', knows=[], holds=['spark (w_x02104) ×4']
Renn of Ostrelle: goal='Enjoy a little peace in your neighbourhood', knows=[], holds=['spark (w_x02105) ×2']
Nan Hawser: goal='Share a memory of the street', knows=[], holds=['spark (w_x02106) ×3']
Corin Rasp: goal='Share a memory of the street', knows=[], holds=['spark (w_x02107) ×6']
Rohese Rasp: goal='Hear news from your kin', knows=[], holds=['spark (w_x02108) ×6']
Ede Nineteen: goal='Share a memory of the street', knows=[], holds=['spark (w_x02109) ×5']
Petronel Vell: goal='Find out how your neighbour is keeping', knows=[], holds=['spark (w_x02110) ×7']
Ansel of Cinder Row: goal='Hear news from your kin', knows=[], holds=['spark (w_x02111) ×2']
Noll Nineteen: goal='Keep the household blankets in good order', knows=[], holds=['spark (w_x02112) ×5']
Aldith Marle: goal='Find out how your neighbour is keeping', knows=[], holds=['spark (w_x02113) ×5']
Gile Hawser: goal='Keep your clothes dry', knows=[], holds=['spark (w_x02114) ×4']
Bertran Stott: goal='Keep the household blankets in good order', knows=[], holds=['spark (w_x02115) ×2']
Mote Stott: goal='Share a memory of the street', knows=[], holds=['spark (w_x02116) ×2']
Jonet of the Bellstand: goal='Enjoy a little peace in your neighbourhood', knows=[], holds=['spark (w_x02117) ×5']
Segwin Crake: goal='Share a memory of the street', knows=[], holds=['spark (w_x02118) ×5']
Averil Stott: goal='Find somewhere you will be left alone', knows=[], holds=['spark (w_x02119) ×7']
Cobb the Lesser: goal='Enjoy a little peace in your neighbourhood', knows=[], holds=['spark (w_x02120) ×2']
Havise Copp: goal='Get your sleeping corner back', knows=[], holds=['spark (w_x02121) ×7']
Idonea the Long: goal='Keep your clothes dry', knows=[], holds=['spark (w_x02122) ×2']
Havise Salter: goal='Share a memory of the street', knows=[], holds=['spark (w_x02123) ×4']
Nan Crake: goal='Hear news from your kin', knows=[], holds=['spark (w_x02124) ×7']
Aldith Skell: goal='Enjoy a little peace in your neighbourhood', knows=[], holds=['spark (w_x02125) ×6']
Jos Copp: goal='Find a salve for your hands', knows=[], holds=['spark (w_x02126) ×6']
Noll of the Tenters: goal='Find a salve for your hands', knows=[], holds=['spark (w_x02127) ×2']
Aldith of the Bellstand: goal='Replace your lost alms bowl', knows=[], holds=['spark (w_x02128) ×7']
Dunstan Pike: goal='Find out how your neighbour is keeping', knows=[], holds=['spark (w_x02129) ×7']
Lise of the Tenters: goal='Hear news from your kin', knows=[], holds=['spark (w_x02130) ×3']
Jos of the Slip: goal='Hear news from your kin', knows=[], holds=['spark (w_x02131) ×2']
Dunstan Copp: goal='Find somewhere to dry your blanket', knows=[], holds=['spark (w_x02132) ×4']
Idonea Quern: goal='Find a quiet frontage where you are welcome', knows=[], holds=['spark (w_x02133) ×4']
Hamel Rasp: goal='Share a memory of the street', knows=[], holds=['spark (w_x02134) ×2']
Hamel Quern: goal='Enjoy a little peace in your neighbourhood', knows=[], holds=['spark (w_x02135) ×3']
Bertran Ferrant: goal='Keep the household blankets in good order', knows=[], holds=['spark (w_x02136) ×6']
Osanne Tarn: goal='Enjoy a little peace in your neighbourhood', knows=[], holds=['spark (w_x02137) ×3']
Hamel Wetalms: goal='Share a memory of the street', knows=[], holds=['spark (w_x02138) ×6']
Segwin Tarn: goal='Find out how your neighbour is keeping', knows=[], holds=['spark (w_x02139) ×7']
Bertran Brant: goal='Enjoy a little peace in your neighbourhood', knows=[], holds=['spark (w_x02140) ×2']
Sibbe Pike: goal='Enjoy a little peace in your neighbourhood', knows=[], holds=['spark (w_x02141) ×4']
Grigor the Lesser: goal='Find somewhere to dry your blanket', knows=[], holds=['spark (w_x02142) ×5']
Averil Nineteen: goal='Enjoy a little peace in your neighbourhood', knows=[], holds=['spark (w_x02143) ×4']
Betriss of the Shambles: goal='Keep your clothes dry', knows=[], holds=['spark (w_x02144) ×6']
Sibbe Shortmeasure: goal='Get your sleeping corner back', knows=[], holds=['spark (w_x02145) ×7']
Hamel Ferrant: goal='Find something to put on your feet', knows=[], holds=['spark (w_x02146) ×7']
Dob Skell: goal='Hear news from your kin', knows=[], holds=['spark (w_x02147) ×6']
Havise of the Tenters: goal='Find out how your neighbour is keeping', knows=[], holds=['spark (w_x02148) ×2']
Ede Coldhands: goal='Hear news from your kin', knows=[], holds=['spark (w_x02149) ×4']
Pin Hobbe: goal='Find a salve for your hands', knows=[], holds=['spark (w_x02150) ×3']
Mote Fitch: goal='Share a memory of the street', knows=[], holds=['spark (w_x02151) ×5']
Idonea Scaffold: goal='Keep the household blankets in good order', knows=[], holds=['spark (w_x02152) ×5']
Cobb Tarn: goal='Keep your clothes dry', knows=[], holds=['spark (w_x02153) ×4']
Ib of the Shambles: goal='Enjoy a little peace in your neighbourhood', knows=[], holds=['spark (w_x02154) ×2']
Ib Scaffold: goal='Hear news from your kin', knows=[], holds=['spark (w_x02155) ×7']
Segwin of the Low Bridge: goal='Share a memory of the street', knows=[], holds=['spark (w_x02156) ×5']
Mote of the Slip: goal='Share a memory of the street', knows=[], holds=['spark (w_x02157) ×2']
Clemence Marle: goal='Find out how your neighbour is keeping', knows=[], holds=['spark (w_x02158) ×4']
Clemence Tarn: goal='Keep the household blankets in good order', knows=[], holds=['spark (w_x02159) ×4']
Clemence Coldhands: goal='Keep the household blankets in good order', knows=[], holds=['spark (w_x02160) ×4']
Colm Marle: goal='Find out how your neighbour is keeping', knows=[], holds=['spark (w_x02161) ×5']
Segwin of the Shambles: goal='Find out how your neighbour is keeping', knows=[], holds=['spark (w_x02162) ×5']
Colm Coldhands: goal='Share a memory of the street', knows=[], holds=['spark (w_x02163) ×3']
Jonet Scaffold: goal='Enjoy a little peace in your neighbourhood', knows=[], holds=['spark (w_x02164) ×5']
Idonea Copp: goal='Hear news from your kin', knows=[], holds=['spark (w_x02165) ×3']
Osanne Crake: goal='Keep your clothes dry', knows=[], holds=['spark (w_x02166) ×2']
Averil Brant: goal='Find somewhere to dry your blanket', knows=[], holds=['spark (w_x02167) ×2']
Rohese Ashe: goal='Keep your clothes dry', knows=[], holds=['spark (w_x02168) ×2']
Pin Alder: goal='Keep the household blankets in good order', knows=[], holds=['spark (w_x02169) ×4']
Ede Fitch: goal='Enjoy a little peace in your neighbourhood', knows=[], holds=['spark (w_x02170) ×2']
Colm of the Shambles: goal='Get the penny you were promised for the horse', knows=[], holds=['spark (w_x02171) ×3']
Havise Skell: goal='Get the penny you were promised for the horse', knows=[], holds=['spark (w_x02172) ×3']
Petronel Threefinger: goal='Share a memory of the street', knows=[], holds=['spark (w_x02173) ×2']
Dunstan of Ostrelle: goal='Find out how your neighbour is keeping', knows=[], holds=['spark (w_x02174) ×7']
Ib of the Low Bridge: goal='Keep the household blankets in good order', knows=[], holds=['spark (w_x02175) ×3']
Nan Marle: goal='Get the penny you were promised for the horse', knows=[], holds=['spark (w_x02176) ×5']
Ewart Stott: goal='Find out how your neighbour is keeping', knows=[], holds=['spark (w_x02177) ×2']
Renn Brant: goal='Find out how your neighbour is keeping', knows=[], holds=['spark (w_x02178) ×7']
Sef of the Slip: goal='Find somewhere to dry your blanket', knows=[], holds=['spark (w_x02179) ×7']
Idonea Latchkey: goal='Enjoy a little peace in your neighbourhood', knows=[], holds=['spark (w_x02180) ×4']
Sibbe the Long: goal='Keep the household blankets in good order', knows=[], holds=['spark (w_x02181) ×3']
Rohese Roper: goal='Keep your clothes dry', knows=[], holds=['spark (w_x02182) ×3']
Ewart Pike: goal='Keep your clothes dry', knows=[], holds=['spark (w_x02183) ×4']
Aldith Skell: goal='Keep your clothes dry', knows=[], holds=['spark (w_x02184) ×6']
Renn Quern: goal="Get taken on for a day's work", knows=[], holds=['spark (w_x02185) ×3']
Colm Sparr: goal='Get your sleeping corner back', knows=[], holds=['spark (w_x02186) ×4']
Corin Hobbe: goal='Find somewhere you will be left alone', knows=[], holds=['spark (w_x02187) ×7']
Lise of the Low Bridge: goal="Get taken on for a day's work", knows=[], holds=['spark (w_x02188) ×3']
Cobb Copp: goal='Beg or find a meal today', knows=[], holds=['spark (w_x02189) ×2']
Petronel Upstream: goal='Keep your clothes dry', knows=[], holds=['spark (w_x02190) ×3']
Rohese Rasp: goal='Find a quiet frontage where you are welcome', knows=[], holds=['spark (w_x02191) ×5']
Cobb Vell: goal='Keep your clothes dry', knows=[], holds=['spark (w_x02192) ×2']
Noll Shortmeasure: goal='Hear news from your kin', knows=[], holds=['spark (w_x02193) ×5']
Lise of Ostrelle: goal='Keep your clothes dry', knows=[], holds=['spark (w_x02194) ×7']
Jonet Shortmeasure: goal='Enjoy a little peace in your neighbourhood', knows=[], holds=['spark (w_x02195) ×4']
Colm of the Bellstand: goal='Replace your lost alms bowl', knows=[], holds=['spark (w_x02196) ×5']
Idonea Latchkey: goal='Keep the household blankets in good order', knows=[], holds=['spark (w_x02197) ×7']
Mote Copp: goal='Find out how your neighbour is keeping', knows=[], holds=['spark (w_x02198) ×7']
Renn Tarn: goal='Replace your lost alms bowl', knows=[], holds=['spark (w_x02199) ×6']
Sef Skell: goal='Keep the household blankets in good order', knows=[], holds=['spark (w_x02200) ×5']
Idonea of the Shambles: goal='Share a memory of the street', knows=[], holds=['spark (w_x02201) ×5']
Nan Quern: goal='Keep your clothes dry', knows=[], holds=['spark (w_x02202) ×2']
Sef Stott: goal='Find somewhere you will be left alone', knows=[], holds=['spark (w_x02203) ×7']
Colm of the Bellstand: goal='Find somewhere you will be left alone', knows=[], holds=['spark (w_x02204) ×5']
Petronel Roper: goal='Find something to put on your feet', knows=[], holds=['spark (w_x02205) ×2']
Rohese Roper: goal='Enjoy a little peace in your neighbourhood', knows=[], holds=['spark (w_x02206) ×4']
Clemence Tarn: goal='Find something to put on your feet', knows=[], holds=['spark (w_x02207) ×6']
Sibbe Shortmeasure: goal='Find out how your neighbour is keeping', knows=[], holds=['spark (w_x02208) ×2']
Idonea Fitch: goal='Hear news from your kin', knows=[], holds=['spark (w_x02209) ×4']
Idonea Quern: goal='Find a salve for your hands', knows=[], holds=['spark (w_x02210) ×5']
Gile of Ostrelle: goal='Share a memory of the street', knows=[], holds=['spark (w_x02211) ×5']
Sef Wetalms: goal='Keep your clothes dry', knows=[], holds=['spark (w_x02212) ×2']
Jos Latchkey: goal='Keep your clothes dry', knows=[], holds=['spark (w_x02213) ×7']
Averil the Lesser: goal='Find a quiet frontage where you are welcome', knows=[], holds=['spark (w_x02214) ×4']
Rohese Hobbe: goal='Keep your clothes dry', knows=[], holds=['spark (w_x02215) ×2']
Betriss Marle: goal='Enjoy a little peace in your neighbourhood', knows=[], holds=['spark (w_x02216) ×7']
Nan of the Shambles: goal='Find a salve for your hands', knows=[], holds=['spark (w_x02217) ×2']
Nan the Long: goal='Get your sleeping corner back', knows=[], holds=['spark (w_x02218) ×3']
Aldith Wetalms: goal='Find somewhere you will be left alone', knows=[], holds=['spark (w_x02219) ×2']
Lise Wetalms: goal='Keep your clothes dry', knows=[], holds=['spark (w_x02220) ×4']
Tib Roper: goal='Share a memory of the street', knows=[], holds=['spark (w_x02221) ×6']
Havise Marle: goal='Find a salve for your hands', knows=[], holds=['spark (w_x02222) ×6']
Sibbe Ferrant: goal='Keep the household blankets in good order', knows=[], holds=['spark (w_x02223) ×3']
Corin of the Low Bridge: goal='Enjoy a little peace in your neighbourhood', knows=[], holds=['spark (w_x02224) ×7']
Corin of Ostrelle: goal='Keep your clothes dry', knows=[], holds=['spark (w_x02225) ×6']
Corin Salter: goal='Enjoy a little peace in your neighbourhood', knows=[], holds=['spark (w_x02226) ×3']
Jonet of Ostrelle: goal='Find somewhere you will be left alone', knows=[], holds=['spark (w_x02227) ×7']
Colm Alder: goal='Find out how your neighbour is keeping', knows=[], holds=['spark (w_x02228) ×7']
Sef Stott: goal='Find somewhere you will be left alone', knows=[], holds=['spark (w_x02229) ×3']
Lise of the Tenters: goal='Find out how your neighbour is keeping', knows=[], holds=['spark (w_x02230) ×7']
Rohese Copp: goal='Find out how your neighbour is keeping', knows=[], holds=['spark (w_x02231) ×7']
Segwin of the Bellstand: goal='Hear news from your kin', knows=[], holds=['spark (w_x02232) ×3']
Renn Wetalms: goal='Keep your clothes dry', knows=[], holds=['spark (w_x02233) ×7']
Idonea Alder: goal='Share a memory of the street', knows=[], holds=['spark (w_x02234) ×2']
Jos Marle: goal='Share a memory of the street', knows=[], holds=['spark (w_x02235) ×2']
Aubin Rasp: goal='Keep your clothes dry', knows=[], holds=['spark (w_x02236) ×4']
Mote Marle: goal='Get your sleeping corner back', knows=[], holds=['spark (w_x02237) ×7']
Noll Ferrant: goal='Enjoy a little peace in your neighbourhood', knows=[], holds=['spark (w_x02238) ×2']
Bertran Nineteen: goal='Enjoy a little peace in your neighbourhood', knows=[], holds=['spark (w_x02239) ×7']
Renn of Ostrelle: goal='Share a memory of the street', knows=[], holds=['spark (w_x02240) ×7']
Idonea of the Low Bridge: goal='Enjoy a little peace in your neighbourhood', knows=[], holds=['spark (w_x02241) ×2']
Havise Copp: goal='Keep the household blankets in good order', knows=[], holds=['spark (w_x02242) ×6']
Cobb Pike: goal='Replace your lost alms bowl', knows=[], holds=['spark (w_x02243) ×7']
Clemence of the Bellstand: goal='Share a memory of the street', knows=[], holds=['spark (w_x02244) ×7']
Sibbe Dorn: goal='Hear news from your kin', knows=[], holds=['spark (w_x02245) ×4']
Havise Fitch: goal='Share a memory of the street', knows=[], holds=['spark (w_x02246) ×5']
Rohese Scaffold: goal='Find somewhere to dry your blanket', knows=[], holds=['spark (w_x02247) ×7']
Idonea Crake: goal='Keep the household blankets in good order', knows=[], holds=['spark (w_x02248) ×7']
Petronel Wetalms: goal='Find out how your neighbour is keeping', knows=[], holds=['spark (w_x02249) ×2']
Aldith Hawser: goal='Beg or find a meal today', knows=[], holds=['spark (w_x02250) ×4']
Jonet Fitch: goal="Get taken on for a day's work", knows=[], holds=['spark (w_x02251) ×5']
Gile Hobbe: goal='Find out how your neighbour is keeping', knows=[], holds=['spark (w_x02252) ×2']
Tib of Cinder Row: goal='Keep your clothes dry', knows=[], holds=['spark (w_x02253) ×7']
Dunstan Brant: goal='Get your sleeping corner back', knows=[], holds=['spark (w_x02254) ×2']
Aldith Wetalms: goal='Keep the household blankets in good order', knows=[], holds=['spark (w_x02255) ×7']
Tobin Stott: goal='Share a memory of the street', knows=[], holds=['spark (w_x02256) ×2']
Aubin Fitch: goal='Find out how your neighbour is keeping', knows=[], holds=['spark (w_x02257) ×2']
Jonet of the Slip: goal='Find somewhere to dry your blanket', knows=[], holds=['spark (w_x02258) ×5']
Clemence Crake: goal='Keep the household blankets in good order', knows=[], holds=['spark (w_x02259) ×7']
Mote Ferrant: goal='Keep your clothes dry', knows=[], holds=['spark (w_x02260) ×3']
Ewart Brant: goal='Enjoy a little peace in your neighbourhood', knows=[], holds=['spark (w_x02261) ×3']
Tobin of the Low Bridge: goal='Find out how your neighbour is keeping', knows=[], holds=['spark (w_x02262) ×6']
Osanne of Cinder Row: goal='Find somewhere you will be left alone', knows=[], holds=['spark (w_x02263) ×2']
Ansel Roper: goal='Hear news from your kin', knows=[], holds=['spark (w_x02264) ×6']
Aldith of Ostrelle: goal='Share a memory of the street', knows=[], holds=['spark (w_x02265) ×7']
Ede Hawser: goal='Share a memory of the street', knows=[], holds=['spark (w_x02266) ×4']
Ede of the Needle: goal='Keep your clothes dry', knows=[], holds=['spark (w_x02267) ×5']
Colm Tarn: goal='Keep your clothes dry', knows=[], holds=['spark (w_x02268) ×6']
Aldith Tarn: goal='Find somewhere you will be left alone', knows=[], holds=['spark (w_x02269) ×4']
Sef the Lesser: goal='Keep your clothes dry', knows=[], holds=['spark (w_x02270) ×4']
Noll of the Shambles: goal='Find a salve for your hands', knows=[], holds=['spark (w_x02271) ×7']
Osanne Crake: goal='Enjoy a little peace in your neighbourhood', knows=[], holds=['spark (w_x02272) ×6']
Nan of Ostrelle: goal='Keep your clothes dry', knows=[], holds=['spark (w_x02273) ×3']
Clemence of the Low Bridge: goal='Enjoy a little peace in your neighbourhood', knows=[], holds=['spark (w_x02274) ×5']
Rohese Rasp: goal='Hear news from your kin', knows=[], holds=['spark (w_x02275) ×3']
Renn Threefinger: goal='Find somewhere to dry your blanket', knows=[], holds=['spark (w_x02276) ×3']
Aldith of Cinder Row: goal='Keep your clothes dry', knows=[], holds=['spark (w_x02277) ×2']
Petronel Quern: goal='Keep the household blankets in good order', knows=[], holds=['spark (w_x02278) ×6']
Averil Hawser: goal='Share a memory of the street', knows=[], holds=['spark (w_x02279) ×3']
Grigor Marle: goal='Keep your clothes dry', knows=[], holds=['spark (w_x02280) ×5']
Averil Skell: goal='Share a memory of the street', knows=[], holds=['spark (w_x02281) ×6']
Aldith Hawser: goal='Find out how your neighbour is keeping', knows=[], holds=['spark (w_x02282) ×2']
Tobin Brant: goal='Keep the household blankets in good order', knows=[], holds=['spark (w_x02283) ×7']
Segwin of the Gutter Steps: goal='Share a memory of the street', knows=[], holds=['spark (w_x02284) ×7']
Jonet Crake: goal='Find out how your neighbour is keeping', knows=[], holds=['spark (w_x02285) ×3']
Nan Skell: goal='Hear news from your kin', knows=[], holds=['spark (w_x02286) ×2']
Jos Fitch: goal='Keep your clothes dry', knows=[], holds=['spark (w_x02287) ×4']
Tib Ashe: goal='Enjoy a little peace in your neighbourhood', knows=[], holds=['spark (w_x02288) ×2']
Corin of the Gutter Steps: goal='Find out how your neighbour is keeping', knows=[], holds=['spark (w_x02289) ×7']
Colm of the Slip: goal='Find out how your neighbour is keeping', knows=[], holds=['spark (w_x02290) ×5']
Cobb Dorn: goal='Find out how your neighbour is keeping', knows=[], holds=['spark (w_x02291) ×4']
Sibbe Skell: goal='Hear news from your kin', knows=[], holds=['spark (w_x02292) ×7']
Betriss Crake: goal='Keep your clothes dry', knows=[], holds=['spark (w_x02293) ×5']
Clemence Fitch: goal='Share a memory of the street', knows=[], holds=['spark (w_x02294) ×2']
Dob Dorn: goal='Keep your clothes dry', knows=[], holds=['spark (w_x02295) ×6']
Petronel Upstream: goal='Replace your lost alms bowl', knows=[], holds=['spark (w_x02296) ×5']
Pin of the Low Bridge: goal="Get taken on for a day's work", knows=[], holds=['spark (w_x02297) ×6']
Averil of the Needle: goal='Hear news from your kin', knows=[], holds=['spark (w_x02298) ×6']
Ewart Latchkey: goal='Share a memory of the street', knows=[], holds=['spark (w_x02299) ×2']
Nan Ferrant: goal='Find something to put on your feet', knows=[], holds=['spark (w_x02300) ×2']
Colm Pike: goal='Find a quiet frontage where you are welcome', knows=[], holds=['spark (w_x02301) ×3']
Cobb Coldhands: goal='Keep the household blankets in good order', knows=[], holds=['spark (w_x02302) ×2']
Betriss of Cinder Row: goal='Hear news from your kin', knows=[], holds=['spark (w_x02303) ×4']
Clemence of the Needle: goal='Find a quiet frontage where you are welcome', knows=[], holds=['spark (w_x02304) ×2']
Tib Copp: goal='Enjoy a little peace in your neighbourhood', knows=[], holds=['spark (w_x02305) ×6']
Ansel of Ostrelle: goal='Keep the household blankets in good order', knows=[], holds=['spark (w_x02306) ×3']
Sef Dorn: goal='Enjoy a little peace in your neighbourhood', knows=[], holds=['spark (w_x02307) ×4']
Ib of the Bellstand: goal='Keep your clothes dry', knows=[], holds=['spark (w_x02308) ×7']
Tib Scaffold: goal='Hear news from your kin', knows=[], holds=['spark (w_x02309) ×6']
Averil of the Slip: goal='Keep the household blankets in good order', knows=[], holds=['spark (w_x02310) ×3']
Havise of the Gutter Steps: goal='Get your sleeping corner back', knows=[], holds=['spark (w_x02311) ×7']
Aldith Stott: goal='Keep the household blankets in good order', knows=[], holds=['spark (w_x02312) ×5']
Corin Wetalms: goal='Keep your clothes dry', knows=[], holds=['spark (w_x02313) ×7']
Betriss of the Bellstand: goal='Keep your clothes dry', knows=[], holds=['spark (w_x02314) ×3']
Havise Skell: goal='Enjoy a little peace in your neighbourhood', knows=[], holds=['spark (w_x02315) ×6']
Grigor Salter: goal='Keep your clothes dry', knows=[], holds=['spark (w_x02316) ×4']
Dob Quern: goal='Hear news from your kin', knows=[], holds=['spark (w_x02317) ×5']
Dunstan of the Slip: goal='Share a memory of the street', knows=[], holds=['spark (w_x02318) ×6']
Dob Ashe: goal='Find a salve for your hands', knows=[], holds=['spark (w_x02319) ×4']
Averil the Lesser: goal='Enjoy a little peace in your neighbourhood', knows=[], holds=['spark (w_x02320) ×6']
Ansel Skell: goal='Share a memory of the street', knows=[], holds=['spark (w_x02321) ×4']
Aldith Upstream: goal='Enjoy a little peace in your neighbourhood', knows=[], holds=['spark (w_x02322) ×7']
Gile Vell: goal='Get the penny you were promised for the horse', knows=[], holds=['spark (w_x02323) ×5']
Cobb Ferrant: goal='Keep the household blankets in good order', knows=[], holds=['spark (w_x02324) ×2']
Jonet Crake: goal='Find somewhere to dry your blanket', knows=[], holds=['spark (w_x02325) ×4']
Tobin Ashe: goal='Share a memory of the street', knows=[], holds=['spark (w_x02326) ×4']
Idonea of the Low Bridge: goal='Keep the household blankets in good order', knows=[], holds=['spark (w_x02327) ×7']
Osanne of the Low Bridge: goal='Keep the household blankets in good order', knows=[], holds=['spark (w_x02328) ×4']
Ede the Lesser: goal='Keep the household blankets in good order', knows=[], holds=['spark (w_x02329) ×5']
Bertran Wetalms: goal='Keep your clothes dry', knows=[], holds=['spark (w_x02330) ×4']
Hamel Coldhands: goal='Share a memory of the street', knows=[], holds=['spark (w_x02331) ×7']
Colm Skell: goal='Enjoy a little peace in your neighbourhood', knows=[], holds=['spark (w_x02332) ×5']
Renn Brant: goal='Replace your lost alms bowl', knows=[], holds=['spark (w_x02333) ×6']
Noll Salter: goal='Hear news from your kin', knows=[], holds=['spark (w_x02334) ×4']
Havise of Ostrelle: goal='Enjoy a little peace in your neighbourhood', knows=[], holds=['spark (w_x02335) ×5']
Pin Fitch: goal='Hear news from your kin', knows=[], holds=['spark (w_x02336) ×5']
Renn Stott: goal='Hear news from your kin', knows=[], holds=['spark (w_x02337) ×3']
Gile Dorn: goal='Find something to put on your feet', knows=[], holds=['spark (w_x02338) ×3']
Clemence Skell: goal='Find somewhere you will be left alone', knows=[], holds=['spark (w_x02339) ×5']
Ib Hobbe: goal='Keep the household blankets in good order', knows=[], holds=['spark (w_x02340) ×5']
Ansel of the Gutter Steps: goal='Share a memory of the street', knows=[], holds=['spark (w_x02341) ×3']
Jos of the Gutter Steps: goal='Keep the household blankets in good order', knows=[], holds=['spark (w_x02342) ×6']
Havise Skell: goal='Enjoy a little peace in your neighbourhood', knows=[], holds=['spark (w_x02343) ×5']
Gile Nineteen: goal='Hear news from your kin', knows=[], holds=['spark (w_x02344) ×6']
Aldith of the Slip: goal='Share a memory of the street', knows=[], holds=['spark (w_x02345) ×6']
Averil Ashe: goal='Find out how your neighbour is keeping', knows=[], holds=['spark (w_x02346) ×3']
Lise Hobbe: goal='Keep the household blankets in good order', knows=[], holds=['spark (w_x02347) ×5']
Nan Skell: goal='Keep the household blankets in good order', knows=[], holds=['spark (w_x02348) ×5']
Ewart Stott: goal='Find out how your neighbour is keeping', knows=[], holds=['spark (w_x02349) ×5']
Grigor of the Low Bridge: goal='Share a memory of the street', knows=[], holds=['spark (w_x02350) ×6']
Osanne Tarn: goal='Find out how your neighbour is keeping', knows=[], holds=['spark (w_x02351) ×5']
Mote Ferrant: goal='Get your sleeping corner back', knows=[], holds=['spark (w_x02352) ×2']
Petronel of the Tenters: goal='Enjoy a little peace in your neighbourhood', knows=[], holds=['spark (w_x02353) ×6']
Aubin the Lesser: goal='Enjoy a little peace in your neighbourhood', knows=[], holds=['spark (w_x02354) ×2']
Clemence Latchkey: goal='Find out how your neighbour is keeping', knows=[], holds=['spark (w_x02355) ×2']
Petronel of the Tenters: goal='Find out how your neighbour is keeping', knows=[], holds=['spark (w_x02356) ×7']
Ib Fitch: goal='Keep your clothes dry', knows=[], holds=['spark (w_x02357) ×4']
Petronel Rasp: goal='Hear news from your kin', knows=[], holds=['spark (w_x02358) ×5']
Mote Copp: goal='Find out how your neighbour is keeping', knows=[], holds=['spark (w_x02359) ×5']
Segwin Fitch: goal='Hear news from your kin', knows=[], holds=['spark (w_x02360) ×5']
Sibbe Tarn: goal='Enjoy a little peace in your neighbourhood', knows=[], holds=['spark (w_x02361) ×2']
Tobin Salter: goal='Find out how your neighbour is keeping', knows=[], holds=['spark (w_x02362) ×3']
Havise Coldhands: goal='Get your sleeping corner back', knows=[], holds=['spark (w_x02363) ×3']
Tobin of the Tenters: goal='Find somewhere to dry your blanket', knows=[], holds=['spark (w_x02364) ×5']
Sef Brant: goal='Hear news from your kin', knows=[], holds=['spark (w_x02365) ×4']
Betriss Alder: goal='Keep your clothes dry', knows=[], holds=['spark (w_x02366) ×2']
Cobb Scaffold: goal='Keep the household blankets in good order', knows=[], holds=['spark (w_x02367) ×4']
Tib Latchkey: goal='Find out how your neighbour is keeping', knows=[], holds=['spark (w_x02368) ×6']
Grigor of the Gutter Steps: goal='Get the penny you were promised for the horse', knows=[], holds=['spark (w_x02369) ×2']
Ansel Tarn: goal='Share a memory of the street', knows=[], holds=['spark (w_x02370) ×4']
Gile of the Shambles: goal='Share a memory of the street', knows=[], holds=['spark (w_x02371) ×2']
Renn Skell: goal='Find a salve for your hands', knows=[], holds=['spark (w_x02372) ×5']
Betriss of the Tenters: goal='Hear news from your kin', knows=[], holds=['spark (w_x02373) ×3']
Lise Hobbe: goal='Keep the household blankets in good order', knows=[], holds=['spark (w_x02374) ×3']
Nan Roper: goal='Hear news from your kin', knows=[], holds=['spark (w_x02375) ×4']
Petronel of the Low Bridge: goal='Hear news from your kin', knows=[], holds=['spark (w_x02376) ×3']
Ib Upstream: goal='Find out how your neighbour is keeping', knows=[], holds=['spark (w_x02377) ×7']
Grigor Ashe: goal='Find something to put on your feet', knows=[], holds=['spark (w_x02378) ×2']
Jonet Salter: goal='Hear news from your kin', knows=[], holds=['spark (w_x02379) ×7']
Osanne Ferrant: goal='Replace your lost alms bowl', knows=[], holds=['spark (w_x02380) ×5']
Havise of the Tenters: goal='Keep your clothes dry', knows=[], holds=['spark (w_x02381) ×3']
Ewart Crake: goal='Get your sleeping corner back', knows=[], holds=['spark (w_x02382) ×7']
Ib Ashe: goal='Find out how your neighbour is keeping', knows=[], holds=['spark (w_x02383) ×7']
Corin Sparr: goal='Enjoy a little peace in your neighbourhood', knows=[], holds=['spark (w_x02384) ×2']
Aldith Coldhands: goal='Keep the household blankets in good order', knows=[], holds=['spark (w_x02385) ×3']
Ansel Fitch: goal='Hear news from your kin', knows=[], holds=['spark (w_x02386) ×6']
Segwin Coldhands: goal='Share a memory of the street', knows=[], holds=['spark (w_x02387) ×6']
Petronel of the Tenters: goal='Share a memory of the street', knows=[], holds=['spark (w_x02388) ×3']
Havise Threefinger: goal="Get taken on for a day's work", knows=[], holds=['spark (w_x02389) ×7']
Osanne Brant: goal='Enjoy a little peace in your neighbourhood', knows=[], holds=['spark (w_x02390) ×3']
Idonea Dorn: goal='Hear news from your kin', knows=[], holds=['spark (w_x02391) ×2']
Corin Shortmeasure: goal='Enjoy a little peace in your neighbourhood', knows=[], holds=['spark (w_x02392) ×7']
Ib Brant: goal='Keep the household blankets in good order', knows=[], holds=['spark (w_x02393) ×7']
Tib Dorn: goal='Find a salve for your hands', knows=[], holds=['spark (w_x02394) ×6']
Idonea Brant: goal='Keep your clothes dry', knows=[], holds=['spark (w_x02395) ×4']
Bertran of the Shambles: goal='Get the penny you were promised for the horse', knows=[], holds=['spark (w_x02396) ×3']
Sibbe Brant: goal='Hear news from your kin', knows=[], holds=['spark (w_x02397) ×6']
Sef Latchkey: goal='Find somewhere to dry your blanket', knows=[], holds=['spark (w_x02398) ×2']
Rohese Upstream: goal='Enjoy a little peace in your neighbourhood', knows=[], holds=['spark (w_x02399) ×7']
Dunstan Latchkey: goal='Find out how your neighbour is keeping', knows=[], holds=['spark (w_x02400) ×3']
Mote the Lesser: goal='Find something to put on your feet', knows=[], holds=['spark (w_x02401) ×6']
Cobb Alder: goal='Find a quiet frontage where you are welcome', knows=[], holds=['spark (w_x02402) ×5']
Idonea Shortmeasure: goal='Keep the household blankets in good order', knows=[], holds=['spark (w_x02403) ×3']
Rohese Dorn: goal='Keep your clothes dry', knows=[], holds=['spark (w_x02404) ×4']
Sibbe of the Slip: goal='Enjoy a little peace in your neighbourhood', knows=[], holds=['spark (w_x02405) ×5']
Idonea Skell: goal='Find out how your neighbour is keeping', knows=[], holds=['spark (w_x02406) ×4']
Hamel Wetalms: goal='Get your sleeping corner back', knows=[], holds=['spark (w_x02407) ×3']
Havise Crake: goal='Hear news from your kin', knows=[], holds=['spark (w_x02408) ×4']
Ib Salter: goal='Get your sleeping corner back', knows=[], holds=['spark (w_x02409) ×2']
Ede Coldhands: goal="Get taken on for a day's work", knows=[], holds=['spark (w_x02410) ×6']
Colm Threefinger: goal='Find out how your neighbour is keeping', knows=[], holds=['spark (w_x02411) ×5']
Ede Crake: goal='Keep the household blankets in good order', knows=[], holds=['spark (w_x02412) ×2']
Averil Ashe: goal='Share a memory of the street', knows=[], holds=['spark (w_x02413) ×3']
Havise Sparr: goal='Find out how your neighbour is keeping', knows=[], holds=['spark (w_x02414) ×7']
Dunstan Sparr: goal='Keep the household blankets in good order', knows=[], holds=['spark (w_x02415) ×7']
Cobb the Long: goal='Keep your clothes dry', knows=[], holds=['spark (w_x02416) ×6']
Renn of the Shambles: goal='Hear news from your kin', knows=[], holds=['spark (w_x02417) ×5']
Betriss Pike: goal='Share a memory of the street', knows=[], holds=['spark (w_x02418) ×7']
Sibbe of Ostrelle: goal='Hear news from your kin', knows=[], holds=['spark (w_x02419) ×5']
Rohese Pike: goal='Share a memory of the street', knows=[], holds=['spark (w_x02420) ×2']
Petronel Pike: goal='Keep the household blankets in good order', knows=[], holds=['spark (w_x02421) ×7']
Clemence Ashe: goal='Enjoy a little peace in your neighbourhood', knows=[], holds=['spark (w_x02422) ×2']
Petronel of Cinder Row: goal='Keep your clothes dry', knows=[], holds=['spark (w_x02423) ×3']
Dob Latchkey: goal='Replace your lost alms bowl', knows=[], holds=['spark (w_x02424) ×4']
Tobin Marle: goal='Find somewhere you will be left alone', knows=[], holds=['spark (w_x02425) ×3']
Cobb Brant: goal='Find out how your neighbour is keeping', knows=[], holds=['spark (w_x02426) ×7']
Dob Alder: goal='Keep the household blankets in good order', knows=[], holds=['spark (w_x02427) ×5']
Aldith Pike: goal='Enjoy a little peace in your neighbourhood', knows=[], holds=['spark (w_x02428) ×2']
Ewart Scaffold: goal='Find somewhere to dry your blanket', knows=[], holds=['spark (w_x02429) ×4']
Ewart Sparr: goal='Keep the household blankets in good order', knows=[], holds=['spark (w_x02430) ×7']
Jonet Nineteen: goal='Share a memory of the street', knows=[], holds=['spark (w_x02431) ×2']
Rohese Tarn: goal='Find out how your neighbour is keeping', knows=[], holds=['spark (w_x02432) ×6']
Sibbe Salter: goal='Get your sleeping corner back', knows=[], holds=['spark (w_x02433) ×4']
Idonea the Lesser: goal='Find a salve for your hands', knows=[], holds=['spark (w_x02434) ×5']
Colm of the Slip: goal='Replace your lost alms bowl', knows=[], holds=['spark (w_x02435) ×2']
Renn of Cinder Row: goal='Find out how your neighbour is keeping', knows=[], holds=['spark (w_x02436) ×3']
Sibbe Coldhands: goal='Find out how your neighbour is keeping', knows=[], holds=['spark (w_x02437) ×3']
Havise Stott: goal='Enjoy a little peace in your neighbourhood', knows=[], holds=['spark (w_x02438) ×4']
Mote Vell: goal='Hear news from your kin', knows=[], holds=['spark (w_x02439) ×5']
Corin Brant: goal='Find a quiet frontage where you are welcome', knows=[], holds=['spark (w_x02440) ×6']
Averil of the Gutter Steps: goal='Find out how your neighbour is keeping', knows=[], holds=['spark (w_x02441) ×4']
Colm Fitch: goal='Find out how your neighbour is keeping', knows=[], holds=['spark (w_x02442) ×2']
Pin of the Needle: goal='Hear news from your kin', knows=[], holds=['spark (w_x02443) ×6']
Sibbe of the Slip: goal='Keep the household blankets in good order', knows=[], holds=['spark (w_x02444) ×3']
Dunstan Quern: goal='Find something to put on your feet', knows=[], holds=['spark (w_x02445) ×3']
Idonea Shortmeasure: goal='Replace your lost alms bowl', knows=[], holds=['spark (w_x02446) ×7']
Ansel Quern: goal='Beg or find a meal today', knows=[], holds=['spark (w_x02447) ×6']
Grigor of the Gutter Steps: goal='Find out how your neighbour is keeping', knows=[], holds=['spark (w_x02448) ×3']
Ewart Roper: goal='Find out how your neighbour is keeping', knows=[], holds=['spark (w_x02449) ×5']
Betriss Latchkey: goal='Share a memory of the street', knows=[], holds=['spark (w_x02450) ×6']
Noll Fitch: goal='Keep your clothes dry', knows=[], holds=['spark (w_x02451) ×2']
Aldith Fitch: goal='Beg or find a meal today', knows=[], holds=['spark (w_x02452) ×4']
Aldith of Cinder Row: goal='Find a salve for your hands', knows=[], holds=['spark (w_x02453) ×3']
Petronel of the Gutter Steps: goal='Get your sleeping corner back', knows=[], holds=['spark (w_x02454) ×6']
Osanne Nineteen: goal='Keep the household blankets in good order', knows=[], holds=['spark (w_x02455) ×4']
Ewart Tarn: goal='Hear news from your kin', knows=[], holds=['spark (w_x02456) ×6']
Pin Ashe: goal='Beg or find a meal today', knows=[], holds=['spark (w_x02457) ×6']
Gile of Ostrelle: goal='Share a memory of the street', knows=[], holds=['spark (w_x02458) ×6']
Osanne Shortmeasure: goal='Find a quiet frontage where you are welcome', knows=[], holds=['spark (w_x02459) ×5']
Renn Quern: goal='Keep your clothes dry', knows=[], holds=['spark (w_x02460) ×4']
Jonet Stott: goal='Find something to put on your feet', knows=[], holds=['spark (w_x02461) ×3']
Nan Crake: goal='Beg or find a meal today', knows=[], holds=['spark (w_x02462) ×4']
Tobin Quern: goal='Find somewhere to dry your blanket', knows=[], holds=['spark (w_x02463) ×2']
Ansel Ferrant: goal='Get the penny you were promised for the horse', knows=[], holds=['spark (w_x02464) ×5']
Clemence of the Needle: goal='Get the penny you were promised for the horse', knows=[], holds=['spark (w_x02465) ×2']
Jonet Skell: goal="Get taken on for a day's work", knows=[], holds=['spark (w_x02466) ×3']
Tobin of Cinder Row: goal='Find out how your neighbour is keeping', knows=[], holds=['spark (w_x02467) ×4']
Dunstan Fitch: goal='Find out how your neighbour is keeping', knows=[], holds=['spark (w_x02468) ×5']
Clemence Threefinger: goal='Find somewhere you will be left alone', knows=[], holds=['spark (w_x02469) ×6']
Averil Wetalms: goal='Find out how your neighbour is keeping', knows=[], holds=['spark (w_x02470) ×2']
Hamel Wetalms: goal='Get the penny you were promised for the horse', knows=[], holds=['spark (w_x02471) ×2']
Osanne Rasp: goal='Share a memory of the street', knows=[], holds=['spark (w_x02472) ×4']
Mote of Ostrelle: goal='Share a memory of the street', knows=[], holds=['spark (w_x02473) ×2']
Ede Skell: goal='Keep the household blankets in good order', knows=[], holds=['spark (w_x02474) ×2']
Sef of the Gutter Steps: goal='Keep the household blankets in good order', knows=[], holds=['spark (w_x02475) ×5']
Jonet Tarn: goal='Share a memory of the street', knows=[], holds=['spark (w_x02476) ×6']
Ewart Vell: goal='Hear news from your kin', knows=[], holds=['spark (w_x02477) ×7']
Clemence of the Needle: goal='Keep the household blankets in good order', knows=[], holds=['spark (w_x02478) ×2']
Aldith Salter: goal='Keep your clothes dry', knows=[], holds=['spark (w_x02479) ×7']
Sibbe Alder: goal='Keep your clothes dry', knows=[], holds=['spark (w_x02480) ×6']
Renn Marle: goal='Enjoy a little peace in your neighbourhood', knows=[], holds=['spark (w_x02481) ×3']
Colm of the Tenters: goal='Find out how your neighbour is keeping', knows=[], holds=['spark (w_x02482) ×5']
Petronel of the Bellstand: goal='Keep the household blankets in good order', knows=[], holds=['spark (w_x02483) ×7']
Segwin Tarn: goal='Enjoy a little peace in your neighbourhood', knows=[], holds=['spark (w_x02484) ×7']
Clemence Ferrant: goal='Keep your clothes dry', knows=[], holds=['spark (w_x02485) ×7']
Nan the Lesser: goal='Share a memory of the street', knows=[], holds=['spark (w_x02486) ×3']
Grigor of the Tenters: goal='Hear news from your kin', knows=[], holds=['spark (w_x02487) ×4']
Jonet Hobbe: goal='Hear news from your kin', knows=[], holds=['spark (w_x02488) ×4']
Jos the Long: goal='Share a memory of the street', knows=[], holds=['spark (w_x02489) ×6']
Aubin Tarn: goal='Hear news from your kin', knows=[], holds=['spark (w_x02490) ×2']
Aldith Hobbe: goal='Hear news from your kin', knows=[], holds=['spark (w_x02491) ×6']
Osanne the Lesser: goal='Share a memory of the street', knows=[], holds=['spark (w_x02492) ×2']
Rohese Hawser: goal='Get the penny you were promised for the horse', knows=[], holds=['spark (w_x02493) ×4']
Pin of the Low Bridge: goal='Beg or find a meal today', knows=[], holds=['spark (w_x02494) ×7']
Rohese Tarn: goal='Keep the household blankets in good order', knows=[], holds=['spark (w_x02495) ×2']
Clemence of the Low Bridge: goal='Find somewhere you will be left alone', knows=[], holds=['spark (w_x02496) ×3']
Cobb Threefinger: goal='Find a salve for your hands', knows=[], holds=['spark (w_x02497) ×6']
Lise Fitch: goal='Keep the household blankets in good order', knows=[], holds=['spark (w_x02498) ×2']
Betriss Pike: goal='Keep your clothes dry', knows=[], holds=['spark (w_x02499) ×4']
Petronel Quern: goal='Enjoy a little peace in your neighbourhood', knows=[], holds=['spark (w_x02500) ×3']
Bertran of the Low Bridge: goal='Enjoy a little peace in your neighbourhood', knows=[], holds=['spark (w_x02501) ×2']
Tib Copp: goal='Find a quiet frontage where you are welcome', knows=[], holds=['spark (w_x02502) ×2']
Ansel Rasp: goal='Hear news from your kin', knows=[], holds=['spark (w_x02503) ×2']
Aldith Wetalms: goal='Hear news from your kin', knows=[], holds=['spark (w_x02504) ×6']
Corin of the Slip: goal='Find somewhere you will be left alone', knows=[], holds=['spark (w_x02505) ×5']
Tobin Skell: goal='Beg or find a meal today', knows=[], holds=['spark (w_x02506) ×3']
Renn Scaffold: goal='Keep the household blankets in good order', knows=[], holds=['spark (w_x02507) ×6']
Mote of Ostrelle: goal='Keep your clothes dry', knows=[], holds=['spark (w_x02508) ×5']
Sibbe Fitch: goal="Get taken on for a day's work", knows=[], holds=['spark (w_x02509) ×5']
Dob Salter: goal='Hear news from your kin', knows=[], holds=['spark (w_x02510) ×2']
Ib Dorn: goal='Keep the household blankets in good order', knows=[], holds=['spark (w_x02511) ×7']
Lise of the Slip: goal='Beg or find a meal today', knows=[], holds=['spark (w_x02512) ×7']
Ib Shortmeasure: goal='Keep your clothes dry', knows=[], holds=['spark (w_x02513) ×7']
Mote of the Needle: goal='Find something to put on your feet', knows=[], holds=['spark (w_x02514) ×4']
Rohese the Lesser: goal='Replace your lost alms bowl', knows=[], holds=['spark (w_x02515) ×2']
Havise of Ostrelle: goal='Keep your clothes dry', knows=[], holds=['spark (w_x02516) ×2']
Tib Dorn: goal='Find out how your neighbour is keeping', knows=[], holds=['spark (w_x02517) ×2']
Dob Copp: goal='Beg or find a meal today', knows=[], holds=['spark (w_x02518) ×5']
Petronel Scaffold: goal='Enjoy a little peace in your neighbourhood', knows=[], holds=['spark (w_x02519) ×3']
Aubin Marle: goal='Beg or find a meal today', knows=[], holds=['spark (w_x02520) ×7']
Clemence Alder: goal='Find somewhere you will be left alone', knows=[], holds=['spark (w_x02521) ×5']
Colm Rasp: goal='Find out how your neighbour is keeping', knows=[], holds=['spark (w_x02522) ×6']
Tib of the Tenters: goal='Find out how your neighbour is keeping', knows=[], holds=['spark (w_x02523) ×3']
Betriss of Cinder Row: goal='Get your sleeping corner back', knows=[], holds=['spark (w_x02524) ×7']
Pin Quern: goal='Hear news from your kin', knows=[], holds=['spark (w_x02525) ×2']
Lise Threefinger: goal='Keep your clothes dry', knows=[], holds=['spark (w_x02526) ×3']
Nan Crake: goal='Hear news from your kin', knows=[], holds=['spark (w_x02527) ×2']
Hamel of Ostrelle: goal='Keep your clothes dry', knows=[], holds=['spark (w_x02528) ×2']
Lise Shortmeasure: goal='Hear news from your kin', knows=[], holds=['spark (w_x02529) ×4']
Lise Skell: goal='Enjoy a little peace in your neighbourhood', knows=[], holds=['spark (w_x02530) ×2']
Nan Vell: goal='Beg or find a meal today', knows=[], holds=['spark (w_x02531) ×6']
Idonea Tarn: goal='Keep your clothes dry', knows=[], holds=['spark (w_x02532) ×6']
Ewart Shortmeasure: goal='Find somewhere to dry your blanket', knows=[], holds=['spark (w_x02533) ×2']
Tib the Long: goal='Hear news from your kin', knows=[], holds=['spark (w_x02534) ×6']
Cobb Sparr: goal='Enjoy a little peace in your neighbourhood', knows=[], holds=['spark (w_x02535) ×4']
Sef Fitch: goal='Enjoy a little peace in your neighbourhood', knows=[], holds=['spark (w_x02536) ×2']
Osanne Roper: goal='Hear news from your kin', knows=[], holds=['spark (w_x02537) ×5']
Segwin Pike: goal='Find somewhere to dry your blanket', knows=[], holds=['spark (w_x02538) ×4']
Lise Vell: goal='Find something to put on your feet', knows=[], holds=['spark (w_x02539) ×4']
Petronel Pike: goal='Find a quiet frontage where you are welcome', knows=[], holds=['spark (w_x02540) ×5']
Havise Copp: goal='Share a memory of the street', knows=[], holds=['spark (w_x02541) ×5']
Ib Dorn: goal='Find a quiet frontage where you are welcome', knows=[], holds=['spark (w_x02542) ×3']
Havise of Ostrelle: goal='Beg or find a meal today', knows=[], holds=['spark (w_x02543) ×5']
Rohese Wetalms: goal='Get your sleeping corner back', knows=[], holds=['spark (w_x02544) ×5']
Jonet Hobbe: goal="Get taken on for a day's work", knows=[], holds=['spark (w_x02545) ×7']
Dunstan the Lesser: goal='Keep your clothes dry', knows=[], holds=['spark (w_x02546) ×2']
Hamel of Ostrelle: goal='Share a memory of the street', knows=[], holds=['spark (w_x02547) ×3']
Mote of the Slip: goal="Get taken on for a day's work", knows=[], holds=['spark (w_x02548) ×2']
Ewart Stott: goal='Find a salve for your hands', knows=[], holds=['spark (w_x02549) ×4']
Colm the Lesser: goal='Keep the household blankets in good order', knows=[], holds=['spark (w_x02550) ×2']
Sibbe of the Bellstand: goal='Keep the household blankets in good order', knows=[], holds=['spark (w_x02551) ×7']
Averil Tarn: goal='Beg or find a meal today', knows=[], holds=['spark (w_x02552) ×2']
Betriss Stott: goal='Enjoy a little peace in your neighbourhood', knows=[], holds=['spark (w_x02553) ×2']
Bertran Stott: goal='Find a quiet frontage where you are welcome', knows=[], holds=['spark (w_x02554) ×6']
Petronel Stott: goal='Enjoy a little peace in your neighbourhood', knows=[], holds=['spark (w_x02555) ×6']
Sef Roper: goal='Keep the household blankets in good order', knows=[], holds=['spark (w_x02556) ×3']
Nan Copp: goal='Share a memory of the street', knows=[], holds=['spark (w_x02557) ×7']
Petronel of the Low Bridge: goal='Find somewhere you will be left alone', knows=[], holds=['spark (w_x02558) ×5']
Havise Hobbe: goal='Keep your clothes dry', knows=[], holds=['spark (w_x02559) ×6']
Ib Hobbe: goal='Keep the household blankets in good order', knows=[], holds=['spark (w_x02560) ×3']
Corin Marle: goal='Share a memory of the street', knows=[], holds=['spark (w_x02561) ×4']
Ewart Vell: goal='Find out how your neighbour is keeping', knows=[], holds=['spark (w_x02562) ×3']
Bertran Copp: goal='Find a salve for your hands', knows=[], holds=['spark (w_x02563) ×4']
Nan of the Slip: goal='Enjoy a little peace in your neighbourhood', knows=[], holds=['spark (w_x02564) ×2']
Tobin Shortmeasure: goal='Share a memory of the street', knows=[], holds=['spark (w_x02565) ×7']
Sibbe Scaffold: goal='Keep your clothes dry', knows=[], holds=['spark (w_x02566) ×7']
Betriss of the Tenters: goal='Keep your clothes dry', knows=[], holds=['spark (w_x02567) ×5']
Averil Dorn: goal='Share a memory of the street', knows=[], holds=['spark (w_x02568) ×5']
Dunstan of the Gutter Steps: goal='Replace your lost alms bowl', knows=[], holds=['spark (w_x02569) ×5']
Averil Tarn: goal='Keep your clothes dry', knows=[], holds=['spark (w_x02570) ×5']
Aubin Hobbe: goal='Share a memory of the street', knows=[], holds=['spark (w_x02571) ×6']
Ewart Shortmeasure: goal='Hear news from your kin', knows=[], holds=['spark (w_x02572) ×2']
Ib the Lesser: goal='Enjoy a little peace in your neighbourhood', knows=[], holds=['spark (w_x02573) ×2']
Jos Sparr: goal='Find somewhere to dry your blanket', knows=[], holds=['spark (w_x02574) ×4']
Jos Brant: goal='Replace your lost alms bowl', knows=[], holds=['spark (w_x02575) ×4']
Jonet Upstream: goal="Get taken on for a day's work", knows=[], holds=['spark (w_x02576) ×2']
Noll of the Bellstand: goal='Share a memory of the street', knows=[], holds=['spark (w_x02577) ×7']
Ede of the Bellstand: goal='Hear news from your kin', knows=[], holds=['spark (w_x02578) ×6']
Tib Vell: goal='Enjoy a little peace in your neighbourhood', knows=[], holds=['spark (w_x02579) ×3']
Clemence Coldhands: goal='Find out how your neighbour is keeping', knows=[], holds=['spark (w_x02580) ×2']
Cobb of the Low Bridge: goal='Keep your clothes dry', knows=[], holds=['spark (w_x02581) ×4']
Sef Hawser: goal='Keep your clothes dry', knows=[], holds=['spark (w_x02582) ×7']
Ib Roper: goal='Enjoy a little peace in your neighbourhood', knows=[], holds=['spark (w_x02583) ×6']
Idonea of Ostrelle: goal='Share a memory of the street', knows=[], holds=['spark (w_x02584) ×3']
Aubin Alder: goal='Enjoy a little peace in your neighbourhood', knows=[], holds=['spark (w_x02585) ×3']
Idonea Threefinger: goal='Enjoy a little peace in your neighbourhood', knows=[], holds=['spark (w_x02586) ×3']
Rohese of Ostrelle: goal='Keep your clothes dry', knows=[], holds=['spark (w_x02587) ×6']
Osanne Ferrant: goal='Find out how your neighbour is keeping', knows=[], holds=['spark (w_x02588) ×5']
Colm Threefinger: goal='Find out how your neighbour is keeping', knows=[], holds=['spark (w_x02589) ×3']
Averil of the Slip: goal='Find a quiet frontage where you are welcome', knows=[], holds=['spark (w_x02590) ×6']
Clemence Pike: goal='Find out how your neighbour is keeping', knows=[], holds=['spark (w_x02591) ×6']
Cobb Pike: goal='Find somewhere to dry your blanket', knows=[], holds=['spark (w_x02592) ×5']
Mote the Long: goal='Keep your clothes dry', knows=[], holds=['spark (w_x02593) ×4']
Cobb of the Slip: goal='Keep your clothes dry', knows=[], holds=['spark (w_x02594) ×6']
Hamel of the Low Bridge: goal='Keep your clothes dry', knows=[], holds=['spark (w_x02595) ×2']
Havise Crake: goal='Find somewhere you will be left alone', knows=[], holds=['spark (w_x02596) ×5']
Osanne of Cinder Row: goal='Keep your clothes dry', knows=[], holds=['spark (w_x02597) ×2']
Sibbe Roper: goal='Keep your clothes dry', knows=[], holds=['spark (w_x02598) ×7']
Sef Latchkey: goal='Share a memory of the street', knows=[], holds=['spark (w_x02599) ×3']
Grigor Skell: goal='Find a quiet frontage where you are welcome', knows=[], holds=['spark (w_x02600) ×4']
Aubin Roper: goal='Enjoy a little peace in your neighbourhood', knows=[], holds=['spark (w_x02601) ×4']
Dob the Lesser: goal='Find somewhere you will be left alone', knows=[], holds=['spark (w_x02602) ×4']
Tib of the Gutter Steps: goal='Find something to put on your feet', knows=[], holds=['spark (w_x02603) ×7']
Corin Quern: goal='Find out how your neighbour is keeping', knows=[], holds=['spark (w_x02604) ×6']
Sef Ferrant: goal='Share a memory of the street', knows=[], holds=['spark (w_x02605) ×3']
Jonet Dorn: goal='Enjoy a little peace in your neighbourhood', knows=[], holds=['spark (w_x02606) ×5']
Mote Latchkey: goal='Enjoy a little peace in your neighbourhood', knows=[], holds=['spark (w_x02607) ×5']
Aldith Nineteen: goal='Share a memory of the street', knows=[], holds=['spark (w_x02608) ×5']
Ib Pike: goal='Keep your clothes dry', knows=[], holds=['spark (w_x02609) ×3']
Dob Shortmeasure: goal='Find somewhere to dry your blanket', knows=[], holds=['spark (w_x02610) ×3']
Jonet Salter: goal='Keep your clothes dry', knows=[], holds=['spark (w_x02611) ×7']
Tib Shortmeasure: goal='Enjoy a little peace in your neighbourhood', knows=[], holds=['spark (w_x02612) ×6']
Hamel Fitch: goal='Find somewhere you will be left alone', knows=[], holds=['spark (w_x02613) ×6']
Cobb of Ostrelle: goal='Enjoy a little peace in your neighbourhood', knows=[], holds=['spark (w_x02614) ×3']
Betriss Salter: goal='Share a memory of the street', knows=[], holds=['spark (w_x02615) ×6']
Ede Brant: goal='Find something to put on your feet', knows=[], holds=['spark (w_x02616) ×7']
Jonet of the Needle: goal='Hear news from your kin', knows=[], holds=['spark (w_x02617) ×5']
Ib Roper: goal='Keep the household blankets in good order', knows=[], holds=['spark (w_x02618) ×6']
Ib Copp: goal='Find somewhere you will be left alone', knows=[], holds=['spark (w_x02619) ×7']
Dunstan the Long: goal='Find somewhere you will be left alone', knows=[], holds=['spark (w_x02620) ×6']
Colm Latchkey: goal='Find a salve for your hands', knows=[], holds=['spark (w_x02621) ×5']
Sibbe Nineteen: goal='Share a memory of the street', knows=[], holds=['spark (w_x02622) ×3']
Rohese Brant: goal='Find out how your neighbour is keeping', knows=[], holds=['spark (w_x02623) ×4']
Nan Fitch: goal='Find a salve for your hands', knows=[], holds=['spark (w_x02624) ×4']
Petronel Ashe: goal='Find out how your neighbour is keeping', knows=[], holds=['spark (w_x02625) ×6']
Dunstan of the Shambles: goal='Enjoy a little peace in your neighbourhood', knows=[], holds=['spark (w_x02626) ×4']
Corin Ashe: goal='Enjoy a little peace in your neighbourhood', knows=[], holds=['spark (w_x02627) ×6']
Mote Ashe: goal='Keep your clothes dry', knows=[], holds=['spark (w_x02628) ×5']
Lise Ashe: goal='Get the penny you were promised for the horse', knows=[], holds=['spark (w_x02629) ×2']
Sibbe Copp: goal='Hear news from your kin', knows=[], holds=['spark (w_x02630) ×7']
Tobin of the Gutter Steps: goal='Find out how your neighbour is keeping', knows=[], holds=['spark (w_x02631) ×5']
Averil Ferrant: goal='Get your sleeping corner back', knows=[], holds=['spark (w_x02632) ×6']
Lise Shortmeasure: goal='Hear news from your kin', knows=[], holds=['spark (w_x02633) ×3']
Cobb Fitch: goal='Keep the household blankets in good order', knows=[], holds=['spark (w_x02634) ×5']
Petronel Threefinger: goal='Find out how your neighbour is keeping', knows=[], holds=['spark (w_x02635) ×6']
Jonet Stott: goal='Hear news from your kin', knows=[], holds=['spark (w_x02636) ×3']
Osanne Tarn: goal='Find out how your neighbour is keeping', knows=[], holds=['spark (w_x02637) ×4']
Havise Skell: goal='Hear news from your kin', knows=[], holds=['spark (w_x02638) ×3']
Aubin of the Needle: goal='Keep your clothes dry', knows=[], holds=['spark (w_x02639) ×4']
Sef of the Tenters: goal='Find a quiet frontage where you are welcome', knows=[], holds=['spark (w_x02640) ×6']
Jonet of the Gutter Steps: goal='Enjoy a little peace in your neighbourhood', knows=[], holds=['spark (w_x02641) ×6']
Segwin the Long: goal='Find out how your neighbour is keeping', knows=[], holds=['spark (w_x02642) ×7']
Tobin of the Bellstand: goal='Enjoy a little peace in your neighbourhood', knows=[], holds=['spark (w_x02643) ×6']
Corin Brant: goal='Find out how your neighbour is keeping', knows=[], holds=['spark (w_x02644) ×4']
Aubin Rasp: goal='Share a memory of the street', knows=[], holds=['spark (w_x02645) ×3']
Nan Copp: goal='Keep the household blankets in good order', knows=[], holds=['spark (w_x02646) ×4']
Grigor Nineteen: goal='Find a salve for your hands', knows=[], holds=['spark (w_x02647) ×4']
Clemence of Cinder Row: goal='Enjoy a little peace in your neighbourhood', knows=[], holds=['spark (w_x02648) ×5']
Ansel Dorn: goal='Keep your clothes dry', knows=[], holds=['spark (w_x02649) ×6']
Bertran Alder: goal='Enjoy a little peace in your neighbourhood', knows=[], holds=['spark (w_x02650) ×7']
Tobin of the Gutter Steps: goal='Find a salve for your hands', knows=[], holds=['spark (w_x02651) ×5']
Ede of the Gutter Steps: goal='Keep your clothes dry', knows=[], holds=['spark (w_x02652) ×3']
Dunstan Marle: goal='Find out how your neighbour is keeping', knows=[], holds=['spark (w_x02653) ×2']
Idonea Skell: goal='Share a memory of the street', knows=[], holds=['spark (w_x02654) ×6']
Clemence Roper: goal='Find somewhere you will be left alone', knows=[], holds=['spark (w_x02655) ×4']
Osanne Dorn: goal='Get the penny you were promised for the horse', knows=[], holds=['spark (w_x02656) ×2']
Ib Nineteen: goal='Beg or find a meal today', knows=[], holds=['spark (w_x02657) ×6']
Ib Sparr: goal='Enjoy a little peace in your neighbourhood', knows=[], holds=['spark (w_x02658) ×2']
Lise Crake: goal='Enjoy a little peace in your neighbourhood', knows=[], holds=['spark (w_x02659) ×7']
Nan Vell: goal='Beg or find a meal today', knows=[], holds=['spark (w_x02660) ×7']
Mote Fitch: goal='Share a memory of the street', knows=[], holds=['spark (w_x02661) ×7']
Averil Upstream: goal='Find somewhere to dry your blanket', knows=[], holds=['spark (w_x02662) ×7']
Pin Skell: goal='Share a memory of the street', knows=[], holds=['spark (w_x02663) ×4']
Bertran of the Needle: goal='Share a memory of the street', knows=[], holds=['spark (w_x02664) ×5']
Bertran the Lesser: goal='Find out how your neighbour is keeping', knows=[], holds=['spark (w_x02665) ×6']
Ansel Quern: goal='Find out how your neighbour is keeping', knows=[], holds=['spark (w_x02666) ×6']
Nan of Ostrelle: goal='Find out how your neighbour is keeping', knows=[], holds=['spark (w_x02667) ×2']
Sef Fitch: goal='Hear news from your kin', knows=[], holds=['spark (w_x02668) ×4']
Rohese Ashe: goal='Keep your clothes dry', knows=[], holds=['spark (w_x02669) ×7']
Nan of the Gutter Steps: goal='Hear news from your kin', knows=[], holds=['spark (w_x02670) ×6']
Jos of the Bellstand: goal='Keep your clothes dry', knows=[], holds=['spark (w_x02671) ×4']
Dob of Ostrelle: goal='Keep your clothes dry', knows=[], holds=['spark (w_x02672) ×2']
Osanne of Ostrelle: goal='Hear news from your kin', knows=[], holds=['spark (w_x02673) ×5']
Ewart the Long: goal='Hear news from your kin', knows=[], holds=['spark (w_x02674) ×4']
Dunstan Crake: goal='Hear news from your kin', knows=[], holds=['spark (w_x02675) ×2']
Betriss Vell: goal='Get the penny you were promised for the horse', knows=[], holds=['spark (w_x02676) ×3']
Petronel Marle: goal='Keep your clothes dry', knows=[], holds=['spark (w_x02677) ×6']
Ansel Roper: goal='Keep your clothes dry', knows=[], holds=['spark (w_x02678) ×7']
Cobb Scaffold: goal='Find out how your neighbour is keeping', knows=[], holds=['spark (w_x02679) ×5']
Tib of the Bellstand: goal='Hear news from your kin', knows=[], holds=['spark (w_x02680) ×7']
Petronel Copp: goal='Enjoy a little peace in your neighbourhood', knows=[], holds=['spark (w_x02681) ×3']
Pin Brant: goal='Share a memory of the street', knows=[], holds=['spark (w_x02682) ×7']
Jonet of the Shambles: goal='Find a salve for your hands', knows=[], holds=['spark (w_x02683) ×4']
Colm Fitch: goal='Hear news from your kin', knows=[], holds=['spark (w_x02684) ×5']
Hamel of the Low Bridge: goal='Hear news from your kin', knows=[], holds=['spark (w_x02685) ×2']
Jonet of Ostrelle: goal='Share a memory of the street', knows=[], holds=['spark (w_x02686) ×4']
Pin of the Slip: goal='Keep the household blankets in good order', knows=[], holds=['spark (w_x02687) ×6']
Osanne Scaffold: goal='Beg or find a meal today', knows=[], holds=['spark (w_x02688) ×5']
Renn Salter: goal='Share a memory of the street', knows=[], holds=['spark (w_x02689) ×2']
Renn the Long: goal='Find something to put on your feet', knows=[], holds=['spark (w_x02690) ×5']
Rohese Marle: goal='Share a memory of the street', knows=[], holds=['spark (w_x02691) ×6']
Idonea of the Gutter Steps: goal='Share a memory of the street', knows=[], holds=['spark (w_x02692) ×3']
Clemence Marle: goal='Find a quiet frontage where you are welcome', knows=[], holds=['spark (w_x02693) ×6']
Tib of the Gutter Steps: goal='Find something to put on your feet', knows=[], holds=['spark (w_x02694) ×4']
Grigor of the Low Bridge: goal='Keep your clothes dry', knows=[], holds=['spark (w_x02695) ×2']
Pin Roper: goal='Share a memory of the street', knows=[], holds=['spark (w_x02696) ×2']
Hamel Quern: goal='Find somewhere to dry your blanket', knows=[], holds=['spark (w_x02697) ×2']
Grigor Alder: goal='Hear news from your kin', knows=[], holds=['spark (w_x02698) ×4']
Jonet Latchkey: goal='Hear news from your kin', knows=[], holds=['spark (w_x02699) ×4']
Idonea Latchkey: goal='Hear news from your kin', knows=[], holds=['spark (w_x02700) ×3']
Ib Fitch: goal='Find a salve for your hands', knows=[], holds=['spark (w_x02701) ×4']
Tobin Threefinger: goal='Share a memory of the street', knows=[], holds=['spark (w_x02702) ×2']
Sibbe the Lesser: goal='Hear news from your kin', knows=[], holds=['spark (w_x02703) ×5']
Ede of the Needle: goal='Find out how your neighbour is keeping', knows=[], holds=['spark (w_x02704) ×6']
Sibbe Rasp: goal='Keep the household blankets in good order', knows=[], holds=['spark (w_x02705) ×6']
Idonea of the Slip: goal='Find out how your neighbour is keeping', knows=[], holds=['spark (w_x02706) ×3']
Aldith Ashe: goal='Find a salve for your hands', knows=[], holds=['spark (w_x02707) ×6']
Petronel Shortmeasure: goal='Hear news from your kin', knows=[], holds=['spark (w_x02708) ×7']
Colm of Cinder Row: goal='Share a memory of the street', knows=[], holds=['spark (w_x02709) ×7']
Clemence Skell: goal="Get taken on for a day's work", knows=[], holds=['spark (w_x02710) ×3']
Dunstan Vell: goal='Keep the household blankets in good order', knows=[], holds=['spark (w_x02711) ×2']
Hamel Roper: goal='Beg or find a meal today', knows=[], holds=['spark (w_x02712) ×4']
Osanne of the Gutter Steps: goal='Keep your clothes dry', knows=[], holds=['spark (w_x02713) ×4']
Cobb the Long: goal='Beg or find a meal today', knows=[], holds=['spark (w_x02714) ×5']
Noll the Long: goal='Keep the household blankets in good order', knows=[], holds=['spark (w_x02715) ×4']
Aldith of the Needle: goal='Keep the household blankets in good order', knows=[], holds=['spark (w_x02716) ×4']
Averil Salter: goal='Find out how your neighbour is keeping', knows=[], holds=['spark (w_x02717) ×3']
Tobin Salter: goal='Find something to put on your feet', knows=[], holds=['spark (w_x02718) ×5']
Jonet Rasp: goal='Share a memory of the street', knows=[], holds=['spark (w_x02719) ×2']
Rohese Scaffold: goal='Find out how your neighbour is keeping', knows=[], holds=['spark (w_x02720) ×3']
Bertran Quern: goal='Hear news from your kin', knows=[], holds=['spark (w_x02721) ×6']
Ewart Threefinger: goal='Find out how your neighbour is keeping', knows=[], holds=['spark (w_x02722) ×4']
Corin Rasp: goal='Keep the household blankets in good order', knows=[], holds=['spark (w_x02723) ×3']
Cobb Coldhands: goal='Find out how your neighbour is keeping', knows=[], holds=['spark (w_x02724) ×6']
Ansel Alder: goal='Share a memory of the street', knows=[], holds=['spark (w_x02725) ×7']
Lise Nineteen: goal='Share a memory of the street', knows=[], holds=['spark (w_x02726) ×7']
Renn Ashe: goal='Find out how your neighbour is keeping', knows=[], holds=['spark (w_x02727) ×6']
Noll Copp: goal='Find somewhere you will be left alone', knows=[], holds=['spark (w_x02728) ×5']
Hamel Coldhands: goal='Find a salve for your hands', knows=[], holds=['spark (w_x02729) ×4']
Idonea of the Tenters: goal='Find out how your neighbour is keeping', knows=[], holds=['spark (w_x02730) ×4']
Nan Threefinger: goal='Share a memory of the street', knows=[], holds=['spark (w_x02731) ×3']
Hamel Pike: goal='Enjoy a little peace in your neighbourhood', knows=[], holds=['spark (w_x02732) ×6']
Osanne Skell: goal='Enjoy a little peace in your neighbourhood', knows=[], holds=['spark (w_x02733) ×3']
Averil Copp: goal='Enjoy a little peace in your neighbourhood', knows=[], holds=['spark (w_x02734) ×5']
Jos of the Gutter Steps: goal='Hear news from your kin', knows=[], holds=['spark (w_x02735) ×6']
Bertran Stott: goal='Find out how your neighbour is keeping', knows=[], holds=['spark (w_x02736) ×2']
Tobin of the Needle: goal='Keep your clothes dry', knows=[], holds=['spark (w_x02737) ×4']
Noll of the Needle: goal='Keep your clothes dry', knows=[], holds=['spark (w_x02738) ×3']
Aubin Ashe: goal='Find out how your neighbour is keeping', knows=[], holds=['spark (w_x02739) ×5']
Tib Stott: goal='Share a memory of the street', knows=[], holds=['spark (w_x02740) ×2']
Hamel of the Shambles: goal='Find out how your neighbour is keeping', knows=[], holds=['spark (w_x02741) ×4']
Tobin Stott: goal='Get your sleeping corner back', knows=[], holds=['spark (w_x02742) ×4']
Jonet Hobbe: goal='Get the penny you were promised for the horse', knows=[], holds=['spark (w_x02743) ×2']
Idonea Coldhands: goal='Find out how your neighbour is keeping', knows=[], holds=['spark (w_x02744) ×4']
Tib Coldhands: goal='Keep the household blankets in good order', knows=[], holds=['spark (w_x02745) ×6']
Betriss Tarn: goal='Enjoy a little peace in your neighbourhood', knows=[], holds=['spark (w_x02746) ×4']
Hamel of the Shambles: goal='Keep the household blankets in good order', knows=[], holds=['spark (w_x02747) ×5']
Cobb Marle: goal='Keep the household blankets in good order', knows=[], holds=['spark (w_x02748) ×7']
Osanne Sparr: goal='Get your sleeping corner back', knows=[], holds=['spark (w_x02749) ×6']
Mote Alder: goal='Enjoy a little peace in your neighbourhood', knows=[], holds=['spark (w_x02750) ×2']
Tobin the Lesser: goal='Share a memory of the street', knows=[], holds=['spark (w_x02751) ×3']
Tobin of the Shambles: goal='Beg or find a meal today', knows=[], holds=['spark (w_x02752) ×6']
Ewart Shortmeasure: goal='Get the penny you were promised for the horse', knows=[], holds=['spark (w_x02753) ×4']
Rohese Alder: goal='Keep your clothes dry', knows=[], holds=['spark (w_x02754) ×3']
Renn of the Bellstand: goal='Keep your clothes dry', knows=[], holds=['spark (w_x02755) ×4']
Segwin Shortmeasure: goal='Hear news from your kin', knows=[], holds=['spark (w_x02756) ×4']
Averil Sparr: goal='Keep your clothes dry', knows=[], holds=['spark (w_x02757) ×3']
Sef Brant: goal='Find somewhere to dry your blanket', knows=[], holds=['spark (w_x02758) ×4']
Tobin Hobbe: goal='Enjoy a little peace in your neighbourhood', knows=[], holds=['spark (w_x02759) ×5']
Segwin of the Slip: goal='Replace your lost alms bowl', knows=[], holds=['spark (w_x02760) ×7']
Aldith Tarn: goal='Keep your clothes dry', knows=[], holds=['spark (w_x02761) ×6']
Sef Dorn: goal='Share a memory of the street', knows=[], holds=['spark (w_x02762) ×2']
Betriss Tarn: goal='Enjoy a little peace in your neighbourhood', knows=[], holds=['spark (w_x02763) ×4']
Grigor Rasp: goal='Find out how your neighbour is keeping', knows=[], holds=['spark (w_x02764) ×7']
Lise of the Bellstand: goal='Enjoy a little peace in your neighbourhood', knows=[], holds=['spark (w_x02765) ×4']
Ib Vell: goal='Hear news from your kin', knows=[], holds=['spark (w_x02766) ×6']
Segwin Scaffold: goal='Keep your clothes dry', knows=[], holds=['spark (w_x02767) ×7']
Idonea Hobbe: goal='Keep the household blankets in good order', knows=[], holds=['spark (w_x02768) ×4']
Bertran Skell: goal='Find out how your neighbour is keeping', knows=[], holds=['spark (w_x02769) ×6']
Averil Salter: goal='Keep the household blankets in good order', knows=[], holds=['spark (w_x02770) ×6']
Sibbe Pike: goal='Beg or find a meal today', knows=[], holds=['spark (w_x02771) ×6']
Lise Dorn: goal='Find somewhere you will be left alone', knows=[], holds=['spark (w_x02772) ×6']
Rohese Salter: goal='Keep the household blankets in good order', knows=[], holds=['spark (w_x02773) ×2']
Nan Pike: goal='Hear news from your kin', knows=[], holds=['spark (w_x02774) ×2']
Ewart of the Bellstand: goal='Keep the household blankets in good order', knows=[], holds=['spark (w_x02775) ×3']
Clemence Crake: goal='Share a memory of the street', knows=[], holds=['spark (w_x02776) ×4']
Corin Upstream: goal='Get your sleeping corner back', knows=[], holds=['spark (w_x02777) ×7']
Aldith Scaffold: goal='Find out how your neighbour is keeping', knows=[], holds=['spark (w_x02778) ×3']
Aldith of the Shambles: goal='Beg or find a meal today', knows=[], holds=['spark (w_x02779) ×5']
Tib Dorn: goal='Keep the household blankets in good order', knows=[], holds=['spark (w_x02780) ×7']
Betriss Hawser: goal='Get your sleeping corner back', knows=[], holds=['spark (w_x02781) ×7']
Grigor of the Gutter Steps: goal='Keep the household blankets in good order', knows=[], holds=['spark (w_x02782) ×3']
Jos Brant: goal='Keep the household blankets in good order', knows=[], holds=['spark (w_x02783) ×2']
Nan of Ostrelle: goal='Find out how your neighbour is keeping', knows=[], holds=['spark (w_x02784) ×5']
Rohese Rasp: goal='Keep your clothes dry', knows=[], holds=['spark (w_x02785) ×3']
Nan Sparr: goal='Enjoy a little peace in your neighbourhood', knows=[], holds=['spark (w_x02786) ×5']
Cobb Sparr: goal='Find out how your neighbour is keeping', knows=[], holds=['spark (w_x02787) ×5']
Aldith of the Needle: goal='Share a memory of the street', knows=[], holds=['spark (w_x02788) ×4']
Idonea Threefinger: goal='Share a memory of the street', knows=[], holds=['spark (w_x02789) ×5']
Rohese Scaffold: goal='Find a salve for your hands', knows=[], holds=['spark (w_x02790) ×4']
Colm Crake: goal='Find somewhere you will be left alone', knows=[], holds=['spark (w_x02791) ×4']
Jos Quern: goal='Keep the household blankets in good order', knows=[], holds=['spark (w_x02792) ×3']
Ib Wetalms: goal='Enjoy a little peace in your neighbourhood', knows=[], holds=['spark (w_x02793) ×2']
Mote Vell: goal='Keep your clothes dry', knows=[], holds=['spark (w_x02794) ×2']
Noll of the Low Bridge: goal='Find a salve for your hands', knows=[], holds=['spark (w_x02795) ×4']
Corin Tarn: goal='Hear news from your kin', knows=[], holds=['spark (w_x02796) ×2']
Corin Copp: goal='Find a quiet frontage where you are welcome', knows=[], holds=['spark (w_x02797) ×6']
Grigor the Long: goal='Get your sleeping corner back', knows=[], holds=['spark (w_x02798) ×6']
Lise of Ostrelle: goal='Hear news from your kin', knows=[], holds=['spark (w_x02799) ×3']
Renn Latchkey: goal="Get taken on for a day's work", knows=[], holds=['spark (w_x02800) ×7']
Grigor of the Gutter Steps: goal='Hear news from your kin', knows=[], holds=['spark (w_x02801) ×7']
Havise Fitch: goal='Find something to put on your feet', knows=[], holds=['spark (w_x02802) ×4']
Lise Brant: goal='Keep your clothes dry', knows=[], holds=['spark (w_x02803) ×7']
Osanne Upstream: goal='Replace your lost alms bowl', knows=[], holds=['spark (w_x02804) ×2']
Osanne Rasp: goal='Hear news from your kin', knows=[], holds=['spark (w_x02805) ×2']
Ib Crake: goal='Find out how your neighbour is keeping', knows=[], holds=['spark (w_x02806) ×3']
Nan the Long: goal='Hear news from your kin', knows=[], holds=['spark (w_x02807) ×3']
Corin Dorn: goal='Find out how your neighbour is keeping', knows=[], holds=['spark (w_x02808) ×4']
Ib of the Slip: goal="Get taken on for a day's work", knows=[], holds=['spark (w_x02809) ×6']
Hamel Hawser: goal='Keep your clothes dry', knows=[], holds=['spark (w_x02810) ×6']
Tib Wetalms: goal='Share a memory of the street', knows=[], holds=['spark (w_x02811) ×3']
Dob Rasp: goal='Keep the household blankets in good order', knows=[], holds=['spark (w_x02812) ×3']
Bertran Roper: goal='Beg or find a meal today', knows=[], holds=['spark (w_x02813) ×6']
Osanne Rasp: goal='Find something to put on your feet', knows=[], holds=['spark (w_x02814) ×4']
Ib Alder: goal='Keep your clothes dry', knows=[], holds=['spark (w_x02815) ×3']
Betriss of the Bellstand: goal='Hear news from your kin', knows=[], holds=['spark (w_x02816) ×5']
Renn Quern: goal='Find something to put on your feet', knows=[], holds=['spark (w_x02817) ×7']
Ede of the Tenters: goal='Keep the household blankets in good order', knows=[], holds=['spark (w_x02818) ×4']
Jonet of the Needle: goal='Find out how your neighbour is keeping', knows=[], holds=['spark (w_x02819) ×5']
Nan Marle: goal='Find somewhere to dry your blanket', knows=[], holds=['spark (w_x02820) ×7']
Bertran Shortmeasure: goal='Find out how your neighbour is keeping', knows=[], holds=['spark (w_x02821) ×3']
Tib Upstream: goal='Keep your clothes dry', knows=[], holds=['spark (w_x02822) ×3']
Ansel Tarn: goal='Hear news from your kin', knows=[], holds=['spark (w_x02823) ×2']
Petronel Hobbe: goal='Enjoy a little peace in your neighbourhood', knows=[], holds=['spark (w_x02824) ×4']
Petronel of the Tenters: goal='Replace your lost alms bowl', knows=[], holds=['spark (w_x02825) ×7']
Tib Dorn: goal='Find somewhere to dry your blanket', knows=[], holds=['spark (w_x02826) ×6']
Mote Roper: goal='Get the penny you were promised for the horse', knows=[], holds=['spark (w_x02827) ×4']
Idonea Crake: goal='Find out how your neighbour is keeping', knows=[], holds=['spark (w_x02828) ×2']
Idonea Wetalms: goal='Hear news from your kin', knows=[], holds=['spark (w_x02829) ×3']
Jonet Ferrant: goal='Find out how your neighbour is keeping', knows=[], holds=['spark (w_x02830) ×6']
Segwin of the Needle: goal='Keep the household blankets in good order', knows=[], holds=['spark (w_x02831) ×2']
Gile Roper: goal='Hear news from your kin', knows=[], holds=['spark (w_x02832) ×5']
Jos Crake: goal='Find out how your neighbour is keeping', knows=[], holds=['spark (w_x02833) ×4']
Idonea Roper: goal='Keep your clothes dry', knows=[], holds=['spark (w_x02834) ×4']
Aldith Skell: goal='Keep the household blankets in good order', knows=[], holds=['spark (w_x02835) ×5']
Cobb Upstream: goal='Find a quiet frontage where you are welcome', knows=[], holds=['spark (w_x02836) ×7']
Sef Brant: goal='Find somewhere to dry your blanket', knows=[], holds=['spark (w_x02837) ×6']
Hamel Skell: goal='Share a memory of the street', knows=[], holds=['spark (w_x02838) ×3']
Hamel Quern: goal='Enjoy a little peace in your neighbourhood', knows=[], holds=['spark (w_x02839) ×4']
Hamel Brant: goal='Find somewhere you will be left alone', knows=[], holds=['spark (w_x02840) ×7']
Renn Dorn: goal='Keep the household blankets in good order', knows=[], holds=['spark (w_x02841) ×5']
Noll of the Slip: goal='Find something to put on your feet', knows=[], holds=['spark (w_x02842) ×2']
Ansel Skell: goal='Get the penny you were promised for the horse', knows=[], holds=['spark (w_x02843) ×4']
Jonet Tarn: goal='Enjoy a little peace in your neighbourhood', knows=[], holds=['spark (w_x02844) ×4']
Gile Wetalms: goal='Share a memory of the street', knows=[], holds=['spark (w_x02845) ×2']
Lise Hawser: goal='Get your sleeping corner back', knows=[], holds=['spark (w_x02846) ×4']
Noll Roper: goal='Find out how your neighbour is keeping', knows=[], holds=['spark (w_x02847) ×5']
Nan of the Tenters: goal='Find something to put on your feet', knows=[], holds=['spark (w_x02848) ×5']
Mote the Long: goal='Share a memory of the street', knows=[], holds=['spark (w_x02849) ×2']
Averil the Long: goal='Keep the household blankets in good order', knows=[], holds=['spark (w_x02850) ×4']
Grigor Brant: goal='Keep your clothes dry', knows=[], holds=['spark (w_x02851) ×5']
Idonea the Long: goal='Find somewhere to dry your blanket', knows=[], holds=['spark (w_x02852) ×2']
Ede Hobbe: goal='Hear news from your kin', knows=[], holds=['spark (w_x02853) ×3']
Mote of the Bellstand: goal='Get the penny you were promised for the horse', knows=[], holds=['spark (w_x02854) ×2']
Aubin Dorn: goal='Hear news from your kin', knows=[], holds=['spark (w_x02855) ×7']
Ede Copp: goal='Find out how your neighbour is keeping', knows=[], holds=['spark (w_x02856) ×4']
Tobin Roper: goal='Find a quiet frontage where you are welcome', knows=[], holds=['spark (w_x02857) ×7']
Jos Crake: goal='Hear news from your kin', knows=[], holds=['spark (w_x02858) ×2']
Ewart Hawser: goal='Enjoy a little peace in your neighbourhood', knows=[], holds=['spark (w_x02859) ×7']
Sef Coldhands: goal='Hear news from your kin', knows=[], holds=['spark (w_x02860) ×5']
Petronel Shortmeasure: goal='Find a salve for your hands', knows=[], holds=['spark (w_x02861) ×2']
Nan Copp: goal='Share a memory of the street', knows=[], holds=['spark (w_x02862) ×3']
Ewart Marle: goal='Share a memory of the street', knows=[], holds=['spark (w_x02863) ×6']
Nan Scaffold: goal='Hear news from your kin', knows=[], holds=['spark (w_x02864) ×4']
Sibbe Skell: goal='Find something to put on your feet', knows=[], holds=['spark (w_x02865) ×4']
Nan Stott: goal='Enjoy a little peace in your neighbourhood', knows=[], holds=['spark (w_x02866) ×4']
Petronel Scaffold: goal='Keep the household blankets in good order', knows=[], holds=['spark (w_x02867) ×6']
Ewart Sparr: goal='Share a memory of the street', knows=[], holds=['spark (w_x02868) ×7']
Osanne Coldhands: goal='Keep your clothes dry', knows=[], holds=['spark (w_x02869) ×5']
Ansel Nineteen: goal='Share a memory of the street', knows=[], holds=['spark (w_x02870) ×2']
Noll of the Needle: goal='Replace your lost alms bowl', knows=[], holds=['spark (w_x02871) ×2']
Dunstan Marle: goal='Keep the household blankets in good order', knows=[], holds=['spark (w_x02872) ×7']
Colm Dorn: goal='Share a memory of the street', knows=[], holds=['spark (w_x02873) ×6']
Noll of the Low Bridge: goal='Hear news from your kin', knows=[], holds=['spark (w_x02874) ×4']
Jos Dorn: goal='Replace your lost alms bowl', knows=[], holds=['spark (w_x02875) ×2']
Segwin Pike: goal='Hear news from your kin', knows=[], holds=['spark (w_x02876) ×6']
Aldith Scaffold: goal='Share a memory of the street', knows=[], holds=['spark (w_x02877) ×7']
Sef Skell: goal='Find somewhere you will be left alone', knows=[], holds=['spark (w_x02878) ×7']
Bertran Salter: goal='Find a quiet frontage where you are welcome', knows=[], holds=['spark (w_x02879) ×3']
Tobin of the Low Bridge: goal='Find out how your neighbour is keeping', knows=[], holds=['spark (w_x02880) ×6']
Aldith Roper: goal='Keep the household blankets in good order', knows=[], holds=['spark (w_x02881) ×4']
Osanne Upstream: goal='Enjoy a little peace in your neighbourhood', knows=[], holds=['spark (w_x02882) ×6']
Sef Coldhands: goal='Keep your clothes dry', knows=[], holds=['spark (w_x02883) ×4']
Averil Roper: goal='Keep your clothes dry', knows=[], holds=['spark (w_x02884) ×2']
Lise of Ostrelle: goal='Find out how your neighbour is keeping', knows=[], holds=['spark (w_x02885) ×3']
Jonet Upstream: goal='Find somewhere to dry your blanket', knows=[], holds=['spark (w_x02886) ×4']
Ede Scaffold: goal='Enjoy a little peace in your neighbourhood', knows=[], holds=['spark (w_x02887) ×3']
Tib Threefinger: goal='Enjoy a little peace in your neighbourhood', knows=[], holds=['spark (w_x02888) ×7']
Sef of the Gutter Steps: goal='Share a memory of the street', knows=[], holds=['spark (w_x02889) ×4']
Jonet Crake: goal="Get taken on for a day's work", knows=[], holds=['spark (w_x02890) ×3']
Hamel of the Tenters: goal='Beg or find a meal today', knows=[], holds=['spark (w_x02891) ×4']
Noll the Lesser: goal='Share a memory of the street', knows=[], holds=['spark (w_x02892) ×4']
Aldith Roper: goal='Find out how your neighbour is keeping', knows=[], holds=['spark (w_x02893) ×2']
Cobb Wetalms: goal='Enjoy a little peace in your neighbourhood', knows=[], holds=['spark (w_x02894) ×4']
Idonea of the Low Bridge: goal='Hear news from your kin', knows=[], holds=['spark (w_x02895) ×6']
Pin of Cinder Row: goal='Find a quiet frontage where you are welcome', knows=[], holds=['spark (w_x02896) ×7']
Ib of the Bellstand: goal='Get your sleeping corner back', knows=[], holds=['spark (w_x02897) ×6']
Betriss Hobbe: goal='Enjoy a little peace in your neighbourhood', knows=[], holds=['spark (w_x02898) ×6']
Sibbe Latchkey: goal='Find somewhere to dry your blanket', knows=[], holds=['spark (w_x02899) ×5']
Renn the Long: goal='Share a memory of the street', knows=[], holds=['spark (w_x02900) ×2']
Tib Ashe: goal='Enjoy a little peace in your neighbourhood', knows=[], holds=['spark (w_x02901) ×4']
Aldith Pike: goal='Hear news from your kin', knows=[], holds=['spark (w_x02902) ×2']
Sibbe Coldhands: goal='Get the penny you were promised for the horse', knows=[], holds=['spark (w_x02903) ×6']
Gile Hawser: goal='Share a memory of the street', knows=[], holds=['spark (w_x02904) ×5']
Dob Salter: goal='Keep the household blankets in good order', knows=[], holds=['spark (w_x02905) ×7']
Osanne of the Bellstand: goal='Enjoy a little peace in your neighbourhood', knows=[], holds=['spark (w_x02906) ×3']
Bertran of the Shambles: goal='Find out how your neighbour is keeping', knows=[], holds=['spark (w_x02907) ×3']
Dob Upstream: goal='Find something to put on your feet', knows=[], holds=['spark (w_x02908) ×7']
Ib Latchkey: goal='Find something to put on your feet', knows=[], holds=['spark (w_x02909) ×7']
Jos of the Low Bridge: goal='Hear news from your kin', knows=[], holds=['spark (w_x02910) ×7']
Colm Dorn: goal='Hear news from your kin', knows=[], holds=['spark (w_x02911) ×2']
Noll Shortmeasure: goal='Share a memory of the street', knows=[], holds=['spark (w_x02912) ×3']
Ede Sparr: goal='Hear news from your kin', knows=[], holds=['spark (w_x02913) ×7']
Ib of the Slip: goal='Find something to put on your feet', knows=[], holds=['spark (w_x02914) ×7']
Ede Dorn: goal='Find out how your neighbour is keeping', knows=[], holds=['spark (w_x02915) ×6']
Petronel Copp: goal='Beg or find a meal today', knows=[], holds=['spark (w_x02916) ×3']
Jos Alder: goal='Keep your clothes dry', knows=[], holds=['spark (w_x02917) ×5']
Ede Wetalms: goal='Keep the household blankets in good order', knows=[], holds=['spark (w_x02918) ×5']
Renn the Long: goal='Replace your lost alms bowl', knows=[], holds=['spark (w_x02919) ×4']
Ansel Upstream: goal='Find out how your neighbour is keeping', knows=[], holds=['spark (w_x02920) ×3']
Betriss Marle: goal='Keep your clothes dry', knows=[], holds=['spark (w_x02921) ×5']
Tobin of Ostrelle: goal='Get your sleeping corner back', knows=[], holds=['spark (w_x02922) ×6']
Pin of Cinder Row: goal='Enjoy a little peace in your neighbourhood', knows=[], holds=['spark (w_x02923) ×2']
Tib Tarn: goal='Enjoy a little peace in your neighbourhood', knows=[], holds=['spark (w_x02924) ×4']
Segwin Alder: goal='Share a memory of the street', knows=[], holds=['spark (w_x02925) ×5']
Jos of the Shambles: goal='Find a salve for your hands', knows=[], holds=['spark (w_x02926) ×3']
Ede Rasp: goal='Enjoy a little peace in your neighbourhood', knows=[], holds=['spark (w_x02927) ×5']
Cobb of the Low Bridge: goal='Keep your clothes dry', knows=[], holds=['spark (w_x02928) ×2']
Clemence Hobbe: goal='Share a memory of the street', knows=[], holds=['spark (w_x02929) ×2']
Ewart Pike: goal='Keep the household blankets in good order', knows=[], holds=['spark (w_x02930) ×5']
Ansel of Cinder Row: goal='Keep your clothes dry', knows=[], holds=['spark (w_x02931) ×4']
Ib of Ostrelle: goal='Keep your clothes dry', knows=[], holds=['spark (w_x02932) ×6']
Tib of the Bellstand: goal='Replace your lost alms bowl', knows=[], holds=['spark (w_x02933) ×2']
Renn Vell: goal='Find somewhere you will be left alone', knows=[], holds=['spark (w_x02934) ×6']
Rohese Hobbe: goal='Share a memory of the street', knows=[], holds=['spark (w_x02935) ×4']
Dob the Lesser: goal='Keep the household blankets in good order', knows=[], holds=['spark (w_x02936) ×4']
Osanne Threefinger: goal='Hear news from your kin', knows=[], holds=['spark (w_x02937) ×6']
Segwin of the Shambles: goal='Find somewhere you will be left alone', knows=[], holds=['spark (w_x02938) ×6']
Cobb Sparr: goal='Keep the household blankets in good order', knows=[], holds=['spark (w_x02939) ×4']
Ede of the Low Bridge: goal='Enjoy a little peace in your neighbourhood', knows=[], holds=['spark (w_x02940) ×5']
Corin of the Shambles: goal='Find out how your neighbour is keeping', knows=[], holds=['spark (w_x02941) ×2']
Lise of Cinder Row: goal='Share a memory of the street', knows=[], holds=['spark (w_x02942) ×4']
Ewart Pike: goal='Find out how your neighbour is keeping', knows=[], holds=['spark (w_x02943) ×4']
Pin of the Needle: goal='Enjoy a little peace in your neighbourhood', knows=[], holds=['spark (w_x02944) ×4']
Rohese of Cinder Row: goal='Share a memory of the street', knows=[], holds=['spark (w_x02945) ×4']
Petronel of the Needle: goal='Keep the household blankets in good order', knows=[], holds=['spark (w_x02946) ×7']
Jos Scaffold: goal='Find something to put on your feet', knows=[], holds=['spark (w_x02947) ×5']
Ib Stott: goal='Keep your clothes dry', knows=[], holds=['spark (w_x02948) ×5']
Dob of the Tenters: goal='Keep the household blankets in good order', knows=[], holds=['spark (w_x02949) ×5']
Idonea Shortmeasure: goal='Hear news from your kin', knows=[], holds=['spark (w_x02950) ×4']
Osanne Copp: goal='Keep your clothes dry', knows=[], holds=['spark (w_x02951) ×4']
Jonet Dorn: goal='Get the penny you were promised for the horse', knows=[], holds=['spark (w_x02952) ×7']
Pin Vell: goal='Enjoy a little peace in your neighbourhood', knows=[], holds=['spark (w_x02953) ×2']
Jos Roper: goal='Keep the household blankets in good order', knows=[], holds=['spark (w_x02954) ×7']
Averil Rasp: goal='Find a quiet frontage where you are welcome', knows=[], holds=['spark (w_x02955) ×7']
Bertran of the Needle: goal='Share a memory of the street', knows=[], holds=['spark (w_x02956) ×6']
Aldith of the Low Bridge: goal='Share a memory of the street', knows=[], holds=['spark (w_x02957) ×5']
Dob of the Low Bridge: goal='Keep your clothes dry', knows=[], holds=['spark (w_x02958) ×2']
Idonea of the Bellstand: goal='Beg or find a meal today', knows=[], holds=['spark (w_x02959) ×3']
Corin of the Tenters: goal='Find out how your neighbour is keeping', knows=[], holds=['spark (w_x02960) ×2']
Tib of Cinder Row: goal='Find out how your neighbour is keeping', knows=[], holds=['spark (w_x02961) ×2']
Hamel Nineteen: goal='Enjoy a little peace in your neighbourhood', knows=[], holds=['spark (w_x02962) ×4']
Ede of the Tenters: goal='Hear news from your kin', knows=[], holds=['spark (w_x02963) ×2']
Petronel Quern: goal='Share a memory of the street', knows=[], holds=['spark (w_x02964) ×3']
Aubin Pike: goal='Keep your clothes dry', knows=[], holds=['spark (w_x02965) ×6']
Clemence of the Gutter Steps: goal='Keep your clothes dry', knows=[], holds=['spark (w_x02966) ×5']
Averil Vell: goal='Keep your clothes dry', knows=[], holds=['spark (w_x02967) ×2']
Sibbe Ashe: goal='Beg or find a meal today', knows=[], holds=['spark (w_x02968) ×6']
Clemence Alder: goal='Find a salve for your hands', knows=[], holds=['spark (w_x02969) ×6']
Nan Wetalms: goal='Enjoy a little peace in your neighbourhood', knows=[], holds=['spark (w_x02970) ×2']
Aldith Threefinger: goal='Find out how your neighbour is keeping', knows=[], holds=['spark (w_x02971) ×6']
Ede Alder: goal='Find something to put on your feet', knows=[], holds=['spark (w_x02972) ×6']
Osanne of Cinder Row: goal='Share a memory of the street', knows=[], holds=['spark (w_x02973) ×6']
Segwin of the Tenters: goal='Share a memory of the street', knows=[], holds=['spark (w_x02974) ×7']
Tobin Scaffold: goal='Find somewhere you will be left alone', knows=[], holds=['spark (w_x02975) ×3']
Tobin Upstream: goal='Find out how your neighbour is keeping', knows=[], holds=['spark (w_x02976) ×5']
Sibbe Sparr: goal='Keep the household blankets in good order', knows=[], holds=['spark (w_x02977) ×3']
Aubin Crake: goal='Find out how your neighbour is keeping', knows=[], holds=['spark (w_x02978) ×3']
Tobin of the Low Bridge: goal='Share a memory of the street', knows=[], holds=['spark (w_x02979) ×3']
Averil of the Gutter Steps: goal='Keep the household blankets in good order', knows=[], holds=['spark (w_x02980) ×2']
Ib Rasp: goal='Keep the household blankets in good order', knows=[], holds=['spark (w_x02981) ×2']
Ede Dorn: goal='Find somewhere to dry your blanket', knows=[], holds=['spark (w_x02982) ×4']
Mote of Ostrelle: goal='Hear news from your kin', knows=[], holds=['spark (w_x02983) ×6']
Osanne of the Shambles: goal='Keep the household blankets in good order', knows=[], holds=['spark (w_x02984) ×4']
Corin Vell: goal='Enjoy a little peace in your neighbourhood', knows=[], holds=['spark (w_x02985) ×7']
Renn Copp: goal='Find something to put on your feet', knows=[], holds=['spark (w_x02986) ×7']
Ede Hobbe: goal='Share a memory of the street', knows=[], holds=['spark (w_x02987) ×5']
Petronel of the Tenters: goal='Enjoy a little peace in your neighbourhood', knows=[], holds=['spark (w_x02988) ×3']
Ib Brant: goal='Find out how your neighbour is keeping', knows=[], holds=['spark (w_x02989) ×6']
Ewart Copp: goal='Share a memory of the street', knows=[], holds=['spark (w_x02990) ×4']
Colm of Cinder Row: goal='Hear news from your kin', knows=[], holds=['spark (w_x02991) ×2']
Gile Marle: goal="Get taken on for a day's work", knows=[], holds=['spark (w_x02992) ×5']
Ewart Rasp: goal='Keep the household blankets in good order', knows=[], holds=['spark (w_x02993) ×4']
Sef Ferrant: goal='Share a memory of the street', knows=[], holds=['spark (w_x02994) ×3']
Ansel Stott: goal='Find somewhere you will be left alone', knows=[], holds=['spark (w_x02995) ×2']
Segwin Copp: goal='Keep your clothes dry', knows=[], holds=['spark (w_x02996) ×7']
Dunstan Nineteen: goal='Keep the household blankets in good order', knows=[], holds=['spark (w_x02997) ×7']
Lise of the Tenters: goal='Keep the household blankets in good order', knows=[], holds=['spark (w_x02998) ×7']
Petronel Rasp: goal='Share a memory of the street', knows=[], holds=['spark (w_x02999) ×2']
Ansel of the Gutter Steps: goal='Hear news from your kin', knows=[], holds=['spark (w_x03000) ×7']
Pin Copp: goal='Find out how your neighbour is keeping', knows=[], holds=['spark (w_x03001) ×4']
Ewart Rasp: goal='Find something to put on your feet', knows=[], holds=['spark (w_x03002) ×5']
Ede Skell: goal='Find out how your neighbour is keeping', knows=[], holds=['spark (w_x03003) ×6']
Gile Threefinger: goal='Find something to put on your feet', knows=[], holds=['spark (w_x03004) ×5']
Hamel Sparr: goal='Hear news from your kin', knows=[], holds=['spark (w_x03005) ×2']
Jonet of the Low Bridge: goal='Keep your clothes dry', knows=[], holds=['spark (w_x03006) ×5']
Tobin Pike: goal='Find out how your neighbour is keeping', knows=[], holds=['spark (w_x03007) ×3']
Ansel Nineteen: goal="Get taken on for a day's work", knows=[], holds=['spark (w_x03008) ×3']
Jonet of the Bellstand: goal='Keep your clothes dry', knows=[], holds=['spark (w_x03009) ×3']
Pin Vell: goal='Find something to put on your feet', knows=[], holds=['spark (w_x03010) ×2']
Tib Tarn: goal='Enjoy a little peace in your neighbourhood', knows=[], holds=['spark (w_x03011) ×5']
Ansel Scaffold: goal='Get the penny you were promised for the horse', knows=[], holds=['spark (w_x03012) ×5']
Averil of the Slip: goal='Enjoy a little peace in your neighbourhood', knows=[], holds=['spark (w_x03013) ×7']
Clemence Skell: goal='Enjoy a little peace in your neighbourhood', knows=[], holds=['spark (w_x03014) ×4']
Cobb Skell: goal='Keep the household blankets in good order', knows=[], holds=['spark (w_x03015) ×2']
Aubin Pike: goal='Hear news from your kin', knows=[], holds=['spark (w_x03016) ×4']
Sibbe Quern: goal='Get your sleeping corner back', knows=[], holds=['spark (w_x03017) ×2']
Averil Nineteen: goal='Find something to put on your feet', knows=[], holds=['spark (w_x03018) ×4']
Jonet Scaffold: goal='Find out how your neighbour is keeping', knows=[], holds=['spark (w_x03019) ×6']
Sef Pike: goal='Find out how your neighbour is keeping', knows=[], holds=['spark (w_x03020) ×5']
Corin of the Bellstand: goal='Find a quiet frontage where you are welcome', knows=[], holds=['spark (w_x03021) ×4']
Mote Shortmeasure: goal='Share a memory of the street', knows=[], holds=['spark (w_x03022) ×4']
Pin Pike: goal='Keep the household blankets in good order', knows=[], holds=['spark (w_x03023) ×5']
Osanne Coldhands: goal='Hear news from your kin', knows=[], holds=['spark (w_x03024) ×6']
Dunstan of the Slip: goal='Keep your clothes dry', knows=[], holds=['spark (w_x03025) ×6']
Ede of the Low Bridge: goal='Hear news from your kin', knows=[], holds=['spark (w_x03026) ×4']
Nan Marle: goal='Keep your clothes dry', knows=[], holds=['spark (w_x03027) ×4']
Rohese Ashe: goal='Get the penny you were promised for the horse', knows=[], holds=['spark (w_x03028) ×5']
Renn Fitch: goal='Find out how your neighbour is keeping', knows=[], holds=['spark (w_x03029) ×7']
Osanne Scaffold: goal='Enjoy a little peace in your neighbourhood', knows=[], holds=['spark (w_x03030) ×3']
Nan Ferrant: goal='Keep your clothes dry', knows=[], holds=['spark (w_x03031) ×4']
Ede of the Low Bridge: goal='Keep your clothes dry', knows=[], holds=['spark (w_x03032) ×5']
Lise the Lesser: goal='Find out how your neighbour is keeping', knows=[], holds=['spark (w_x03033) ×4']
Osanne Fitch: goal='Keep your clothes dry', knows=[], holds=['spark (w_x03034) ×3']
Jos of the Tenters: goal='Enjoy a little peace in your neighbourhood', knows=[], holds=['spark (w_x03035) ×3']
Dob of the Low Bridge: goal='Hear news from your kin', knows=[], holds=['spark (w_x03036) ×4']
Jos Fitch: goal='Share a memory of the street', knows=[], holds=['spark (w_x03037) ×4']
Clemence of the Bellstand: goal='Hear news from your kin', knows=[], holds=['spark (w_x03038) ×6']
Pin Coldhands: goal='Keep the household blankets in good order', knows=[], holds=['spark (w_x03039) ×2']
Aldith Brant: goal="Get taken on for a day's work", knows=[], holds=['spark (w_x03040) ×2']
Lise Crake: goal='Keep your clothes dry', knows=[], holds=['spark (w_x03041) ×6']
Jonet of Cinder Row: goal='Find somewhere you will be left alone', knows=[], holds=['spark (w_x03042) ×4']
Mote Tarn: goal='Find a quiet frontage where you are welcome', knows=[], holds=['spark (w_x03043) ×2']
Hamel the Long: goal='Keep the household blankets in good order', knows=[], holds=['spark (w_x03044) ×6']
Petronel Vell: goal='Hear news from your kin', knows=[], holds=['spark (w_x03045) ×4']
Noll of the Shambles: goal='Enjoy a little peace in your neighbourhood', knows=[], holds=['spark (w_x03046) ×6']
Aldith Scaffold: goal='Keep your clothes dry', knows=[], holds=['spark (w_x03047) ×3']
Nan of the Shambles: goal='Find a salve for your hands', knows=[], holds=['spark (w_x03048) ×5']
Segwin of the Tenters: goal='Find a salve for your hands', knows=[], holds=['spark (w_x03049) ×3']
Tib Upstream: goal='Keep the household blankets in good order', knows=[], holds=['spark (w_x03050) ×2']
Petronel of the Shambles: goal='Hear news from your kin', knows=[], holds=['spark (w_x03051) ×4']
Jos the Long: goal='Hear news from your kin', knows=[], holds=['spark (w_x03052) ×5']
Hamel Stott: goal='Keep your clothes dry', knows=[], holds=['spark (w_x03053) ×5']
Grigor Marle: goal='Find out how your neighbour is keeping', knows=[], holds=['spark (w_x03054) ×4']
Mote of Cinder Row: goal='Share a memory of the street', knows=[], holds=['spark (w_x03055) ×4']
Sibbe Marle: goal='Hear news from your kin', knows=[], holds=['spark (w_x03056) ×6']
Rohese Roper: goal='Replace your lost alms bowl', knows=[], holds=['spark (w_x03057) ×6']
Bertran the Long: goal='Find out how your neighbour is keeping', knows=[], holds=['spark (w_x03058) ×3']
Ansel Coldhands: goal='Get your sleeping corner back', knows=[], holds=['spark (w_x03059) ×5']
Noll Hawser: goal='Keep your clothes dry', knows=[], holds=['spark (w_x03060) ×7']
Havise Tarn: goal='Keep your clothes dry', knows=[], holds=['spark (w_x03061) ×6']
Rohese Brant: goal='Find out how your neighbour is keeping', knows=[], holds=['spark (w_x03062) ×5']
Aldith Marle: goal='Hear news from your kin', knows=[], holds=['spark (w_x03063) ×3']
Ewart the Long: goal='Keep the household blankets in good order', knows=[], holds=['spark (w_x03064) ×4']
Averil Crake: goal='Keep the household blankets in good order', knows=[], holds=['spark (w_x03065) ×4']
Havise Fitch: goal='Share a memory of the street', knows=[], holds=['spark (w_x03066) ×3']
Rohese Fitch: goal='Share a memory of the street', knows=[], holds=['spark (w_x03067) ×4']
Ib of the Shambles: goal='Keep your clothes dry', knows=[], holds=['spark (w_x03068) ×5']
Sibbe Pike: goal='Share a memory of the street', knows=[], holds=['spark (w_x03069) ×4']
Jonet Skell: goal='Hear news from your kin', knows=[], holds=['spark (w_x03070) ×2']
Cobb Dorn: goal='Hear news from your kin', knows=[], holds=['spark (w_x03071) ×4']
Tobin Wetalms: goal='Share a memory of the street', knows=[], holds=['spark (w_x03072) ×7']
Jos Scaffold: goal='Hear news from your kin', knows=[], holds=['spark (w_x03073) ×2']
Petronel the Lesser: goal='Keep the household blankets in good order', knows=[], holds=['spark (w_x03074) ×4']
Aubin Vell: goal='Keep your clothes dry', knows=[], holds=['spark (w_x03075) ×2']
Noll Tarn: goal='Find out how your neighbour is keeping', knows=[], holds=['spark (w_x03076) ×7']
Aldith Latchkey: goal='Hear news from your kin', knows=[], holds=['spark (w_x03077) ×7']
Dunstan the Lesser: goal='Keep the household blankets in good order', knows=[], holds=['spark (w_x03078) ×6']
Gile Alder: goal='Find out how your neighbour is keeping', knows=[], holds=['spark (w_x03079) ×5']
Bertran Salter: goal='Find out how your neighbour is keeping', knows=[], holds=['spark (w_x03080) ×3']
Lise of the Slip: goal='Share a memory of the street', knows=[], holds=['spark (w_x03081) ×2']
Sef the Lesser: goal='Share a memory of the street', knows=[], holds=['spark (w_x03082) ×5']
Tobin of the Slip: goal='Keep your clothes dry', knows=[], holds=['spark (w_x03083) ×5']
Ede Alder: goal='Keep your clothes dry', knows=[], holds=['spark (w_x03084) ×7']
Aldith Vell: goal='Hear news from your kin', knows=[], holds=['spark (w_x03085) ×4']
Tib Alder: goal='Enjoy a little peace in your neighbourhood', knows=[], holds=['spark (w_x03086) ×2']
Havise of the Bellstand: goal='Enjoy a little peace in your neighbourhood', knows=[], holds=['spark (w_x03087) ×3']
Nan Ferrant: goal='Enjoy a little peace in your neighbourhood', knows=[], holds=['spark (w_x03088) ×5']
Noll Scaffold: goal='Enjoy a little peace in your neighbourhood', knows=[], holds=['spark (w_x03089) ×3']
Petronel Roper: goal='Find out how your neighbour is keeping', knows=[], holds=['spark (w_x03090) ×3']
Noll of the Tenters: goal='Hear news from your kin', knows=[], holds=['spark (w_x03091) ×2']
Ansel the Long: goal='Keep the household blankets in good order', knows=[], holds=['spark (w_x03092) ×2']
Rohese Pike: goal='Enjoy a little peace in your neighbourhood', knows=[], holds=['spark (w_x03093) ×5']
Aldith Ferrant: goal='Keep the household blankets in good order', knows=[], holds=['spark (w_x03094) ×3']
Clemence Ferrant: goal='Share a memory of the street', knows=[], holds=['spark (w_x03095) ×2']
Havise Hawser: goal='Keep the household blankets in good order', knows=[], holds=['spark (w_x03096) ×3']
Ede Brant: goal='Find somewhere you will be left alone', knows=[], holds=['spark (w_x03097) ×5']
Idonea of the Tenters: goal='Keep your clothes dry', knows=[], holds=['spark (w_x03098) ×7']
Sibbe Quern: goal='Find out how your neighbour is keeping', knows=[], holds=['spark (w_x03099) ×4']
Ewart of the Bellstand: goal='Share a memory of the street', knows=[], holds=['spark (w_x03100) ×6']
Noll Hawser: goal='Find out how your neighbour is keeping', knows=[], holds=['spark (w_x03101) ×5']
Gile Hawser: goal='Keep your clothes dry', knows=[], holds=['spark (w_x03102) ×5']
Colm Shortmeasure: goal='Hear news from your kin', knows=[], holds=['spark (w_x03103) ×4']
Petronel of the Needle: goal='Find somewhere to dry your blanket', knows=[], holds=['spark (w_x03104) ×5']
Aldith Scaffold: goal='Keep the household blankets in good order', knows=[], holds=['spark (w_x03105) ×2']
Cobb Brant: goal='Beg or find a meal today', knows=[], holds=['spark (w_x03106) ×6']
Nan of the Slip: goal='Keep your clothes dry', knows=[], holds=['spark (w_x03107) ×2']
Rohese Hawser: goal='Keep the household blankets in good order', knows=[], holds=['spark (w_x03108) ×5']
Dunstan Latchkey: goal='Hear news from your kin', knows=[], holds=['spark (w_x03109) ×7']
Osanne of the Gutter Steps: goal='Keep your clothes dry', knows=[], holds=['spark (w_x03110) ×3']
Hamel Shortmeasure: goal='Find somewhere you will be left alone', knows=[], holds=['spark (w_x03111) ×4']
Ede of the Low Bridge: goal='Find somewhere to dry your blanket', knows=[], holds=['spark (w_x03112) ×3']
Sef Ferrant: goal="Get taken on for a day's work", knows=[], holds=['spark (w_x03113) ×5']
Dob Crake: goal='Find a quiet frontage where you are welcome', knows=[], holds=['spark (w_x03114) ×7']
Jos Shortmeasure: goal='Share a memory of the street', knows=[], holds=['spark (w_x03115) ×2']
Jonet of the Shambles: goal='Find out how your neighbour is keeping', knows=[], holds=['spark (w_x03116) ×2']
Clemence Vell: goal='Share a memory of the street', knows=[], holds=['spark (w_x03117) ×6']
Sibbe Alder: goal='Keep your clothes dry', knows=[], holds=['spark (w_x03118) ×6']
Nan of the Gutter Steps: goal='Get the penny you were promised for the horse', knows=[], holds=['spark (w_x03119) ×6']
Idonea Hawser: goal='Enjoy a little peace in your neighbourhood', knows=[], holds=['spark (w_x03120) ×2']
Segwin of the Slip: goal='Find somewhere to dry your blanket', knows=[], holds=['spark (w_x03121) ×6']
Colm Marle: goal='Enjoy a little peace in your neighbourhood', knows=[], holds=['spark (w_x03122) ×3']
Jonet of Cinder Row: goal='Share a memory of the street', knows=[], holds=['spark (w_x03123) ×5']
Ib Latchkey: goal='Enjoy a little peace in your neighbourhood', knows=[], holds=['spark (w_x03124) ×4']
Grigor Ashe: goal='Hear news from your kin', knows=[], holds=['spark (w_x03125) ×2']
Segwin Tarn: goal='Find out how your neighbour is keeping', knows=[], holds=['spark (w_x03126) ×5']
Jos of the Shambles: goal='Keep your clothes dry', knows=[], holds=['spark (w_x03127) ×2']
Nan Coldhands: goal="Get taken on for a day's work", knows=[], holds=['spark (w_x03128) ×6']
Ib of Cinder Row: goal='Keep the household blankets in good order', knows=[], holds=['spark (w_x03129) ×7']
Dob Dorn: goal='Find out how your neighbour is keeping', knows=[], holds=['spark (w_x03130) ×3']
Idonea Dorn: goal='Enjoy a little peace in your neighbourhood', knows=[], holds=['spark (w_x03131) ×3']
Gile of the Gutter Steps: goal='Keep your clothes dry', knows=[], holds=['spark (w_x03132) ×2']
Jos of the Gutter Steps: goal='Get your sleeping corner back', knows=[], holds=['spark (w_x03133) ×7']
Mote Copp: goal='Enjoy a little peace in your neighbourhood', knows=[], holds=['spark (w_x03134) ×7']
Tib Sparr: goal='Find out how your neighbour is keeping', knows=[], holds=['spark (w_x03135) ×7']
Aubin of the Gutter Steps: goal='Hear news from your kin', knows=[], holds=['spark (w_x03136) ×7']
Aubin Shortmeasure: goal='Keep your clothes dry', knows=[], holds=['spark (w_x03137) ×6']
Noll Tarn: goal='Share a memory of the street', knows=[], holds=['spark (w_x03138) ×5']
Hamel Tarn: goal='Keep the household blankets in good order', knows=[], holds=['spark (w_x03139) ×4']
Dunstan Copp: goal='Find out how your neighbour is keeping', knows=[], holds=['spark (w_x03140) ×5']
Gile Skell: goal='Share a memory of the street', knows=[], holds=['spark (w_x03141) ×6']
Segwin Skell: goal='Hear news from your kin', knows=[], holds=['spark (w_x03142) ×4']
Bertran the Lesser: goal='Get the penny you were promised for the horse', knows=[], holds=['spark (w_x03143) ×4']
Cobb Marle: goal='Keep your clothes dry', knows=[], holds=['spark (w_x03144) ×7']
Cobb of the Tenters: goal='Find out how your neighbour is keeping', knows=[], holds=['spark (w_x03145) ×6']
Mote Scaffold: goal='Enjoy a little peace in your neighbourhood', knows=[], holds=['spark (w_x03146) ×4']
Dunstan Sparr: goal='Share a memory of the street', knows=[], holds=['spark (w_x03147) ×2']
Corin of the Tenters: goal='Keep the household blankets in good order', knows=[], holds=['spark (w_x03148) ×2']
Corin Pike: goal='Share a memory of the street', knows=[], holds=['spark (w_x03149) ×6']
Pin of the Bellstand: goal='Find somewhere to dry your blanket', knows=[], holds=['spark (w_x03150) ×5']
Sef Nineteen: goal='Replace your lost alms bowl', knows=[], holds=['spark (w_x03151) ×4']
Segwin Vell: goal='Enjoy a little peace in your neighbourhood', knows=[], holds=['spark (w_x03152) ×7']
Pin Crake: goal='Share a memory of the street', knows=[], holds=['spark (w_x03153) ×3']
Ansel the Lesser: goal='Find somewhere to dry your blanket', knows=[], holds=['spark (w_x03154) ×3']
Segwin Wetalms: goal='Find out how your neighbour is keeping', knows=[], holds=['spark (w_x03155) ×4']
Jonet Nineteen: goal='Keep your clothes dry', knows=[], holds=['spark (w_x03156) ×3']
Lise Marle: goal='Keep your clothes dry', knows=[], holds=['spark (w_x03157) ×6']
Colm Ferrant: goal='Enjoy a little peace in your neighbourhood', knows=[], holds=['spark (w_x03158) ×7']
Sibbe Quern: goal='Find out how your neighbour is keeping', knows=[], holds=['spark (w_x03159) ×6']
Betriss Copp: goal='Hear news from your kin', knows=[], holds=['spark (w_x03160) ×4']
Grigor the Lesser: goal='Replace your lost alms bowl', knows=[], holds=['spark (w_x03161) ×7']
Sibbe Threefinger: goal='Find somewhere you will be left alone', knows=[], holds=['spark (w_x03162) ×6']
Cobb Quern: goal='Keep the household blankets in good order', knows=[], holds=['spark (w_x03163) ×3']
Grigor the Lesser: goal='Keep your clothes dry', knows=[], holds=['spark (w_x03164) ×5']
Ede Threefinger: goal='Hear news from your kin', knows=[], holds=['spark (w_x03165) ×6']
Tobin Ashe: goal='Find out how your neighbour is keeping', knows=[], holds=['spark (w_x03166) ×3']
Petronel Quern: goal='Beg or find a meal today', knows=[], holds=['spark (w_x03167) ×2']
Havise of the Bellstand: goal='Hear news from your kin', knows=[], holds=['spark (w_x03168) ×7']
Clemence Scaffold: goal='Hear news from your kin', knows=[], holds=['spark (w_x03169) ×2']
Averil Coldhands: goal='Hear news from your kin', knows=[], holds=['spark (w_x03170) ×7']
Ansel Quern: goal='Keep your clothes dry', knows=[], holds=['spark (w_x03171) ×4']
Tib of the Needle: goal='Keep the household blankets in good order', knows=[], holds=['spark (w_x03172) ×5']
Mote the Lesser: goal='Keep the household blankets in good order', knows=[], holds=['spark (w_x03173) ×5']
Sef of the Gutter Steps: goal='Share a memory of the street', knows=[], holds=['spark (w_x03174) ×4']
Ansel of the Tenters: goal="Get taken on for a day's work", knows=[], holds=['spark (w_x03175) ×4']
Idonea Crake: goal='Hear news from your kin', knows=[], holds=['spark (w_x03176) ×2']
Aubin Stott: goal='Find somewhere to dry your blanket', knows=[], holds=['spark (w_x03177) ×5']
Pin of the Gutter Steps: goal='Keep your clothes dry', knows=[], holds=['spark (w_x03178) ×5']
Nan Salter: goal='Enjoy a little peace in your neighbourhood', knows=[], holds=['spark (w_x03179) ×6']
Jos of the Bellstand: goal='Keep the household blankets in good order', knows=[], holds=['spark (w_x03180) ×6']
Dunstan of the Gutter Steps: goal='Hear news from your kin', knows=[], holds=['spark (w_x03181) ×4']
Mote Tarn: goal='Share a memory of the street', knows=[], holds=['spark (w_x03182) ×4']
Ewart Roper: goal='Keep your clothes dry', knows=[], holds=['spark (w_x03183) ×6']
Pin Rasp: goal='Find a quiet frontage where you are welcome', knows=[], holds=['spark (w_x03184) ×6']
Lise Vell: goal='Find out how your neighbour is keeping', knows=[], holds=['spark (w_x03185) ×5']
Havise Fitch: goal='Find a quiet frontage where you are welcome', knows=[], holds=['spark (w_x03186) ×4']
Aldith of the Shambles: goal='Hear news from your kin', knows=[], holds=['spark (w_x03187) ×2']
Sef Sparr: goal='Share a memory of the street', knows=[], holds=['spark (w_x03188) ×5']
Jonet Hobbe: goal='Keep the household blankets in good order', knows=[], holds=['spark (w_x03189) ×5']
Nan of the Low Bridge: goal='Find out how your neighbour is keeping', knows=[], holds=['spark (w_x03190) ×3']
Aldith of the Shambles: goal='Get the penny you were promised for the horse', knows=[], holds=['spark (w_x03191) ×5']
Colm Latchkey: goal='Find somewhere to dry your blanket', knows=[], holds=['spark (w_x03192) ×7']
Averil Wetalms: goal='Hear news from your kin', knows=[], holds=['spark (w_x03193) ×6']
Pin Stott: goal='Keep the household blankets in good order', knows=[], holds=['spark (w_x03194) ×6']
Grigor Shortmeasure: goal='Enjoy a little peace in your neighbourhood', knows=[], holds=['spark (w_x03195) ×5']
Lise of Cinder Row: goal='Find out how your neighbour is keeping', knows=[], holds=['spark (w_x03196) ×3']
Dob Quern: goal='Share a memory of the street', knows=[], holds=['spark (w_x03197) ×4']
Renn of the Gutter Steps: goal='Hear news from your kin', knows=[], holds=['spark (w_x03198) ×7']
Osanne Tarn: goal='Hear news from your kin', knows=[], holds=['spark (w_x03199) ×3']
Grigor Scaffold: goal='Find somewhere you will be left alone', knows=[], holds=['spark (w_x03200) ×6']
Averil Ferrant: goal='Find somewhere you will be left alone', knows=[], holds=['spark (w_x03201) ×4']
Idonea Skell: goal='Enjoy a little peace in your neighbourhood', knows=[], holds=['spark (w_x03202) ×2']
Sibbe Brant: goal='Hear news from your kin', knows=[], holds=['spark (w_x03203) ×2']
Hamel Tarn: goal='Beg or find a meal today', knows=[], holds=['spark (w_x03204) ×4']
Sibbe of the Shambles: goal='Replace your lost alms bowl', knows=[], holds=['spark (w_x03205) ×6']
Bertran of Ostrelle: goal='Enjoy a little peace in your neighbourhood', knows=[], holds=['spark (w_x03206) ×3']
Tib Upstream: goal="Get taken on for a day's work", knows=[], holds=['spark (w_x03207) ×6']
Gile Crake: goal='Enjoy a little peace in your neighbourhood', knows=[], holds=['spark (w_x03208) ×2']
Mote Wetalms: goal='Hear news from your kin', knows=[], holds=['spark (w_x03209) ×5']
Tib Vell: goal='Hear news from your kin', knows=[], holds=['spark (w_x03210) ×7']
Gile Threefinger: goal='Beg or find a meal today', knows=[], holds=['spark (w_x03211) ×7']
Pin Coldhands: goal='Find somewhere to dry your blanket', knows=[], holds=['spark (w_x03212) ×6']
Aldith Upstream: goal='Beg or find a meal today', knows=[], holds=['spark (w_x03213) ×2']
Mote Crake: goal='Keep the household blankets in good order', knows=[], holds=['spark (w_x03214) ×5']
Hamel Ashe: goal='Keep your clothes dry', knows=[], holds=['spark (w_x03215) ×2']
Corin Roper: goal='Enjoy a little peace in your neighbourhood', knows=[], holds=['spark (w_x03216) ×4']
Mote of the Tenters: goal='Keep the household blankets in good order', knows=[], holds=['spark (w_x03217) ×2']
Renn Pike: goal='Find a quiet frontage where you are welcome', knows=[], holds=['spark (w_x03218) ×3']
Dunstan Pike: goal='Find a quiet frontage where you are welcome', knows=[], holds=['spark (w_x03219) ×4']
Gile of the Slip: goal='Share a memory of the street', knows=[], holds=['spark (w_x03220) ×3']
Cobb Alder: goal='Keep the household blankets in good order', knows=[], holds=['spark (w_x03221) ×7']
Averil Scaffold: goal='Find a quiet frontage where you are welcome', knows=[], holds=['spark (w_x03222) ×4']
Gile of the Tenters: goal='Keep your clothes dry', knows=[], holds=['spark (w_x03223) ×5']
Havise Scaffold: goal='Hear news from your kin', knows=[], holds=['spark (w_x03224) ×4']
Tib of the Tenters: goal='Enjoy a little peace in your neighbourhood', knows=[], holds=['spark (w_x03225) ×7']
Ede of Ostrelle: goal='Keep the household blankets in good order', knows=[], holds=['spark (w_x03226) ×2']
Sef Coldhands: goal='Enjoy a little peace in your neighbourhood', knows=[], holds=['spark (w_x03227) ×6']
Betriss of the Needle: goal='Enjoy a little peace in your neighbourhood', knows=[], holds=['spark (w_x03228) ×7']
Ede Wetalms: goal='Replace your lost alms bowl', knows=[], holds=['spark (w_x03229) ×4']
Bertran Ashe: goal='Keep the household blankets in good order', knows=[], holds=['spark (w_x03230) ×3']
Cobb Wetalms: goal="Get taken on for a day's work", knows=[], holds=['spark (w_x03231) ×2']
Tib of the Shambles: goal='Enjoy a little peace in your neighbourhood', knows=[], holds=['spark (w_x03232) ×6']
Petronel Quern: goal='Get your sleeping corner back', knows=[], holds=['spark (w_x03233) ×6']
Dob of the Bellstand: goal='Find somewhere to dry your blanket', knows=[], holds=['spark (w_x03234) ×6']
Ewart Salter: goal='Hear news from your kin', knows=[], holds=['spark (w_x03235) ×4']
Nan Vell: goal='Enjoy a little peace in your neighbourhood', knows=[], holds=['spark (w_x03236) ×7']
Betriss of the Needle: goal='Keep the household blankets in good order', knows=[], holds=['spark (w_x03237) ×3']
Betriss Sparr: goal='Enjoy a little peace in your neighbourhood', knows=[], holds=['spark (w_x03238) ×7']
Jos of Cinder Row: goal='Keep the household blankets in good order', knows=[], holds=['spark (w_x03239) ×4']
Pin of Cinder Row: goal='Enjoy a little peace in your neighbourhood', knows=[], holds=['spark (w_x03240) ×7']
Ede the Lesser: goal='Find out how your neighbour is keeping', knows=[], holds=['spark (w_x03241) ×7']
Noll Coldhands: goal='Keep the household blankets in good order', knows=[], holds=['spark (w_x03242) ×2']
Bertran of the Tenters: goal='Keep the household blankets in good order', knows=[], holds=['spark (w_x03243) ×5']
Jonet Stott: goal='Find out how your neighbour is keeping', knows=[], holds=['spark (w_x03244) ×2']
Sef Pike: goal='Keep the household blankets in good order', knows=[], holds=['spark (w_x03245) ×7']
Dob Nineteen: goal='Share a memory of the street', knows=[], holds=['spark (w_x03246) ×3']
Sibbe Rasp: goal='Keep your clothes dry', knows=[], holds=['spark (w_x03247) ×2']
Aldith Quern: goal='Share a memory of the street', knows=[], holds=['spark (w_x03248) ×3']
Lise Latchkey: goal='Share a memory of the street', knows=[], holds=['spark (w_x03249) ×7']
Jonet Roper: goal='Get the penny you were promised for the horse', knows=[], holds=['spark (w_x03250) ×2']
Lise of the Low Bridge: goal='Enjoy a little peace in your neighbourhood', knows=[], holds=['spark (w_x03251) ×5']
Ib Alder: goal='Enjoy a little peace in your neighbourhood', knows=[], holds=['spark (w_x03252) ×7']
Osanne Latchkey: goal='Find out how your neighbour is keeping', knows=[], holds=['spark (w_x03253) ×7']
Averil Fitch: goal='Find out how your neighbour is keeping', knows=[], holds=['spark (w_x03254) ×3']
Noll Salter: goal='Keep your clothes dry', knows=[], holds=['spark (w_x03255) ×6']
Clemence Nineteen: goal='Find something to put on your feet', knows=[], holds=['spark (w_x03256) ×3']
Colm Pike: goal='Find somewhere to dry your blanket', knows=[], holds=['spark (w_x03257) ×3']
Pin of the Slip: goal='Find somewhere you will be left alone', knows=[], holds=['spark (w_x03258) ×3']
Pin of the Slip: goal='Share a memory of the street', knows=[], holds=['spark (w_x03259) ×7']
Bertran Shortmeasure: goal='Enjoy a little peace in your neighbourhood', knows=[], holds=['spark (w_x03260) ×3']
Dunstan Pike: goal='Beg or find a meal today', knows=[], holds=['spark (w_x03261) ×4']
Petronel Pike: goal='Hear news from your kin', knows=[], holds=['spark (w_x03262) ×7']
Idonea Coldhands: goal='Find a salve for your hands', knows=[], holds=['spark (w_x03263) ×2']
Dob the Long: goal='Share a memory of the street', knows=[], holds=['spark (w_x03264) ×3']
Corin Stott: goal='Find somewhere you will be left alone', knows=[], holds=['spark (w_x03265) ×3']
Aubin Threefinger: goal='Find something to put on your feet', knows=[], holds=['spark (w_x03266) ×2']
Clemence Vell: goal='Hear news from your kin', knows=[], holds=['spark (w_x03267) ×2']
Colm Marle: goal='Find out how your neighbour is keeping', knows=[], holds=['spark (w_x03268) ×3']
Jonet Vell: goal='Find out how your neighbour is keeping', knows=[], holds=['spark (w_x03269) ×5']
Dob Quern: goal='Find out how your neighbour is keeping', knows=[], holds=['spark (w_x03270) ×7']
Ansel Marle: goal='Find out how your neighbour is keeping', knows=[], holds=['spark (w_x03271) ×7']
Dob Upstream: goal='Keep your clothes dry', knows=[], holds=['spark (w_x03272) ×5']
Sibbe Ashe: goal='Find a quiet frontage where you are welcome', knows=[], holds=['spark (w_x03273) ×3']
Segwin Stott: goal='Enjoy a little peace in your neighbourhood', knows=[], holds=['spark (w_x03274) ×5']
Dunstan Copp: goal='Find out how your neighbour is keeping', knows=[], holds=['spark (w_x03275) ×5']
Corin Crake: goal='Find somewhere you will be left alone', knows=[], holds=['spark (w_x03276) ×5']
Betriss Ferrant: goal='Find somewhere to dry your blanket', knows=[], holds=['spark (w_x03277) ×4']
Idonea of the Needle: goal='Enjoy a little peace in your neighbourhood', knows=[], holds=['spark (w_x03278) ×4']
Ewart Brant: goal='Enjoy a little peace in your neighbourhood', knows=[], holds=['spark (w_x03279) ×6']
Osanne of the Tenters: goal='Find out how your neighbour is keeping', knows=[], holds=['spark (w_x03280) ×3']
Sibbe of the Tenters: goal='Hear news from your kin', knows=[], holds=['spark (w_x03281) ×6']
Aldith the Long: goal='Find a salve for your hands', knows=[], holds=['spark (w_x03282) ×5']
Aldith of the Shambles: goal='Enjoy a little peace in your neighbourhood', knows=[], holds=['spark (w_x03283) ×4']
Mote of the Slip: goal='Enjoy a little peace in your neighbourhood', knows=[], holds=['spark (w_x03284) ×2']
Segwin Fitch: goal='Enjoy a little peace in your neighbourhood', knows=[], holds=['spark (w_x03285) ×5']
Betriss Nineteen: goal="Get taken on for a day's work", knows=[], holds=['spark (w_x03286) ×7']
Tib Pike: goal='Keep the household blankets in good order', knows=[], holds=['spark (w_x03287) ×3']
Ede of the Slip: goal='Keep your clothes dry', knows=[], holds=['spark (w_x03288) ×7']
Bertran Salter: goal='Share a memory of the street', knows=[], holds=['spark (w_x03289) ×6']
Ede of Ostrelle: goal='Beg or find a meal today', knows=[], holds=['spark (w_x03290) ×2']
Pin Copp: goal='Find out how your neighbour is keeping', knows=[], holds=['spark (w_x03291) ×4']
Noll Upstream: goal='Share a memory of the street', knows=[], holds=['spark (w_x03292) ×4']
Tib Hobbe: goal='Find out how your neighbour is keeping', knows=[], holds=['spark (w_x03293) ×7']
Clemence Marle: goal='Hear news from your kin', knows=[], holds=['spark (w_x03294) ×7']
Aubin Fitch: goal='Find something to put on your feet', knows=[], holds=['spark (w_x03295) ×2']
Dob Nineteen: goal='Enjoy a little peace in your neighbourhood', knows=[], holds=['spark (w_x03296) ×4']
Bertran Vell: goal='Hear news from your kin', knows=[], holds=['spark (w_x03297) ×7']
Sibbe Crake: goal='Enjoy a little peace in your neighbourhood', knows=[], holds=['spark (w_x03298) ×2']
Dob Copp: goal='Find somewhere to dry your blanket', knows=[], holds=['spark (w_x03299) ×2']
Havise Threefinger: goal='Find a salve for your hands', knows=[], holds=['spark (w_x03300) ×7']
Sef Salter: goal='Keep your clothes dry', knows=[], holds=['spark (w_x03301) ×7']
Petronel Copp: goal='Hear news from your kin', knows=[], holds=['spark (w_x03302) ×3']
Havise of the Shambles: goal='Enjoy a little peace in your neighbourhood', knows=[], holds=['spark (w_x03303) ×2']
Jonet Pike: goal="Get taken on for a day's work", knows=[], holds=['spark (w_x03304) ×7']
Averil Roper: goal='Find something to put on your feet', knows=[], holds=['spark (w_x03305) ×3']
Betriss the Long: goal='Enjoy a little peace in your neighbourhood', knows=[], holds=['spark (w_x03306) ×6']
Osanne Dorn: goal='Enjoy a little peace in your neighbourhood', knows=[], holds=['spark (w_x03307) ×5']
Ansel Threefinger: goal='Keep the household blankets in good order', knows=[], holds=['spark (w_x03308) ×6']
Aubin of the Bellstand: goal='Get the penny you were promised for the horse', knows=[], holds=['spark (w_x03309) ×3']
Ewart Crake: goal='Find out how your neighbour is keeping', knows=[], holds=['spark (w_x03310) ×6']
Ansel Dorn: goal='Keep your clothes dry', knows=[], holds=['spark (w_x03311) ×6']
Cobb Threefinger: goal='Beg or find a meal today', knows=[], holds=['spark (w_x03312) ×3']
Ewart Ashe: goal='Enjoy a little peace in your neighbourhood', knows=[], holds=['spark (w_x03313) ×2']
Ede Ferrant: goal='Keep your clothes dry', knows=[], holds=['spark (w_x03314) ×2']
Aldith Marle: goal='Find something to put on your feet', knows=[], holds=['spark (w_x03315) ×5']
Cobb of the Bellstand: goal='Keep the household blankets in good order', knows=[], holds=['spark (w_x03316) ×7']
Mote of the Shambles: goal="Get taken on for a day's work", knows=[], holds=['spark (w_x03317) ×3']
Cobb of Ostrelle: goal='Find something to put on your feet', knows=[], holds=['spark (w_x03318) ×6']
Cobb of the Gutter Steps: goal='Keep your clothes dry', knows=[], holds=['spark (w_x03319) ×6']
Clemence Wetalms: goal='Get the penny you were promised for the horse', knows=[], holds=['spark (w_x03320) ×2']
Rohese Alder: goal='Keep the household blankets in good order', knows=[], holds=['spark (w_x03321) ×3']
Noll of Ostrelle: goal='Keep the household blankets in good order', knows=[], holds=['spark (w_x03322) ×5']
Osanne Hobbe: goal='Share a memory of the street', knows=[], holds=['spark (w_x03323) ×4']
Sibbe Ferrant: goal="Get taken on for a day's work", knows=[], holds=['spark (w_x03324) ×3']
Tobin the Lesser: goal='Keep the household blankets in good order', knows=[], holds=['spark (w_x03325) ×5']
Nan of Cinder Row: goal='Share a memory of the street', knows=[], holds=['spark (w_x03326) ×4']
Rohese Skell: goal='Find somewhere you will be left alone', knows=[], holds=['spark (w_x03327) ×2']
Dob Stott: goal='Keep the household blankets in good order', knows=[], holds=['spark (w_x03328) ×3']
Ede Alder: goal='Enjoy a little peace in your neighbourhood', knows=[], holds=['spark (w_x03329) ×3']
Sibbe of the Bellstand: goal="Get taken on for a day's work", knows=[], holds=['spark (w_x03330) ×2']
Jos Alder: goal='Find out how your neighbour is keeping', knows=[], holds=['spark (w_x03331) ×6']
Lise Ferrant: goal='Find somewhere you will be left alone', knows=[], holds=['spark (w_x03332) ×6']
Lise Sparr: goal='Get the penny you were promised for the horse', knows=[], holds=['spark (w_x03333) ×4']
Idonea Quern: goal='Keep your clothes dry', knows=[], holds=['spark (w_x03334) ×5']
Aldith the Long: goal='Find out how your neighbour is keeping', knows=[], holds=['spark (w_x03335) ×2']
Nan Pike: goal='Replace your lost alms bowl', knows=[], holds=['spark (w_x03336) ×2']
Nan of the Bellstand: goal='Keep your clothes dry', knows=[], holds=['spark (w_x03337) ×6']
Segwin Hawser: goal='Keep the household blankets in good order', knows=[], holds=['spark (w_x03338) ×4']
Aldith Quern: goal='Share a memory of the street', knows=[], holds=['spark (w_x03339) ×6']
Clemence of the Gutter Steps: goal='Get your sleeping corner back', knows=[], holds=['spark (w_x03340) ×2']
Ewart of Ostrelle: goal='Find somewhere to dry your blanket', knows=[], holds=['spark (w_x03341) ×2']
Betriss Wetalms: goal='Enjoy a little peace in your neighbourhood', knows=[], holds=['spark (w_x03342) ×7']
Dunstan Nineteen: goal='Hear news from your kin', knows=[], holds=['spark (w_x03343) ×5']
Havise Vell: goal='Enjoy a little peace in your neighbourhood', knows=[], holds=['spark (w_x03344) ×4']
Tobin Hawser: goal='Keep your clothes dry', knows=[], holds=['spark (w_x03345) ×7']
Averil Crake: goal='Keep the household blankets in good order', knows=[], holds=['spark (w_x03346) ×5']
Gile of the Bellstand: goal='Keep your clothes dry', knows=[], holds=['spark (w_x03347) ×6']
Renn Vell: goal='Find somewhere to dry your blanket', knows=[], holds=['spark (w_x03348) ×2']
Osanne Hawser: goal='Keep the household blankets in good order', knows=[], holds=['spark (w_x03349) ×6']
Aldith Hawser: goal='Enjoy a little peace in your neighbourhood', knows=[], holds=['spark (w_x03350) ×3']
Ib Quern: goal='Keep the household blankets in good order', knows=[], holds=['spark (w_x03351) ×3']
Gile of the Needle: goal='Keep the household blankets in good order', knows=[], holds=['spark (w_x03352) ×7']
Noll Upstream: goal='Keep your clothes dry', knows=[], holds=['spark (w_x03353) ×2']
Pin Upstream: goal='Hear news from your kin', knows=[], holds=['spark (w_x03354) ×5']
Hamel Roper: goal='Keep the household blankets in good order', knows=[], holds=['spark (w_x03355) ×7']
Grigor Quern: goal='Keep your clothes dry', knows=[], holds=['spark (w_x03356) ×4']
Rohese of the Tenters: goal='Find out how your neighbour is keeping', knows=[], holds=['spark (w_x03357) ×7']
Lise Ashe: goal="Get taken on for a day's work", knows=[], holds=['spark (w_x03358) ×2']
Averil Vell: goal='Enjoy a little peace in your neighbourhood', knows=[], holds=['spark (w_x03359) ×4']
Lise of the Gutter Steps: goal='Hear news from your kin', knows=[], holds=['spark (w_x03360) ×5']
Averil Salter: goal="Get taken on for a day's work", knows=[], holds=['spark (w_x03361) ×7']
Jos Nineteen: goal='Keep your clothes dry', knows=[], holds=['spark (w_x03362) ×4']
Jonet Upstream: goal='Keep your clothes dry', knows=[], holds=['spark (w_x03363) ×3']
Lise Brant: goal='Hear news from your kin', knows=[], holds=['spark (w_x03364) ×7']
Mote of the Tenters: goal='Share a memory of the street', knows=[], holds=['spark (w_x03365) ×4']
Clemence Latchkey: goal='Find somewhere you will be left alone', knows=[], holds=['spark (w_x03366) ×6']
Noll Threefinger: goal='Hear news from your kin', knows=[], holds=['spark (w_x03367) ×4']
Betriss Ashe: goal='Get your sleeping corner back', knows=[], holds=['spark (w_x03368) ×5']
Corin Vell: goal='Hear news from your kin', knows=[], holds=['spark (w_x03369) ×2']
Clemence Scaffold: goal='Beg or find a meal today', knows=[], holds=['spark (w_x03370) ×7']
Rohese Ferrant: goal='Find out how your neighbour is keeping', knows=[], holds=['spark (w_x03371) ×4']
Sibbe Roper: goal='Find a salve for your hands', knows=[], holds=['spark (w_x03372) ×7']
Colm Dorn: goal='Share a memory of the street', knows=[], holds=['spark (w_x03373) ×6']
Dob Crake: goal='Share a memory of the street', knows=[], holds=['spark (w_x03374) ×6']
Lise Brant: goal='Find out how your neighbour is keeping', knows=[], holds=['spark (w_x03375) ×4']
Aubin Latchkey: goal='Keep your clothes dry', knows=[], holds=['spark (w_x03376) ×5']
Cobb Shortmeasure: goal='Keep your clothes dry', knows=[], holds=['spark (w_x03377) ×7']
Clemence Crake: goal='Hear news from your kin', knows=[], holds=['spark (w_x03378) ×3']
Lise Tarn: goal='Keep your clothes dry', knows=[], holds=['spark (w_x03379) ×5']
Tib of the Slip: goal='Share a memory of the street', knows=[], holds=['spark (w_x03380) ×5']
Nan Tarn: goal='Share a memory of the street', knows=[], holds=['spark (w_x03381) ×6']
Tib Crake: goal='Keep the household blankets in good order', knows=[], holds=['spark (w_x03382) ×7']
Dob of the Gutter Steps: goal='Hear news from your kin', knows=[], holds=['spark (w_x03383) ×3']
Mote of the Low Bridge: goal='Enjoy a little peace in your neighbourhood', knows=[], holds=['spark (w_x03384) ×5']
Dunstan Hawser: goal='Find somewhere you will be left alone', knows=[], holds=['spark (w_x03385) ×4']
Nan of Cinder Row: goal='Find out how your neighbour is keeping', knows=[], holds=['spark (w_x03386) ×2']
Sibbe Tarn: goal='Hear news from your kin', knows=[], holds=['spark (w_x03387) ×7']
Rohese Brant: goal='Share a memory of the street', knows=[], holds=['spark (w_x03388) ×5']
Grigor Roper: goal='Keep the household blankets in good order', knows=[], holds=['spark (w_x03389) ×5']
Corin Stott: goal='Keep the household blankets in good order', knows=[], holds=['spark (w_x03390) ×6']
Averil Latchkey: goal='Keep the household blankets in good order', knows=[], holds=['spark (w_x03391) ×2']
Ewart Sparr: goal='Keep the household blankets in good order', knows=[], holds=['spark (w_x03392) ×4']
Ansel Quern: goal='Find a salve for your hands', knows=[], holds=['spark (w_x03393) ×6']
Rohese Vell: goal='Hear news from your kin', knows=[], holds=['spark (w_x03394) ×5']
Dob Quern: goal='Keep the household blankets in good order', knows=[], holds=['spark (w_x03395) ×5']
Corin Upstream: goal='Hear news from your kin', knows=[], holds=['spark (w_x03396) ×3']
Gile Scaffold: goal='Find out how your neighbour is keeping', knows=[], holds=['spark (w_x03397) ×2']
Averil Ashe: goal='Enjoy a little peace in your neighbourhood', knows=[], holds=['spark (w_x03398) ×2']
Petronel Copp: goal='Beg or find a meal today', knows=[], holds=['spark (w_x03399) ×7']
Aubin of Ostrelle: goal='Find out how your neighbour is keeping', knows=[], holds=['spark (w_x03400) ×6']
Ansel Crake: goal='Enjoy a little peace in your neighbourhood', knows=[], holds=['spark (w_x03401) ×7']
Osanne Alder: goal='Keep your clothes dry', knows=[], holds=['spark (w_x03402) ×2']
Ansel Upstream: goal='Hear news from your kin', knows=[], holds=['spark (w_x03403) ×3']
Mote Salter: goal='Find out how your neighbour is keeping', knows=[], holds=['spark (w_x03404) ×3']
Sef Nineteen: goal='Replace your lost alms bowl', knows=[], holds=['spark (w_x03405) ×6']
Ib Threefinger: goal='Keep your clothes dry', knows=[], holds=['spark (w_x03406) ×6']
Nan Stott: goal='Find out how your neighbour is keeping', knows=[], holds=['spark (w_x03407) ×5']
Ede Ashe: goal='Find out how your neighbour is keeping', knows=[], holds=['spark (w_x03408) ×2']
Bertran Pike: goal='Keep the household blankets in good order', knows=[], holds=['spark (w_x03409) ×3']
Ib of the Needle: goal='Hear news from your kin', knows=[], holds=['spark (w_x03410) ×5']
Mote Stott: goal='Find something to put on your feet', knows=[], holds=['spark (w_x03411) ×4']
Renn of Ostrelle: goal='Find out how your neighbour is keeping', knows=[], holds=['spark (w_x03412) ×4']
Cobb Ashe: goal='Keep the household blankets in good order', knows=[], holds=['spark (w_x03413) ×3']
Sef Wetalms: goal='Keep your clothes dry', knows=[], holds=['spark (w_x03414) ×3']
Ede Crake: goal='Share a memory of the street', knows=[], holds=['spark (w_x03415) ×3']
Bertran Crake: goal='Beg or find a meal today', knows=[], holds=['spark (w_x03416) ×2']
Petronel Brant: goal='Hear news from your kin', knows=[], holds=['spark (w_x03417) ×6']
Colm Vell: goal='Get your sleeping corner back', knows=[], holds=['spark (w_x03418) ×5']
Jos Stott: goal='Get the penny you were promised for the horse', knows=[], holds=['spark (w_x03419) ×7']
Sibbe Alder: goal='Share a memory of the street', knows=[], holds=['spark (w_x03420) ×7']
Pin Threefinger: goal='Keep the household blankets in good order', knows=[], holds=['spark (w_x03421) ×7']
Sef Wetalms: goal='Enjoy a little peace in your neighbourhood', knows=[], holds=['spark (w_x03422) ×3']
Renn of the Slip: goal='Keep your clothes dry', knows=[], holds=['spark (w_x03423) ×4']
Ib Threefinger: goal='Get the penny you were promised for the horse', knows=[], holds=['spark (w_x03424) ×5']
Corin Latchkey: goal='Keep the household blankets in good order', knows=[], holds=['spark (w_x03425) ×4']
Averil Pike: goal='Share a memory of the street', knows=[], holds=['spark (w_x03426) ×6']
Noll Fitch: goal='Enjoy a little peace in your neighbourhood', knows=[], holds=['spark (w_x03427) ×4']
Havise Marle: goal='Enjoy a little peace in your neighbourhood', knows=[], holds=['spark (w_x03428) ×4']
Betriss Threefinger: goal='Beg or find a meal today', knows=[], holds=['spark (w_x03429) ×3']
Osanne the Lesser: goal='Find something to put on your feet', knows=[], holds=['spark (w_x03430) ×3']
Gile Hobbe: goal='Find out how your neighbour is keeping', knows=[], holds=['spark (w_x03431) ×4']
Ewart of the Bellstand: goal='Share a memory of the street', knows=[], holds=['spark (w_x03432) ×5']
Petronel Rasp: goal="Get taken on for a day's work", knows=[], holds=['spark (w_x03433) ×7']
Ib Pike: goal='Find out how your neighbour is keeping', knows=[], holds=['spark (w_x03434) ×6']
Rohese Stott: goal='Keep your clothes dry', knows=[], holds=['spark (w_x03435) ×3']
Ansel Dorn: goal='Get your sleeping corner back', knows=[], holds=['spark (w_x03436) ×2']
Dob of Cinder Row: goal='Enjoy a little peace in your neighbourhood', knows=[], holds=['spark (w_x03437) ×5']
Grigor Shortmeasure: goal='Find out how your neighbour is keeping', knows=[], holds=['spark (w_x03438) ×5']
Dunstan Alder: goal='Keep your clothes dry', knows=[], holds=['spark (w_x03439) ×2']
Betriss Fitch: goal='Keep your clothes dry', knows=[], holds=['spark (w_x03440) ×5']
Sibbe Salter: goal='Replace your lost alms bowl', knows=[], holds=['spark (w_x03441) ×3']
Nan Marle: goal='Enjoy a little peace in your neighbourhood', knows=[], holds=['spark (w_x03442) ×4']
Tib Roper: goal='Share a memory of the street', knows=[], holds=['spark (w_x03443) ×3']
Bertran Scaffold: goal="Get taken on for a day's work", knows=[], holds=['spark (w_x03444) ×6']
Grigor Fitch: goal='Keep the household blankets in good order', knows=[], holds=['spark (w_x03445) ×7']
Sibbe of the Low Bridge: goal='Enjoy a little peace in your neighbourhood', knows=[], holds=['spark (w_x03446) ×6']
Havise Copp: goal='Find out how your neighbour is keeping', knows=[], holds=['spark (w_x03447) ×7']
Pin Latchkey: goal='Enjoy a little peace in your neighbourhood', knows=[], holds=['spark (w_x03448) ×4']
Cobb Marle: goal='Share a memory of the street', knows=[], holds=['spark (w_x03449) ×4']
Osanne Roper: goal='Beg or find a meal today', knows=[], holds=['spark (w_x03450) ×4']
Betriss Latchkey: goal='Keep your clothes dry', knows=[], holds=['spark (w_x03451) ×3']
Tib Upstream: goal='Beg or find a meal today', knows=[], holds=['spark (w_x03452) ×5']
Osanne Stott: goal='Keep the household blankets in good order', knows=[], holds=['spark (w_x03453) ×6']
Mote Quern: goal='Find out how your neighbour is keeping', knows=[], holds=['spark (w_x03454) ×3']
Havise Brant: goal='Share a memory of the street', knows=[], holds=['spark (w_x03455) ×5']
Colm Ashe: goal='Share a memory of the street', knows=[], holds=['spark (w_x03456) ×7']
Lise of the Needle: goal='Keep your clothes dry', knows=[], holds=['spark (w_x03457) ×6']
Pin Brant: goal='Get the penny you were promised for the horse', knows=[], holds=['spark (w_x03458) ×3']
Havise of Ostrelle: goal='Find out how your neighbour is keeping', knows=[], holds=['spark (w_x03459) ×3']
Renn Crake: goal='Find something to put on your feet', knows=[], holds=['spark (w_x03460) ×7']
Dunstan Pike: goal='Keep the household blankets in good order', knows=[], holds=['spark (w_x03461) ×4']
Jonet Hawser: goal='Enjoy a little peace in your neighbourhood', knows=[], holds=['spark (w_x03462) ×6']
Aldith Stott: goal='Find out how your neighbour is keeping', knows=[], holds=['spark (w_x03463) ×5']
Betriss Upstream: goal='Hear news from your kin', knows=[], holds=['spark (w_x03464) ×4']
Ansel the Lesser: goal='Keep your clothes dry', knows=[], holds=['spark (w_x03465) ×4']
Dunstan of Ostrelle: goal='Keep your clothes dry', knows=[], holds=['spark (w_x03466) ×3']
Clemence Coldhands: goal='Hear news from your kin', knows=[], holds=['spark (w_x03467) ×6']
Ewart of Ostrelle: goal='Keep your clothes dry', knows=[], holds=['spark (w_x03468) ×3']
Gile Stott: goal='Hear news from your kin', knows=[], holds=['spark (w_x03469) ×3']
Nan of Cinder Row: goal='Share a memory of the street', knows=[], holds=['spark (w_x03470) ×2']
Petronel of the Needle: goal='Keep your clothes dry', knows=[], holds=['spark (w_x03471) ×3']
Mote of the Tenters: goal='Share a memory of the street', knows=[], holds=['spark (w_x03472) ×4']
Bertran Ferrant: goal='Enjoy a little peace in your neighbourhood', knows=[], holds=['spark (w_x03473) ×6']
Corin Ashe: goal='Hear news from your kin', knows=[], holds=['spark (w_x03474) ×2']
Segwin Vell: goal='Find out how your neighbour is keeping', knows=[], holds=['spark (w_x03475) ×7']
Gile Hobbe: goal="Get taken on for a day's work", knows=[], holds=['spark (w_x03476) ×3']
Jos Marle: goal='Hear news from your kin', knows=[], holds=['spark (w_x03477) ×5']
Sef Sparr: goal='Keep your clothes dry', knows=[], holds=['spark (w_x03478) ×5']
Jos of the Needle: goal='Keep your clothes dry', knows=[], holds=['spark (w_x03479) ×7']
Petronel Nineteen: goal='Find out how your neighbour is keeping', knows=[], holds=['spark (w_x03480) ×7']
Betriss the Lesser: goal='Find out how your neighbour is keeping', knows=[], holds=['spark (w_x03481) ×6']
Ib of Cinder Row: goal='Enjoy a little peace in your neighbourhood', knows=[], holds=['spark (w_x03482) ×3']
Sibbe of the Shambles: goal='Keep the household blankets in good order', knows=[], holds=['spark (w_x03483) ×5']
Ede Ashe: goal='Find out how your neighbour is keeping', knows=[], holds=['spark (w_x03484) ×5']
Ewart Crake: goal='Beg or find a meal today', knows=[], holds=['spark (w_x03485) ×3']
Ede Wetalms: goal='Find a salve for your hands', knows=[], holds=['spark (w_x03486) ×2']
Bertran Ferrant: goal='Find a quiet frontage where you are welcome', knows=[], holds=['spark (w_x03487) ×2']
Havise Pike: goal="Get taken on for a day's work", knows=[], holds=['spark (w_x03488) ×6']
Tib Upstream: goal='Find a quiet frontage where you are welcome', knows=[], holds=['spark (w_x03489) ×7']
Hamel Roper: goal='Enjoy a little peace in your neighbourhood', knows=[], holds=['spark (w_x03490) ×6']
Grigor the Long: goal='Enjoy a little peace in your neighbourhood', knows=[], holds=['spark (w_x03491) ×2']
Jonet Upstream: goal='Replace your lost alms bowl', knows=[], holds=['spark (w_x03492) ×7']
Osanne Shortmeasure: goal='Hear news from your kin', knows=[], holds=['spark (w_x03493) ×4']
Lise Tarn: goal='Enjoy a little peace in your neighbourhood', knows=[], holds=['spark (w_x03494) ×4']
Averil Hobbe: goal='Keep the household blankets in good order', knows=[], holds=['spark (w_x03495) ×5']
Noll Ashe: goal='Enjoy a little peace in your neighbourhood', knows=[], holds=['spark (w_x03496) ×7']
Gile the Long: goal='Enjoy a little peace in your neighbourhood', knows=[], holds=['spark (w_x03497) ×3']
Cobb Upstream: goal='Find somewhere to dry your blanket', knows=[], holds=['spark (w_x03498) ×2']
Bertran Nineteen: goal='Share a memory of the street', knows=[], holds=['spark (w_x03499) ×7']
Pin the Lesser: goal='Enjoy a little peace in your neighbourhood', knows=[], holds=['spark (w_x03500) ×4']
Corin Coldhands: goal='Beg or find a meal today', knows=[], holds=['spark (w_x03501) ×7']
Sibbe of the Tenters: goal='Find a salve for your hands', knows=[], holds=['spark (w_x03502) ×2']
Pin Sparr: goal='Find out how your neighbour is keeping', knows=[], holds=['spark (w_x03503) ×6']
Tib Threefinger: goal='Enjoy a little peace in your neighbourhood', knows=[], holds=['spark (w_x03504) ×7']
Nan Upstream: goal='Hear news from your kin', knows=[], holds=['spark (w_x03505) ×2']
Aubin Roper: goal='Enjoy a little peace in your neighbourhood', knows=[], holds=['spark (w_x03506) ×7']
Cobb Nineteen: goal='Keep the household blankets in good order', knows=[], holds=['spark (w_x03507) ×3']
Segwin Roper: goal="Get taken on for a day's work", knows=[], holds=['spark (w_x03508) ×6']
Noll of the Slip: goal='Keep your clothes dry', knows=[], holds=['spark (w_x03509) ×2']
Segwin Crake: goal='Find a salve for your hands', knows=[], holds=['spark (w_x03510) ×2']
Lise Coldhands: goal='Keep your clothes dry', knows=[], holds=['spark (w_x03511) ×6']
Jonet Threefinger: goal='Find somewhere to dry your blanket', knows=[], holds=['spark (w_x03512) ×6']
Colm of Ostrelle: goal='Find out how your neighbour is keeping', knows=[], holds=['spark (w_x03513) ×2']
Mote of the Tenters: goal='Keep your clothes dry', knows=[], holds=['spark (w_x03514) ×4']
Idonea Tarn: goal='Keep your clothes dry', knows=[], holds=['spark (w_x03515) ×2']
Aldith of the Gutter Steps: goal='Enjoy a little peace in your neighbourhood', knows=[], holds=['spark (w_x03516) ×5']
Sibbe the Long: goal='Beg or find a meal today', knows=[], holds=['spark (w_x03517) ×4']
Idonea Alder: goal='Find out how your neighbour is keeping', knows=[], holds=['spark (w_x03518) ×6']
Ib the Lesser: goal='Keep your clothes dry', knows=[], holds=['spark (w_x03519) ×3']
Lise Quern: goal='Enjoy a little peace in your neighbourhood', knows=[], holds=['spark (w_x03520) ×3']
Segwin Ferrant: goal='Hear news from your kin', knows=[], holds=['spark (w_x03521) ×3']
Rohese Scaffold: goal='Replace your lost alms bowl', knows=[], holds=['spark (w_x03522) ×6']
Hamel Wetalms: goal='Keep your clothes dry', knows=[], holds=['spark (w_x03523) ×3']
Renn Rasp: goal='Share a memory of the street', knows=[], holds=['spark (w_x03524) ×5']
Sibbe of the Needle: goal='Get your sleeping corner back', knows=[], holds=['spark (w_x03525) ×5']
Averil of Cinder Row: goal='Find out how your neighbour is keeping', knows=[], holds=['spark (w_x03526) ×3']
Hamel Roper: goal='Replace your lost alms bowl', knows=[], holds=['spark (w_x03527) ×4']
Nan of the Bellstand: goal='Find out how your neighbour is keeping', knows=[], holds=['spark (w_x03528) ×7']
Bertran Ferrant: goal='Find out how your neighbour is keeping', knows=[], holds=['spark (w_x03529) ×3']
Pin Brant: goal='Find out how your neighbour is keeping', knows=[], holds=['spark (w_x03530) ×6']
Idonea Pike: goal='Find out how your neighbour is keeping', knows=[], holds=['spark (w_x03531) ×7']
Aldith of Cinder Row: goal='Find somewhere you will be left alone', knows=[], holds=['spark (w_x03532) ×5']
Petronel Ferrant: goal='Get your sleeping corner back', knows=[], holds=['spark (w_x03533) ×6']
Grigor Hobbe: goal='Find out how your neighbour is keeping', knows=[], holds=['spark (w_x03534) ×4']
Aldith the Lesser: goal='Keep your clothes dry', knows=[], holds=['spark (w_x03535) ×2']
Clemence the Lesser: goal='Find out how your neighbour is keeping', knows=[], holds=['spark (w_x03536) ×2']
Havise Ashe: goal='Hear news from your kin', knows=[], holds=['spark (w_x03537) ×6']
Sibbe of the Shambles: goal='Enjoy a little peace in your neighbourhood', knows=[], holds=['spark (w_x03538) ×6']
Noll the Lesser: goal='Share a memory of the street', knows=[], holds=['spark (w_x03539) ×2']
Lise Hawser: goal='Keep the household blankets in good order', knows=[], holds=['spark (w_x03540) ×7']
Bertran of the Needle: goal='Share a memory of the street', knows=[], holds=['spark (w_x03541) ×3']
Dunstan of the Slip: goal='Find somewhere to dry your blanket', knows=[], holds=['spark (w_x03542) ×6']
Sibbe Nineteen: goal='Hear news from your kin', knows=[], holds=['spark (w_x03543) ×7']
Nan of the Slip: goal='Enjoy a little peace in your neighbourhood', knows=[], holds=['spark (w_x03544) ×7']
Aubin Ashe: goal='Share a memory of the street', knows=[], holds=['spark (w_x03545) ×6']
Idonea Dorn: goal='Enjoy a little peace in your neighbourhood', knows=[], holds=['spark (w_x03546) ×3']
Sef Nineteen: goal='Find out how your neighbour is keeping', knows=[], holds=['spark (w_x03547) ×2']
Corin Wetalms: goal='Keep your clothes dry', knows=[], holds=['spark (w_x03548) ×7']
Segwin of the Gutter Steps: goal='Find out how your neighbour is keeping', knows=[], holds=['spark (w_x03549) ×5']
Corin Alder: goal='Find out how your neighbour is keeping', knows=[], holds=['spark (w_x03550) ×4']
Betriss of Ostrelle: goal="Get taken on for a day's work", knows=[], holds=['spark (w_x03551) ×6']
Jos Stott: goal='Keep the household blankets in good order', knows=[], holds=['spark (w_x03552) ×2']
Tib Nineteen: goal='Share a memory of the street', knows=[], holds=['spark (w_x03553) ×3']
Segwin Vell: goal='Keep the household blankets in good order', knows=[], holds=['spark (w_x03554) ×4']
Sibbe of Ostrelle: goal='Share a memory of the street', knows=[], holds=['spark (w_x03555) ×2']
Nan of the Gutter Steps: goal='Hear news from your kin', knows=[], holds=['spark (w_x03556) ×7']
Ewart of Ostrelle: goal='Hear news from your kin', knows=[], holds=['spark (w_x03557) ×7']
Mote Brant: goal='Find out how your neighbour is keeping', knows=[], holds=['spark (w_x03558) ×6']
Gile Marle: goal='Enjoy a little peace in your neighbourhood', knows=[], holds=['spark (w_x03559) ×3']
Jos Dorn: goal='Find out how your neighbour is keeping', knows=[], holds=['spark (w_x03560) ×5']
Petronel Latchkey: goal='Find a salve for your hands', knows=[], holds=['spark (w_x03561) ×3']
Lise of the Shambles: goal='Enjoy a little peace in your neighbourhood', knows=[], holds=['spark (w_x03562) ×7']
Rohese Salter: goal='Find somewhere you will be left alone', knows=[], holds=['spark (w_x03563) ×4']
Nan Marle: goal='Find somewhere you will be left alone', knows=[], holds=['spark (w_x03564) ×4']
Betriss of the Slip: goal='Share a memory of the street', knows=[], holds=['spark (w_x03565) ×7']
Tib Copp: goal='Keep the household blankets in good order', knows=[], holds=['spark (w_x03566) ×4']
Tobin Crake: goal='Find out how your neighbour is keeping', knows=[], holds=['spark (w_x03567) ×2']
Osanne Stott: goal='Keep the household blankets in good order', knows=[], holds=['spark (w_x03568) ×6']
Osanne Fitch: goal='Keep your clothes dry', knows=[], holds=['spark (w_x03569) ×7']
Havise Upstream: goal='Find out how your neighbour is keeping', knows=[], holds=['spark (w_x03570) ×4']
Osanne Dorn: goal='Find out how your neighbour is keeping', knows=[], holds=['spark (w_x03571) ×2']
Ede of the Shambles: goal='Find out how your neighbour is keeping', knows=[], holds=['spark (w_x03572) ×4']
Tobin Scaffold: goal='Keep your clothes dry', knows=[], holds=['spark (w_x03573) ×5']
Colm Dorn: goal='Beg or find a meal today', knows=[], holds=['spark (w_x03574) ×7']
Colm Marle: goal='Find out how your neighbour is keeping', knows=[], holds=['spark (w_x03575) ×2']
Averil Hobbe: goal='Replace your lost alms bowl', knows=[], holds=['spark (w_x03576) ×5']
Rohese Salter: goal='Get your sleeping corner back', knows=[], holds=['spark (w_x03577) ×7']
Jos of the Low Bridge: goal='Keep the household blankets in good order', knows=[], holds=['spark (w_x03578) ×2']
Gile Fitch: goal='Get your sleeping corner back', knows=[], holds=['spark (w_x03579) ×2']
Corin Alder: goal='Find out how your neighbour is keeping', knows=[], holds=['spark (w_x03580) ×7']
Betriss Vell: goal='Keep the household blankets in good order', knows=[], holds=['spark (w_x03581) ×6']
Nan Skell: goal='Get the penny you were promised for the horse', knows=[], holds=['spark (w_x03582) ×7']
Clemence Hobbe: goal='Keep your clothes dry', knows=[], holds=['spark (w_x03583) ×3']
Havise Hobbe: goal='Enjoy a little peace in your neighbourhood', knows=[], holds=['spark (w_x03584) ×5']
Nan Brant: goal='Enjoy a little peace in your neighbourhood', knows=[], holds=['spark (w_x03585) ×4']
Dunstan Latchkey: goal='Enjoy a little peace in your neighbourhood', knows=[], holds=['spark (w_x03586) ×3']
Osanne Shortmeasure: goal='Find out how your neighbour is keeping', knows=[], holds=['spark (w_x03587) ×4']
Osanne Ferrant: goal='Keep your clothes dry', knows=[], holds=['spark (w_x03588) ×4']
Ede of the Gutter Steps: goal='Hear news from your kin', knows=[], holds=['spark (w_x03589) ×5']
Noll Shortmeasure: goal='Find out how your neighbour is keeping', knows=[], holds=['spark (w_x03590) ×3']
Sef Salter: goal='Share a memory of the street', knows=[], holds=['spark (w_x03591) ×5']
Corin Brant: goal='Find something to put on your feet', knows=[], holds=['spark (w_x03592) ×3']
Cobb Rasp: goal='Keep the household blankets in good order', knows=[], holds=['spark (w_x03593) ×2']
Ansel Copp: goal='Share a memory of the street', knows=[], holds=['spark (w_x03594) ×3']
Aubin Coldhands: goal='Keep the household blankets in good order', knows=[], holds=['spark (w_x03595) ×7']
Lise Wetalms: goal='Hear news from your kin', knows=[], holds=['spark (w_x03596) ×6']
Cobb Roper: goal='Share a memory of the street', knows=[], holds=['spark (w_x03597) ×6']
Petronel Crake: goal='Beg or find a meal today', knows=[], holds=['spark (w_x03598) ×7']
Clemence Hawser: goal='Share a memory of the street', knows=[], holds=['spark (w_x03599) ×6']
Corin Hobbe: goal='Share a memory of the street', knows=[], holds=['spark (w_x03600) ×7']
Osanne the Long: goal='Keep the household blankets in good order', knows=[], holds=['spark (w_x03601) ×2']
Cobb Roper: goal='Beg or find a meal today', knows=[], holds=['spark (w_x03602) ×5']
Lise Scaffold: goal='Keep the household blankets in good order', knows=[], holds=['spark (w_x03603) ×4']
Jonet Scaffold: goal='Find somewhere to dry your blanket', knows=[], holds=['spark (w_x03604) ×2']
Aldith Ferrant: goal='Enjoy a little peace in your neighbourhood', knows=[], holds=['spark (w_x03605) ×5']
Havise Copp: goal='Enjoy a little peace in your neighbourhood', knows=[], holds=['spark (w_x03606) ×7']
Jonet Fitch: goal='Keep your clothes dry', knows=[], holds=['spark (w_x03607) ×6']
Betriss Stott: goal='Share a memory of the street', knows=[], holds=['spark (w_x03608) ×7']
Clemence Dorn: goal='Hear news from your kin', knows=[], holds=['spark (w_x03609) ×6']
Clemence Pike: goal='Share a memory of the street', knows=[], holds=['spark (w_x03610) ×4']
Jonet of Ostrelle: goal='Hear news from your kin', knows=[], holds=['spark (w_x03611) ×2']
Aldith Nineteen: goal='Find a salve for your hands', knows=[], holds=['spark (w_x03612) ×2']
Idonea Marle: goal='Enjoy a little peace in your neighbourhood', knows=[], holds=['spark (w_x03613) ×3']
Osanne Ashe: goal='Hear news from your kin', knows=[], holds=['spark (w_x03614) ×4']
Ib Dorn: goal='Get the penny you were promised for the horse', knows=[], holds=['spark (w_x03615) ×2']
Corin Tarn: goal='Share a memory of the street', knows=[], holds=['spark (w_x03616) ×2']
Ewart Pike: goal='Beg or find a meal today', knows=[], holds=['spark (w_x03617) ×3']
Ib Skell: goal='Keep the household blankets in good order', knows=[], holds=['spark (w_x03618) ×4']
Tib Hobbe: goal='Find out how your neighbour is keeping', knows=[], holds=['spark (w_x03619) ×6']
Gile Skell: goal='Keep the household blankets in good order', knows=[], holds=['spark (w_x03620) ×4']
Tobin Tarn: goal='Keep your clothes dry', knows=[], holds=['spark (w_x03621) ×3']
Averil Copp: goal='Find out how your neighbour is keeping', knows=[], holds=['spark (w_x03622) ×2']
Mote Nineteen: goal='Find out how your neighbour is keeping', knows=[], holds=['spark (w_x03623) ×3']
Jos of Cinder Row: goal='Keep your clothes dry', knows=[], holds=['spark (w_x03624) ×4']
Renn Rasp: goal='Beg or find a meal today', knows=[], holds=['spark (w_x03625) ×5']
Tobin Latchkey: goal='Find out how your neighbour is keeping', knows=[], holds=['spark (w_x03626) ×7']
Aldith Ferrant: goal='Enjoy a little peace in your neighbourhood', knows=[], holds=['spark (w_x03627) ×5']
Dob Vell: goal='Enjoy a little peace in your neighbourhood', knows=[], holds=['spark (w_x03628) ×2']
Petronel of Cinder Row: goal='Find a salve for your hands', knows=[], holds=['spark (w_x03629) ×4']
Ib of the Low Bridge: goal='Keep your clothes dry', knows=[], holds=['spark (w_x03630) ×6']
Grigor Salter: goal='Beg or find a meal today', knows=[], holds=['spark (w_x03631) ×3']
Corin Copp: goal='Keep your clothes dry', knows=[], holds=['spark (w_x03632) ×2']
Jonet Scaffold: goal='Share a memory of the street', knows=[], holds=['spark (w_x03633) ×6']
Rohese Upstream: goal='Find somewhere you will be left alone', knows=[], holds=['spark (w_x03634) ×7']
Gile Tarn: goal='Share a memory of the street', knows=[], holds=['spark (w_x03635) ×5']
Betriss Copp: goal='Share a memory of the street', knows=[], holds=['spark (w_x03636) ×3']
Corin Rasp: goal='Find out how your neighbour is keeping', knows=[], holds=['spark (w_x03637) ×2']
Sef of Cinder Row: goal='Find out how your neighbour is keeping', knows=[], holds=['spark (w_x03638) ×3']
Ib Coldhands: goal='Find somewhere to dry your blanket', knows=[], holds=['spark (w_x03639) ×4']
Ib Copp: goal='Keep your clothes dry', knows=[], holds=['spark (w_x03640) ×5']
Colm Tarn: goal='Hear news from your kin', knows=[], holds=['spark (w_x03641) ×2']
Ansel of the Shambles: goal='Hear news from your kin', knows=[], holds=['spark (w_x03642) ×6']
Rohese Sparr: goal='Enjoy a little peace in your neighbourhood', knows=[], holds=['spark (w_x03643) ×7']
Noll Tarn: goal='Keep your clothes dry', knows=[], holds=['spark (w_x03644) ×7']
Osanne Marle: goal='Keep your clothes dry', knows=[], holds=['spark (w_x03645) ×4']
Jonet Sparr: goal="Get taken on for a day's work", knows=[], holds=['spark (w_x03646) ×3']
Dob Threefinger: goal='Share a memory of the street', knows=[], holds=['spark (w_x03647) ×2']
Aldith Coldhands: goal='Enjoy a little peace in your neighbourhood', knows=[], holds=['spark (w_x03648) ×2']
Ewart Coldhands: goal='Share a memory of the street', knows=[], holds=['spark (w_x03649) ×6']
Gile Fitch: goal='Share a memory of the street', knows=[], holds=['spark (w_x03650) ×4']
Bertran Hawser: goal='Find out how your neighbour is keeping', knows=[], holds=['spark (w_x03651) ×7']
Lise Ashe: goal="Get taken on for a day's work", knows=[], holds=['spark (w_x03652) ×4']
Sibbe Latchkey: goal='Find somewhere you will be left alone', knows=[], holds=['spark (w_x03653) ×7']
Ede Crake: goal='Keep the household blankets in good order', knows=[], holds=['spark (w_x03654) ×5']
Osanne of the Bellstand: goal='Share a memory of the street', knows=[], holds=['spark (w_x03655) ×4']
Tobin Skell: goal='Get your sleeping corner back', knows=[], holds=['spark (w_x03656) ×4']
Grigor Crake: goal='Share a memory of the street', knows=[], holds=['spark (w_x03657) ×6']
Sibbe Ashe: goal='Keep the household blankets in good order', knows=[], holds=['spark (w_x03658) ×3']
Mote Fitch: goal='Find out how your neighbour is keeping', knows=[], holds=['spark (w_x03659) ×2']
Hamel of the Bellstand: goal='Share a memory of the street', knows=[], holds=['spark (w_x03660) ×5']
Corin Salter: goal='Keep the household blankets in good order', knows=[], holds=['spark (w_x03661) ×5']
Lise of the Bellstand: goal="Get taken on for a day's work", knows=[], holds=['spark (w_x03662) ×6']
Pin Ashe: goal='Hear news from your kin', knows=[], holds=['spark (w_x03663) ×2']
Aldith Threefinger: goal="Get taken on for a day's work", knows=[], holds=['spark (w_x03664) ×3']
Rohese of the Tenters: goal='Keep the household blankets in good order', knows=[], holds=['spark (w_x03665) ×5']
Tobin Latchkey: goal='Find out how your neighbour is keeping', knows=[], holds=['spark (w_x03666) ×7']
Nan of the Low Bridge: goal='Keep your clothes dry', knows=[], holds=['spark (w_x03667) ×5']
Dunstan of the Needle: goal='Enjoy a little peace in your neighbourhood', knows=[], holds=['spark (w_x03668) ×2']
Petronel Ferrant: goal='Find somewhere to dry your blanket', knows=[], holds=['spark (w_x03669) ×6']
Jonet of Cinder Row: goal='Keep the household blankets in good order', knows=[], holds=['spark (w_x03670) ×6']
Bertran Shortmeasure: goal='Find out how your neighbour is keeping', knows=[], holds=['spark (w_x03671) ×5']
Dob of Cinder Row: goal='Find out how your neighbour is keeping', knows=[], holds=['spark (w_x03672) ×4']
Grigor Hobbe: goal='Enjoy a little peace in your neighbourhood', knows=[], holds=['spark (w_x03673) ×3']
Gile Skell: goal='Hear news from your kin', knows=[], holds=['spark (w_x03674) ×5']
Averil the Long: goal='Get the penny you were promised for the horse', knows=[], holds=['spark (w_x03675) ×3']
Bertran of the Gutter Steps: goal='Enjoy a little peace in your neighbourhood', knows=[], holds=['spark (w_x03676) ×5']
Cobb Skell: goal='Keep your clothes dry', knows=[], holds=['spark (w_x03677) ×3']
Idonea Marle: goal='Enjoy a little peace in your neighbourhood', knows=[], holds=['spark (w_x03678) ×2']
Ib Dorn: goal='Keep your clothes dry', knows=[], holds=['spark (w_x03679) ×5']
Lise Hawser: goal='Find out how your neighbour is keeping', knows=[], holds=['spark (w_x03680) ×6']
Mote of the Gutter Steps: goal='Keep the household blankets in good order', knows=[], holds=['spark (w_x03681) ×6']
Gile Pike: goal='Keep your clothes dry', knows=[], holds=['spark (w_x03682) ×3']
Segwin Stott: goal='Keep your clothes dry', knows=[], holds=['spark (w_x03683) ×2']
Bertran Scaffold: goal='Share a memory of the street', knows=[], holds=['spark (w_x03684) ×3']
Ewart Nineteen: goal='Hear news from your kin', knows=[], holds=['spark (w_x03685) ×5']
Tib Ferrant: goal='Share a memory of the street', knows=[], holds=['spark (w_x03686) ×3']
Averil of the Slip: goal='Keep the household blankets in good order', knows=[], holds=['spark (w_x03687) ×4']
Ansel of the Tenters: goal='Keep the household blankets in good order', knows=[], holds=['spark (w_x03688) ×6']
Segwin Hawser: goal='Keep your clothes dry', knows=[], holds=['spark (w_x03689) ×4']
Averil Wetalms: goal='Find somewhere to dry your blanket', knows=[], holds=['spark (w_x03690) ×5']
Grigor Copp: goal='Enjoy a little peace in your neighbourhood', knows=[], holds=['spark (w_x03691) ×5']
Corin Alder: goal='Share a memory of the street', knows=[], holds=['spark (w_x03692) ×3']
Dob of the Needle: goal="Get taken on for a day's work", knows=[], holds=['spark (w_x03693) ×3']
Aldith Marle: goal='Keep your clothes dry', knows=[], holds=['spark (w_x03694) ×5']
Jos the Long: goal='Find out how your neighbour is keeping', knows=[], holds=['spark (w_x03695) ×6']
Dunstan of the Slip: goal='Keep your clothes dry', knows=[], holds=['spark (w_x03696) ×6']
Osanne Crake: goal='Replace your lost alms bowl', knows=[], holds=['spark (w_x03697) ×7']
Tib Latchkey: goal='Share a memory of the street', knows=[], holds=['spark (w_x03698) ×3']
Betriss of the Shambles: goal='Find out how your neighbour is keeping', knows=[], holds=['spark (w_x03699) ×7']
Jonet Dorn: goal='Enjoy a little peace in your neighbourhood', knows=[], holds=['spark (w_x03700) ×6']
Dob Quern: goal='Find out how your neighbour is keeping', knows=[], holds=['spark (w_x03701) ×5']
Jos Scaffold: goal='Keep the household blankets in good order', knows=[], holds=['spark (w_x03702) ×2']
Aldith of the Bellstand: goal="Get taken on for a day's work", knows=[], holds=['spark (w_x03703) ×2']
Dunstan Upstream: goal='Keep your clothes dry', knows=[], holds=['spark (w_x03704) ×6']
Bertran of Ostrelle: goal='Keep the household blankets in good order', knows=[], holds=['spark (w_x03705) ×4']
Mote of the Shambles: goal='Keep the household blankets in good order', knows=[], holds=['spark (w_x03706) ×2']
Segwin of the Needle: goal='Enjoy a little peace in your neighbourhood', knows=[], holds=['spark (w_x03707) ×2']
Aldith Latchkey: goal='Keep the household blankets in good order', knows=[], holds=['spark (w_x03708) ×3']
Sef the Lesser: goal='Share a memory of the street', knows=[], holds=['spark (w_x03709) ×2']
Bertran of the Slip: goal='Find something to put on your feet', knows=[], holds=['spark (w_x03710) ×6']
Segwin of the Low Bridge: goal='Enjoy a little peace in your neighbourhood', knows=[], holds=['spark (w_x03711) ×2']
Nan Crake: goal='Keep the household blankets in good order', knows=[], holds=['spark (w_x03712) ×6']
Grigor Marle: goal='Enjoy a little peace in your neighbourhood', knows=[], holds=['spark (w_x03713) ×3']
Ib of Ostrelle: goal='Hear news from your kin', knows=[], holds=['spark (w_x03714) ×3']
Sibbe Fitch: goal="Get taken on for a day's work", knows=[], holds=['spark (w_x03715) ×4']
Mote Vell: goal='Find out how your neighbour is keeping', knows=[], holds=['spark (w_x03716) ×4']
Averil of Cinder Row: goal='Keep your clothes dry', knows=[], holds=['spark (w_x03717) ×5']
Aldith Copp: goal='Keep the household blankets in good order', knows=[], holds=['spark (w_x03718) ×4']
Sef the Lesser: goal='Keep your clothes dry', knows=[], holds=['spark (w_x03719) ×7']
Averil of the Low Bridge: goal='Find somewhere you will be left alone', knows=[], holds=['spark (w_x03720) ×7']
Bertran Shortmeasure: goal='Keep the household blankets in good order', knows=[], holds=['spark (w_x03721) ×3']
Sibbe Tarn: goal='Share a memory of the street', knows=[], holds=['spark (w_x03722) ×2']
Pin Dorn: goal='Share a memory of the street', knows=[], holds=['spark (w_x03723) ×4']
Osanne Wetalms: goal='Find somewhere to dry your blanket', knows=[], holds=['spark (w_x03724) ×5']
Lise of the Bellstand: goal='Find somewhere you will be left alone', knows=[], holds=['spark (w_x03725) ×6']
Petronel Quern: goal='Share a memory of the street', knows=[], holds=['spark (w_x03726) ×6']
Gile of the Low Bridge: goal='Find out how your neighbour is keeping', knows=[], holds=['spark (w_x03727) ×7']
Dob Latchkey: goal='Share a memory of the street', knows=[], holds=['spark (w_x03728) ×6']
Havise Nineteen: goal='Enjoy a little peace in your neighbourhood', knows=[], holds=['spark (w_x03729) ×4']
Idonea Shortmeasure: goal='Find somewhere you will be left alone', knows=[], holds=['spark (w_x03730) ×2']
Aubin Copp: goal='Hear news from your kin', knows=[], holds=['spark (w_x03731) ×5']
Ib Stott: goal='Find out how your neighbour is keeping', knows=[], holds=['spark (w_x03732) ×7']
Tobin Wetalms: goal='Keep the household blankets in good order', knows=[], holds=['spark (w_x03733) ×3']
Petronel Hawser: goal='Find out how your neighbour is keeping', knows=[], holds=['spark (w_x03734) ×6']
Ib of Ostrelle: goal='Enjoy a little peace in your neighbourhood', knows=[], holds=['spark (w_x03735) ×3']
Clemence the Long: goal='Enjoy a little peace in your neighbourhood', knows=[], holds=['spark (w_x03736) ×7']
Corin of the Bellstand: goal='Keep your clothes dry', knows=[], holds=['spark (w_x03737) ×7']
Petronel of the Bellstand: goal='Enjoy a little peace in your neighbourhood', knows=[], holds=['spark (w_x03738) ×7']
Dunstan Ferrant: goal='Keep the household blankets in good order', knows=[], holds=['spark (w_x03739) ×3']
Tobin Pike: goal='Enjoy a little peace in your neighbourhood', knows=[], holds=['spark (w_x03740) ×3']
Lise Scaffold: goal='Enjoy a little peace in your neighbourhood', knows=[], holds=['spark (w_x03741) ×7']
Grigor of the Low Bridge: goal='Replace your lost alms bowl', knows=[], holds=['spark (w_x03742) ×7']
Rohese of Ostrelle: goal='Hear news from your kin', knows=[], holds=['spark (w_x03743) ×3']
Grigor Latchkey: goal='Find somewhere you will be left alone', knows=[], holds=['spark (w_x03744) ×7']
Osanne Fitch: goal='Beg or find a meal today', knows=[], holds=['spark (w_x03745) ×7']
Gile Wetalms: goal='Enjoy a little peace in your neighbourhood', knows=[], holds=['spark (w_x03746) ×5']
Dunstan Pike: goal='Get the penny you were promised for the horse', knows=[], holds=['spark (w_x03747) ×2']
Tobin of the Slip: goal='Keep your clothes dry', knows=[], holds=['spark (w_x03748) ×4']
Mote of Ostrelle: goal='Keep the household blankets in good order', knows=[], holds=['spark (w_x03749) ×5']
Aubin Copp: goal='Get your sleeping corner back', knows=[], holds=['spark (w_x03750) ×3']
Dob Ferrant: goal='Keep the household blankets in good order', knows=[], holds=['spark (w_x03751) ×4']
Idonea Brant: goal='Enjoy a little peace in your neighbourhood', knows=[], holds=['spark (w_x03752) ×6']
Renn of the Slip: goal='Find out how your neighbour is keeping', knows=[], holds=['spark (w_x03753) ×7']
Lise Sparr: goal='Keep the household blankets in good order', knows=[], holds=['spark (w_x03754) ×6']
Tobin Brant: goal='Enjoy a little peace in your neighbourhood', knows=[], holds=['spark (w_x03755) ×5']
Ede Tarn: goal='Share a memory of the street', knows=[], holds=['spark (w_x03756) ×7']
Gile Stott: goal='Hear news from your kin', knows=[], holds=['spark (w_x03757) ×2']
Gile the Long: goal='Find a quiet frontage where you are welcome', knows=[], holds=['spark (w_x03758) ×6']
Tobin Shortmeasure: goal='Get the penny you were promised for the horse', knows=[], holds=['spark (w_x03759) ×4']
Tib of the Shambles: goal='Find out how your neighbour is keeping', knows=[], holds=['spark (w_x03760) ×4']
Clemence Copp: goal='Keep your clothes dry', knows=[], holds=['spark (w_x03761) ×5']
Rohese Fitch: goal='Enjoy a little peace in your neighbourhood', knows=[], holds=['spark (w_x03762) ×7']
Rohese Crake: goal='Share a memory of the street', knows=[], holds=['spark (w_x03763) ×3']
Ib Salter: goal='Enjoy a little peace in your neighbourhood', knows=[], holds=['spark (w_x03764) ×6']
Clemence of the Shambles: goal='Keep the household blankets in good order', knows=[], holds=['spark (w_x03765) ×7']
Petronel Marle: goal="Get taken on for a day's work", knows=[], holds=['spark (w_x03766) ×4']
Dob Skell: goal='Keep your clothes dry', knows=[], holds=['spark (w_x03767) ×4']
Cobb of the Bellstand: goal='Find somewhere you will be left alone', knows=[], holds=['spark (w_x03768) ×6']
Jos Sparr: goal='Keep your clothes dry', knows=[], holds=['spark (w_x03769) ×5']
Segwin Vell: goal='Keep your clothes dry', knows=[], holds=['spark (w_x03770) ×7']
Noll Quern: goal='Enjoy a little peace in your neighbourhood', knows=[], holds=['spark (w_x03771) ×2']
Idonea Ashe: goal='Keep your clothes dry', knows=[], holds=['spark (w_x03772) ×5']
Aubin Shortmeasure: goal='Find a quiet frontage where you are welcome', knows=[], holds=['spark (w_x03773) ×7']
Ewart of the Gutter Steps: goal='Find something to put on your feet', knows=[], holds=['spark (w_x03774) ×4']
Bertran the Lesser: goal='Find out how your neighbour is keeping', knows=[], holds=['spark (w_x03775) ×6']
Idonea of Ostrelle: goal="Get taken on for a day's work", knows=[], holds=['spark (w_x03776) ×7']
Noll of the Tenters: goal='Beg or find a meal today', knows=[], holds=['spark (w_x03777) ×2']
Rohese Wetalms: goal='Get the penny you were promised for the horse', knows=[], holds=['spark (w_x03778) ×5']
Colm Scaffold: goal='Share a memory of the street', knows=[], holds=['spark (w_x03779) ×7']
Aldith Quern: goal='Keep the household blankets in good order', knows=[], holds=['spark (w_x03780) ×7']
Bertran Upstream: goal='Find a quiet frontage where you are welcome', knows=[], holds=['spark (w_x03781) ×3']
Segwin of the Low Bridge: goal='Hear news from your kin', knows=[], holds=['spark (w_x03782) ×6']
Mote the Lesser: goal='Enjoy a little peace in your neighbourhood', knows=[], holds=['spark (w_x03783) ×7']
Cobb of the Tenters: goal='Keep your clothes dry', knows=[], holds=['spark (w_x03784) ×2']
Clemence Scaffold: goal='Find a salve for your hands', knows=[], holds=['spark (w_x03785) ×7']
Ewart of the Gutter Steps: goal='Keep the household blankets in good order', knows=[], holds=['spark (w_x03786) ×6']
Hamel Brant: goal='Hear news from your kin', knows=[], holds=['spark (w_x03787) ×2']
Tobin Quern: goal='Find out how your neighbour is keeping', knows=[], holds=['spark (w_x03788) ×2']
Sibbe Quern: goal='Keep your clothes dry', knows=[], holds=['spark (w_x03789) ×4']
Mote Copp: goal='Find somewhere to dry your blanket', knows=[], holds=['spark (w_x03790) ×4']
Osanne the Lesser: goal='Get the penny you were promised for the horse', knows=[], holds=['spark (w_x03791) ×7']
Betriss Upstream: goal='Keep the household blankets in good order', knows=[], holds=['spark (w_x03792) ×7']
Jonet Upstream: goal='Keep your clothes dry', knows=[], holds=['spark (w_x03793) ×4']
Clemence Upstream: goal='Keep your clothes dry', knows=[], holds=['spark (w_x03794) ×6']
Lise of the Tenters: goal='Share a memory of the street', knows=[], holds=['spark (w_x03795) ×4']
Corin Alder: goal='Hear news from your kin', knows=[], holds=['spark (w_x03796) ×2']
Sibbe Tarn: goal='Find somewhere to dry your blanket', knows=[], holds=['spark (w_x03797) ×2']
Nan of the Gutter Steps: goal='Find a salve for your hands', knows=[], holds=['spark (w_x03798) ×2']
Lise Tarn: goal='Enjoy a little peace in your neighbourhood', knows=[], holds=['spark (w_x03799) ×4']
Osanne Scaffold: goal='Enjoy a little peace in your neighbourhood', knows=[], holds=['spark (w_x03800) ×6']
Segwin Alder: goal='Share a memory of the street', knows=[], holds=['spark (w_x03801) ×5']
Mote of the Bellstand: goal='Share a memory of the street', knows=[], holds=['spark (w_x03802) ×6']
Dob Vell: goal='Keep the household blankets in good order', knows=[], holds=['spark (w_x03803) ×6']
Jonet Fitch: goal='Find out how your neighbour is keeping', knows=[], holds=['spark (w_x03804) ×4']
Aubin Dorn: goal='Keep your clothes dry', knows=[], holds=['spark (w_x03805) ×6']
Rohese Brant: goal='Enjoy a little peace in your neighbourhood', knows=[], holds=['spark (w_x03806) ×7']
Petronel Marle: goal='Find somewhere to dry your blanket', knows=[], holds=['spark (w_x03807) ×7']
Ansel the Lesser: goal='Find somewhere you will be left alone', knows=[], holds=['spark (w_x03808) ×4']
Corin Stott: goal='Share a memory of the street', knows=[], holds=['spark (w_x03809) ×3']
Osanne of the Tenters: goal='Enjoy a little peace in your neighbourhood', knows=[], holds=['spark (w_x03810) ×3']
Ib Ferrant: goal='Keep your clothes dry', knows=[], holds=['spark (w_x03811) ×7']
Havise Copp: goal='Find out how your neighbour is keeping', knows=[], holds=['spark (w_x03812) ×4']
Corin Copp: goal='Keep the household blankets in good order', knows=[], holds=['spark (w_x03813) ×7']
Dob Scaffold: goal='Replace your lost alms bowl', knows=[], holds=['spark (w_x03814) ×3']
Gile Shortmeasure: goal='Share a memory of the street', knows=[], holds=['spark (w_x03815) ×7']
Idonea of Cinder Row: goal='Keep your clothes dry', knows=[], holds=['spark (w_x03816) ×5']
Nan Threefinger: goal='Enjoy a little peace in your neighbourhood', knows=[], holds=['spark (w_x03817) ×4']
Ib Alder: goal='Find out how your neighbour is keeping', knows=[], holds=['spark (w_x03818) ×4']
Jos Shortmeasure: goal='Replace your lost alms bowl', knows=[], holds=['spark (w_x03819) ×5']
Gile of Cinder Row: goal='Keep the household blankets in good order', knows=[], holds=['spark (w_x03820) ×6']
Pin of the Slip: goal='Keep the household blankets in good order', knows=[], holds=['spark (w_x03821) ×2']
Segwin of the Shambles: goal='Share a memory of the street', knows=[], holds=['spark (w_x03822) ×7']
Noll of the Tenters: goal='Find somewhere you will be left alone', knows=[], holds=['spark (w_x03823) ×7']
Noll Vell: goal='Enjoy a little peace in your neighbourhood', knows=[], holds=['spark (w_x03824) ×5']
Sef Hawser: goal="Get taken on for a day's work", knows=[], holds=['spark (w_x03825) ×4']
Ewart of Cinder Row: goal='Find something to put on your feet', knows=[], holds=['spark (w_x03826) ×3']
Tib Shortmeasure: goal='Find out how your neighbour is keeping', knows=[], holds=['spark (w_x03827) ×4']
Jonet Sparr: goal='Find out how your neighbour is keeping', knows=[], holds=['spark (w_x03828) ×6']
Cobb Pike: goal='Find out how your neighbour is keeping', knows=[], holds=['spark (w_x03829) ×6']
Colm Hawser: goal='Get the penny you were promised for the horse', knows=[], holds=['spark (w_x03830) ×3']
Betriss Tarn: goal='Share a memory of the street', knows=[], holds=['spark (w_x03831) ×7']
Nan Dorn: goal='Keep your clothes dry', knows=[], holds=['spark (w_x03832) ×6']
Dob Copp: goal='Get your sleeping corner back', knows=[], holds=['spark (w_x03833) ×7']
Averil Skell: goal='Enjoy a little peace in your neighbourhood', knows=[], holds=['spark (w_x03834) ×5']
Havise of the Needle: goal='Find out how your neighbour is keeping', knows=[], holds=['spark (w_x03835) ×5']
Bertran Nineteen: goal='Keep your clothes dry', knows=[], holds=['spark (w_x03836) ×7']
Havise Alder: goal='Keep the household blankets in good order', knows=[], holds=['spark (w_x03837) ×3']
Noll Tarn: goal='Keep your clothes dry', knows=[], holds=['spark (w_x03838) ×5']
Idonea Ashe: goal='Hear news from your kin', knows=[], holds=['spark (w_x03839) ×7']
Idonea of the Slip: goal='Enjoy a little peace in your neighbourhood', knows=[], holds=['spark (w_x03840) ×5']
Betriss Ashe: goal='Enjoy a little peace in your neighbourhood', knows=[], holds=['spark (w_x03841) ×5']
Betriss Rasp: goal='Share a memory of the street', knows=[], holds=['spark (w_x03842) ×6']
Hamel Ashe: goal='Find out how your neighbour is keeping', knows=[], holds=['spark (w_x03843) ×3']
Betriss of Cinder Row: goal='Keep your clothes dry', knows=[], holds=['spark (w_x03844) ×6']
Dunstan Shortmeasure: goal='Share a memory of the street', knows=[], holds=['spark (w_x03845) ×2']
Petronel Coldhands: goal="Get taken on for a day's work", knows=[], holds=['spark (w_x03846) ×2']
Betriss Sparr: goal='Keep the household blankets in good order', knows=[], holds=['spark (w_x03847) ×7']
Tobin the Long: goal='Hear news from your kin', knows=[], holds=['spark (w_x03848) ×5']
Cobb Coldhands: goal='Find out how your neighbour is keeping', knows=[], holds=['spark (w_x03849) ×2']
Ib Hobbe: goal='Share a memory of the street', knows=[], holds=['spark (w_x03850) ×6']
Petronel Tarn: goal='Get your sleeping corner back', knows=[], holds=['spark (w_x03851) ×2']
Averil Hawser: goal='Find somewhere you will be left alone', knows=[], holds=['spark (w_x03852) ×5']
Clemence Upstream: goal='Beg or find a meal today', knows=[], holds=['spark (w_x03853) ×3']
Aubin of the Bellstand: goal='Hear news from your kin', knows=[], holds=['spark (w_x03854) ×3']
Segwin Roper: goal='Replace your lost alms bowl', knows=[], holds=['spark (w_x03855) ×4']
Gile Pike: goal='Keep your clothes dry', knows=[], holds=['spark (w_x03856) ×7']
Idonea Fitch: goal='Find out how your neighbour is keeping', knows=[], holds=['spark (w_x03857) ×3']
Grigor Coldhands: goal='Keep your clothes dry', knows=[], holds=['spark (w_x03858) ×7']
Rohese Brant: goal='Keep your clothes dry', knows=[], holds=['spark (w_x03859) ×5']
Dob Scaffold: goal='Enjoy a little peace in your neighbourhood', knows=[], holds=['spark (w_x03860) ×3']
Corin of the Bellstand: goal='Replace your lost alms bowl', knows=[], holds=['spark (w_x03861) ×3']
Tib Hobbe: goal='Find something to put on your feet', knows=[], holds=['spark (w_x03862) ×7']
Osanne Tarn: goal='Find a salve for your hands', knows=[], holds=['spark (w_x03863) ×2']
Nan Sparr: goal='Share a memory of the street', knows=[], holds=['spark (w_x03864) ×2']
Averil Sparr: goal='Enjoy a little peace in your neighbourhood', knows=[], holds=['spark (w_x03865) ×3']
Nan of the Bellstand: goal='Hear news from your kin', knows=[], holds=['spark (w_x03866) ×4']
Colm of the Tenters: goal='Keep the household blankets in good order', knows=[], holds=['spark (w_x03867) ×2']
Rohese Nineteen: goal='Find out how your neighbour is keeping', knows=[], holds=['spark (w_x03868) ×5']
Ede of Cinder Row: goal='Beg or find a meal today', knows=[], holds=['spark (w_x03869) ×2']
Clemence Skell: goal='Keep your clothes dry', knows=[], holds=['spark (w_x03870) ×7']
Segwin of the Tenters: goal='Enjoy a little peace in your neighbourhood', knows=[], holds=['spark (w_x03871) ×4']
Clemence Coldhands: goal='Enjoy a little peace in your neighbourhood', knows=[], holds=['spark (w_x03872) ×5']
Lise Salter: goal='Find something to put on your feet', knows=[], holds=['spark (w_x03873) ×3']
Ede Brant: goal='Replace your lost alms bowl', knows=[], holds=['spark (w_x03874) ×7']
Ib of the Gutter Steps: goal='Hear news from your kin', knows=[], holds=['spark (w_x03875) ×4']
Pin Ferrant: goal='Keep your clothes dry', knows=[], holds=['spark (w_x03876) ×3']
Ib Ashe: goal='Replace your lost alms bowl', knows=[], holds=['spark (w_x03877) ×6']
Havise Marle: goal="Get taken on for a day's work", knows=[], holds=['spark (w_x03878) ×3']
Osanne Alder: goal='Beg or find a meal today', knows=[], holds=['spark (w_x03879) ×6']
Cobb Crake: goal='Find out how your neighbour is keeping', knows=[], holds=['spark (w_x03880) ×4']
Jos Wetalms: goal='Enjoy a little peace in your neighbourhood', knows=[], holds=['spark (w_x03881) ×2']
Cobb Skell: goal='Find out how your neighbour is keeping', knows=[], holds=['spark (w_x03882) ×3']
Tobin Shortmeasure: goal='Find out how your neighbour is keeping', knows=[], holds=['spark (w_x03883) ×2']
Tobin Coldhands: goal='Share a memory of the street', knows=[], holds=['spark (w_x03884) ×4']
Mote Alder: goal='Enjoy a little peace in your neighbourhood', knows=[], holds=['spark (w_x03885) ×2']
Sef the Lesser: goal='Keep the household blankets in good order', knows=[], holds=['spark (w_x03886) ×4']
Jos Crake: goal='Enjoy a little peace in your neighbourhood', knows=[], holds=['spark (w_x03887) ×5']
Osanne of the Needle: goal='Find a quiet frontage where you are welcome', knows=[], holds=['spark (w_x03888) ×2']
Ede the Lesser: goal='Keep the household blankets in good order', knows=[], holds=['spark (w_x03889) ×3']
Jos Ashe: goal='Get the penny you were promised for the horse', knows=[], holds=['spark (w_x03890) ×7']
Nan Scaffold: goal='Keep your clothes dry', knows=[], holds=['spark (w_x03891) ×6']
Betriss Latchkey: goal='Find a quiet frontage where you are welcome', knows=[], holds=['spark (w_x03892) ×2']
Rohese of the Needle: goal='Share a memory of the street', knows=[], holds=['spark (w_x03893) ×2']
Sibbe Nineteen: goal='Replace your lost alms bowl', knows=[], holds=['spark (w_x03894) ×3']
Rohese Coldhands: goal='Hear news from your kin', knows=[], holds=['spark (w_x03895) ×6']
Cobb Marle: goal='Find a quiet frontage where you are welcome', knows=[], holds=['spark (w_x03896) ×3']
Idonea Quern: goal='Keep the household blankets in good order', knows=[], holds=['spark (w_x03897) ×3']
Idonea Quern: goal='Find a quiet frontage where you are welcome', knows=[], holds=['spark (w_x03898) ×5']
Petronel Coldhands: goal='Hear news from your kin', knows=[], holds=['spark (w_x03899) ×7']
Dob Alder: goal='Keep your clothes dry', knows=[], holds=['spark (w_x03900) ×5']
Mote Copp: goal='Keep your clothes dry', knows=[], holds=['spark (w_x03901) ×7']
Havise the Lesser: goal='Enjoy a little peace in your neighbourhood', knows=[], holds=['spark (w_x03902) ×5']
Dob Scaffold: goal='Keep your clothes dry', knows=[], holds=['spark (w_x03903) ×5']
Ede Roper: goal='Find out how your neighbour is keeping', knows=[], holds=['spark (w_x03904) ×2']
Bertran Hobbe: goal='Keep the household blankets in good order', knows=[], holds=['spark (w_x03905) ×5']
Dob Ferrant: goal="Get taken on for a day's work", knows=[], holds=['spark (w_x03906) ×6']
Hamel of the Shambles: goal='Find out how your neighbour is keeping', knows=[], holds=['spark (w_x03907) ×6']
Gile Shortmeasure: goal='Find out how your neighbour is keeping', knows=[], holds=['spark (w_x03908) ×6']
Rohese Fitch: goal='Keep your clothes dry', knows=[], holds=['spark (w_x03909) ×7']
Jos of Ostrelle: goal='Hear news from your kin', knows=[], holds=['spark (w_x03910) ×6']
Havise of the Needle: goal='Find a salve for your hands', knows=[], holds=['spark (w_x03911) ×4']
Segwin Crake: goal='Find out how your neighbour is keeping', knows=[], holds=['spark (w_x03912) ×3']
Grigor of the Shambles: goal='Share a memory of the street', knows=[], holds=['spark (w_x03913) ×5']
Averil of the Shambles: goal='Hear news from your kin', knows=[], holds=['spark (w_x03914) ×6']
Dunstan Dorn: goal='Share a memory of the street', knows=[], holds=['spark (w_x03915) ×5']
Sibbe Wetalms: goal='Hear news from your kin', knows=[], holds=['spark (w_x03916) ×5']
Cobb Stott: goal='Find out how your neighbour is keeping', knows=[], holds=['spark (w_x03917) ×5']
Osanne Roper: goal='Hear news from your kin', knows=[], holds=['spark (w_x03918) ×5']
Mote Sparr: goal='Keep your clothes dry', knows=[], holds=['spark (w_x03919) ×5']
Petronel the Lesser: goal='Enjoy a little peace in your neighbourhood', knows=[], holds=['spark (w_x03920) ×5']
Averil Sparr: goal='Find something to put on your feet', knows=[], holds=['spark (w_x03921) ×4']
Lise Sparr: goal='Keep your clothes dry', knows=[], holds=['spark (w_x03922) ×4']
Cobb Crake: goal='Beg or find a meal today', knows=[], holds=['spark (w_x03923) ×4']
Dob of the Tenters: goal='Find out how your neighbour is keeping', knows=[], holds=['spark (w_x03924) ×6']
Lise of the Low Bridge: goal='Find out how your neighbour is keeping', knows=[], holds=['spark (w_x03925) ×4']
Sibbe Rasp: goal='Share a memory of the street', knows=[], holds=['spark (w_x03926) ×6']
Jonet Nineteen: goal='Get the penny you were promised for the horse', knows=[], holds=['spark (w_x03927) ×7']
Ansel of the Bellstand: goal='Find out how your neighbour is keeping', knows=[], holds=['spark (w_x03928) ×7']
Jonet Quern: goal='Keep your clothes dry', knows=[], holds=['spark (w_x03929) ×5']
Corin Quern: goal="Get taken on for a day's work", knows=[], holds=['spark (w_x03930) ×6']
Petronel Pike: goal='Find something to put on your feet', knows=[], holds=['spark (w_x03931) ×2']
Havise Alder: goal='Find somewhere to dry your blanket', knows=[], holds=['spark (w_x03932) ×2']
Tib of the Bellstand: goal='Hear news from your kin', knows=[], holds=['spark (w_x03933) ×4']
Ib Fitch: goal='Keep your clothes dry', knows=[], holds=['spark (w_x03934) ×3']
Pin Quern: goal='Find something to put on your feet', knows=[], holds=['spark (w_x03935) ×5']
Clemence of the Slip: goal='Replace your lost alms bowl', knows=[], holds=['spark (w_x03936) ×3']
Jos Wetalms: goal='Keep your clothes dry', knows=[], holds=['spark (w_x03937) ×3']
Mote Wetalms: goal='Hear news from your kin', knows=[], holds=['spark (w_x03938) ×5']
Aldith Upstream: goal='Hear news from your kin', knows=[], holds=['spark (w_x03939) ×5']
Havise Stott: goal='Hear news from your kin', knows=[], holds=['spark (w_x03940) ×2']
Lise Roper: goal='Find out how your neighbour is keeping', knows=[], holds=['spark (w_x03941) ×4']
Grigor the Long: goal='Keep your clothes dry', knows=[], holds=['spark (w_x03942) ×2']
Mote of the Gutter Steps: goal='Find out how your neighbour is keeping', knows=[], holds=['spark (w_x03943) ×3']
Renn Alder: goal='Keep your clothes dry', knows=[], holds=['spark (w_x03944) ×4']
Rohese Dorn: goal='Share a memory of the street', knows=[], holds=['spark (w_x03945) ×3']
Cobb Pike: goal='Keep the household blankets in good order', knows=[], holds=['spark (w_x03946) ×3']
Noll of the Tenters: goal='Find a salve for your hands', knows=[], holds=['spark (w_x03947) ×7']
Ansel Hobbe: goal='Enjoy a little peace in your neighbourhood', knows=[], holds=['spark (w_x03948) ×4']
Tib Ashe: goal='Keep your clothes dry', knows=[], holds=['spark (w_x03949) ×6']
Betriss Salter: goal='Find something to put on your feet', knows=[], holds=['spark (w_x03950) ×7']
Jos Crake: goal="Get taken on for a day's work", knows=[], holds=['spark (w_x03951) ×6']
Hamel Threefinger: goal='Find a salve for your hands', knows=[], holds=['spark (w_x03952) ×2']
Aubin Quern: goal='Hear news from your kin', knows=[], holds=['spark (w_x03953) ×4']
Tobin Hawser: goal='Replace your lost alms bowl', knows=[], holds=['spark (w_x03954) ×4']
Lise Threefinger: goal='Find something to put on your feet', knows=[], holds=['spark (w_x03955) ×5']
Hamel of the Low Bridge: goal='Keep your clothes dry', knows=[], holds=['spark (w_x03956) ×2']
Jos Ashe: goal='Keep the household blankets in good order', knows=[], holds=['spark (w_x03957) ×2']
Sef Ashe: goal='Keep your clothes dry', knows=[], holds=['spark (w_x03958) ×3']
Ansel Crake: goal='Keep the household blankets in good order', knows=[], holds=['spark (w_x03959) ×5']
Grigor Threefinger: goal='Keep the household blankets in good order', knows=[], holds=['spark (w_x03960) ×3']
Clemence Scaffold: goal='Find a salve for your hands', knows=[], holds=['spark (w_x03961) ×5']
Lise Rasp: goal='Find out how your neighbour is keeping', knows=[], holds=['spark (w_x03962) ×3']
Ewart of the Needle: goal='Enjoy a little peace in your neighbourhood', knows=[], holds=['spark (w_x03963) ×7']
Idonea Salter: goal='Get the penny you were promised for the horse', knows=[], holds=['spark (w_x03964) ×3']
Jonet Fitch: goal='Keep your clothes dry', knows=[], holds=['spark (w_x03965) ×4']
Tobin Copp: goal='Keep your clothes dry', knows=[], holds=['spark (w_x03966) ×5']
Tib Threefinger: goal='Keep your clothes dry', knows=[], holds=['spark (w_x03967) ×7']
Rohese Nineteen: goal='Get your sleeping corner back', knows=[], holds=['spark (w_x03968) ×2']
Ede the Long: goal="Get taken on for a day's work", knows=[], holds=['spark (w_x03969) ×3']
Petronel Roper: goal='Share a memory of the street', knows=[], holds=['spark (w_x03970) ×2']
Ib the Lesser: goal='Find out how your neighbour is keeping', knows=[], holds=['spark (w_x03971) ×7']
Petronel Ashe: goal='Share a memory of the street', knows=[], holds=['spark (w_x03972) ×4']
Petronel Stott: goal='Get the penny you were promised for the horse', knows=[], holds=['spark (w_x03973) ×3']
Petronel Salter: goal='Keep the household blankets in good order', knows=[], holds=['spark (w_x03974) ×2']
Sef of the Slip: goal='Enjoy a little peace in your neighbourhood', knows=[], holds=['spark (w_x03975) ×6']
Aldith Brant: goal='Keep your clothes dry', knows=[], holds=['spark (w_x03976) ×4']
Aldith Upstream: goal='Get your sleeping corner back', knows=[], holds=['spark (w_x03977) ×5']
Hamel of the Slip: goal='Find somewhere to dry your blanket', knows=[], holds=['spark (w_x03978) ×7']
Gile Skell: goal='Keep your clothes dry', knows=[], holds=['spark (w_x03979) ×6']
Lise Brant: goal='Enjoy a little peace in your neighbourhood', knows=[], holds=['spark (w_x03980) ×2']
Tib Shortmeasure: goal='Find something to put on your feet', knows=[], holds=['spark (w_x03981) ×4']
Gile Ferrant: goal='Keep your clothes dry', knows=[], holds=['spark (w_x03982) ×3']
Havise of Ostrelle: goal='Keep the household blankets in good order', knows=[], holds=['spark (w_x03983) ×2']
Aubin Fitch: goal='Share a memory of the street', knows=[], holds=['spark (w_x03984) ×5']
Ansel Copp: goal='Keep the household blankets in good order', knows=[], holds=['spark (w_x03985) ×7']
Jos Ashe: goal='Find out how your neighbour is keeping', knows=[], holds=['spark (w_x03986) ×2']
Tib Hawser: goal='Keep your clothes dry', knows=[], holds=['spark (w_x03987) ×6']
Bertran Dorn: goal='Keep the household blankets in good order', knows=[], holds=['spark (w_x03988) ×4']
Pin of the Bellstand: goal='Enjoy a little peace in your neighbourhood', knows=[], holds=['spark (w_x03989) ×7']
Ansel Fitch: goal='Find out how your neighbour is keeping', knows=[], holds=['spark (w_x03990) ×5']
Noll of Ostrelle: goal='Keep your clothes dry', knows=[], holds=['spark (w_x03991) ×7']
Ansel Latchkey: goal='Find out how your neighbour is keeping', knows=[], holds=['spark (w_x03992) ×4']
Ewart Vell: goal='Find something to put on your feet', knows=[], holds=['spark (w_x03993) ×5']
Rohese of the Slip: goal='Find a salve for your hands', knows=[], holds=['spark (w_x03994) ×5']
Nan Scaffold: goal='Keep the household blankets in good order', knows=[], holds=['spark (w_x03995) ×4']
Pin of the Gutter Steps: goal='Hear news from your kin', knows=[], holds=['spark (w_x03996) ×5']
Grigor of the Tenters: goal='Hear news from your kin', knows=[], holds=['spark (w_x03997) ×6']
Sibbe Nineteen: goal='Keep your clothes dry', knows=[], holds=['spark (w_x03998) ×6']
Ede Roper: goal='Find a salve for your hands', knows=[], holds=['spark (w_x03999) ×7']
Pin Nineteen: goal='Keep your clothes dry', knows=[], holds=['spark (w_x04000) ×4']
Jos Hawser: goal='Share a memory of the street', knows=[], holds=['spark (w_x04001) ×2']
Noll Ferrant: goal='Beg or find a meal today', knows=[], holds=['spark (w_x04002) ×7']
Lise Vell: goal='Keep your clothes dry', knows=[], holds=['spark (w_x04003) ×2']
Jonet of the Tenters: goal='Keep the household blankets in good order', knows=[], holds=['spark (w_x04004) ×7']
Gile of the Bellstand: goal='Enjoy a little peace in your neighbourhood', knows=[], holds=['spark (w_x04005) ×7']
Sibbe Ashe: goal='Keep your clothes dry', knows=[], holds=['spark (w_x04006) ×7']
Betriss the Lesser: goal='Find out how your neighbour is keeping', knows=[], holds=['spark (w_x04007) ×2']
Noll Coldhands: goal='Enjoy a little peace in your neighbourhood', knows=[], holds=['spark (w_x04008) ×2']
Nan Nineteen: goal='Keep the household blankets in good order', knows=[], holds=['spark (w_x04009) ×5']
Rohese Scaffold: goal='Enjoy a little peace in your neighbourhood', knows=[], holds=['spark (w_x04010) ×4']
Petronel Latchkey: goal='Keep your clothes dry', knows=[], holds=['spark (w_x04011) ×4']
Pin Rasp: goal='Keep the household blankets in good order', knows=[], holds=['spark (w_x04012) ×5']
Betriss the Lesser: goal='Get the penny you were promised for the horse', knows=[], holds=['spark (w_x04013) ×3']
Dob of the Needle: goal='Keep your clothes dry', knows=[], holds=['spark (w_x04014) ×3']
Havise Stott: goal='Keep your clothes dry', knows=[], holds=['spark (w_x04015) ×5']
Ede Vell: goal='Keep your clothes dry', knows=[], holds=['spark (w_x04016) ×4']
Corin Crake: goal='Hear news from your kin', knows=[], holds=['spark (w_x04017) ×6']
Betriss of the Low Bridge: goal='Find out how your neighbour is keeping', knows=[], holds=['spark (w_x04018) ×7']
Nan of the Gutter Steps: goal='Keep the household blankets in good order', knows=[], holds=['spark (w_x04019) ×5']
Ede of the Low Bridge: goal='Keep the household blankets in good order', knows=[], holds=['spark (w_x04020) ×2']
Mote Tarn: goal='Share a memory of the street', knows=[], holds=['spark (w_x04021) ×3']
Sef Hawser: goal='Enjoy a little peace in your neighbourhood', knows=[], holds=['spark (w_x04022) ×5']
Dob of the Tenters: goal='Find somewhere to dry your blanket', knows=[], holds=['spark (w_x04023) ×5']
Hamel Vell: goal='Share a memory of the street', knows=[], holds=['spark (w_x04024) ×6']
Mote Dorn: goal='Share a memory of the street', knows=[], holds=['spark (w_x04025) ×5']
Petronel Skell: goal='Find out how your neighbour is keeping', knows=[], holds=['spark (w_x04026) ×6']
Jos of the Tenters: goal='Enjoy a little peace in your neighbourhood', knows=[], holds=['spark (w_x04027) ×4']
Colm Hawser: goal='Find something to put on your feet', knows=[], holds=['spark (w_x04028) ×7']
Rohese Copp: goal='Enjoy a little peace in your neighbourhood', knows=[], holds=['spark (w_x04029) ×4']
Renn Crake: goal='Find somewhere you will be left alone', knows=[], holds=['spark (w_x04030) ×5']
Cobb Copp: goal='Find out how your neighbour is keeping', knows=[], holds=['spark (w_x04031) ×7']
Ede Fitch: goal='Enjoy a little peace in your neighbourhood', knows=[], holds=['spark (w_x04032) ×7']
Osanne Copp: goal='Hear news from your kin', knows=[], holds=['spark (w_x04033) ×5']
Ewart Salter: goal='Enjoy a little peace in your neighbourhood', knows=[], holds=['spark (w_x04034) ×2']
Bertran Shortmeasure: goal='Enjoy a little peace in your neighbourhood', knows=[], holds=['spark (w_x04035) ×7']
Mote Coldhands: goal='Find somewhere to dry your blanket', knows=[], holds=['spark (w_x04036) ×7']
Grigor Hobbe: goal='Keep your clothes dry', knows=[], holds=['spark (w_x04037) ×2']
Rohese Coldhands: goal='Find out how your neighbour is keeping', knows=[], holds=['spark (w_x04038) ×5']
Dunstan Quern: goal='Hear news from your kin', knows=[], holds=['spark (w_x04039) ×6']
Idonea Wetalms: goal='Keep your clothes dry', knows=[], holds=['spark (w_x04040) ×2']
Rohese the Lesser: goal='Find out how your neighbour is keeping', knows=[], holds=['spark (w_x04041) ×3']
Gile of Cinder Row: goal='Find out how your neighbour is keeping', knows=[], holds=['spark (w_x04042) ×3']
Havise Quern: goal='Hear news from your kin', knows=[], holds=['spark (w_x04043) ×7']
Jos Stott: goal='Enjoy a little peace in your neighbourhood', knows=[], holds=['spark (w_x04044) ×7']
Averil Vell: goal='Find a quiet frontage where you are welcome', knows=[], holds=['spark (w_x04045) ×3']
Bertran Rasp: goal='Enjoy a little peace in your neighbourhood', knows=[], holds=['spark (w_x04046) ×4']
Havise Shortmeasure: goal='Share a memory of the street', knows=[], holds=['spark (w_x04047) ×4']
Mote Quern: goal='Keep your clothes dry', knows=[], holds=['spark (w_x04048) ×6']
Lise Skell: goal='Find something to put on your feet', knows=[], holds=['spark (w_x04049) ×7']
Clemence of Cinder Row: goal='Hear news from your kin', knows=[], holds=['spark (w_x04050) ×7']
Sef Quern: goal='Hear news from your kin', knows=[], holds=['spark (w_x04051) ×2']
Jonet Scaffold: goal='Enjoy a little peace in your neighbourhood', knows=[], holds=['spark (w_x04052) ×3']
Ansel Copp: goal='Keep the household blankets in good order', knows=[], holds=['spark (w_x04053) ×5']
Ede Threefinger: goal='Keep your clothes dry', knows=[], holds=['spark (w_x04054) ×3']
Jos Brant: goal='Find somewhere you will be left alone', knows=[], holds=['spark (w_x04055) ×3']
Rohese Fitch: goal='Hear news from your kin', knows=[], holds=['spark (w_x04056) ×3']
Sef Upstream: goal='Share a memory of the street', knows=[], holds=['spark (w_x04057) ×5']
Noll of the Slip: goal='Keep the household blankets in good order', knows=[], holds=['spark (w_x04058) ×7']
Bertran the Long: goal='Keep your clothes dry', knows=[], holds=['spark (w_x04059) ×6']
Ewart Fitch: goal='Find out how your neighbour is keeping', knows=[], holds=['spark (w_x04060) ×7']
Dob Coldhands: goal='Enjoy a little peace in your neighbourhood', knows=[], holds=['spark (w_x04061) ×3']
Mote Upstream: goal='Find somewhere you will be left alone', knows=[], holds=['spark (w_x04062) ×3']
Tobin of the Slip: goal='Keep the household blankets in good order', knows=[], holds=['spark (w_x04063) ×7']
Clemence Latchkey: goal='Find out how your neighbour is keeping', knows=[], holds=['spark (w_x04064) ×4']
Dunstan Quern: goal='Hear news from your kin', knows=[], holds=['spark (w_x04065) ×4']
Hamel Coldhands: goal='Find a salve for your hands', knows=[], holds=['spark (w_x04066) ×6']
Gile Tarn: goal='Find out how your neighbour is keeping', knows=[], holds=['spark (w_x04067) ×5']
Corin Alder: goal='Find out how your neighbour is keeping', knows=[], holds=['spark (w_x04068) ×4']
Jos Brant: goal="Get taken on for a day's work", knows=[], holds=['spark (w_x04069) ×3']
Jonet the Long: goal='Enjoy a little peace in your neighbourhood', knows=[], holds=['spark (w_x04070) ×4']
Aubin of the Shambles: goal='Keep your clothes dry', knows=[], holds=['spark (w_x04071) ×2']
Hamel Rasp: goal='Find out how your neighbour is keeping', knows=[], holds=['spark (w_x04072) ×2']
Aldith Tarn: goal='Keep the household blankets in good order', knows=[], holds=['spark (w_x04073) ×7']
Nan of the Bellstand: goal='Keep your clothes dry', knows=[], holds=['spark (w_x04074) ×7']
Osanne of the Needle: goal='Keep the household blankets in good order', knows=[], holds=['spark (w_x04075) ×5']
Mote the Long: goal='Keep your clothes dry', knows=[], holds=['spark (w_x04076) ×6']
Colm Dorn: goal='Find a salve for your hands', knows=[], holds=['spark (w_x04077) ×3']
Osanne of the Slip: goal='Replace your lost alms bowl', knows=[], holds=['spark (w_x04078) ×6']
Colm Hobbe: goal='Keep your clothes dry', knows=[], holds=['spark (w_x04079) ×5']
Nan Crake: goal='Keep your clothes dry', knows=[], holds=['spark (w_x04080) ×4']
Grigor Pike: goal='Share a memory of the street', knows=[], holds=['spark (w_x04081) ×4']
Lise the Long: goal='Hear news from your kin', knows=[], holds=['spark (w_x04082) ×3']
Hamel Salter: goal='Enjoy a little peace in your neighbourhood', knows=[], holds=['spark (w_x04083) ×6']
Gile Copp: goal='Find out how your neighbour is keeping', knows=[], holds=['spark (w_x04084) ×3']
Cobb Vell: goal='Share a memory of the street', knows=[], holds=['spark (w_x04085) ×7']
Sef of Cinder Row: goal='Find out how your neighbour is keeping', knows=[], holds=['spark (w_x04086) ×2']
Tib of Ostrelle: goal='Keep the household blankets in good order', knows=[], holds=['spark (w_x04087) ×6']
Nan of the Gutter Steps: goal='Enjoy a little peace in your neighbourhood', knows=[], holds=['spark (w_x04088) ×4']
Sibbe Skell: goal='Keep the household blankets in good order', knows=[], holds=['spark (w_x04089) ×5']
Jonet Stott: goal='Keep the household blankets in good order', knows=[], holds=['spark (w_x04090) ×5']
Segwin Scaffold: goal='Keep the household blankets in good order', knows=[], holds=['spark (w_x04091) ×4']
Renn Skell: goal='Share a memory of the street', knows=[], holds=['spark (w_x04092) ×7']
Dob Dorn: goal='Keep the household blankets in good order', knows=[], holds=['spark (w_x04093) ×7']
Jos Skell: goal='Share a memory of the street', knows=[], holds=['spark (w_x04094) ×3']
Ansel of the Low Bridge: goal='Enjoy a little peace in your neighbourhood', knows=[], holds=['spark (w_x04095) ×4']
Ib Scaffold: goal='Share a memory of the street', knows=[], holds=['spark (w_x04096) ×6']
Lise Crake: goal='Hear news from your kin', knows=[], holds=['spark (w_x04097) ×4']
Colm of the Gutter Steps: goal='Hear news from your kin', knows=[], holds=['spark (w_x04098) ×3']
Nan of the Shambles: goal='Hear news from your kin', knows=[], holds=['spark (w_x04099) ×2']
Corin Wetalms: goal='Find out how your neighbour is keeping', knows=[], holds=['spark (w_x04100) ×2']
Corin Upstream: goal='Find somewhere you will be left alone', knows=[], holds=['spark (w_x04101) ×4']
Renn Sparr: goal='Keep the household blankets in good order', knows=[], holds=['spark (w_x04102) ×6']
Osanne Nineteen: goal='Hear news from your kin', knows=[], holds=['spark (w_x04103) ×4']
Bertran Fitch: goal='Keep your clothes dry', knows=[], holds=['spark (w_x04104) ×2']
Averil Ferrant: goal='Share a memory of the street', knows=[], holds=['spark (w_x04105) ×2']
Hamel Ferrant: goal='Find a salve for your hands', knows=[], holds=['spark (w_x04106) ×6']
Segwin of Ostrelle: goal='Find out how your neighbour is keeping', knows=[], holds=['spark (w_x04107) ×4']
Dob the Lesser: goal='Hear news from your kin', knows=[], holds=['spark (w_x04108) ×3']
Sibbe Pike: goal='Hear news from your kin', knows=[], holds=['spark (w_x04109) ×7']
Betriss of the Low Bridge: goal='Find out how your neighbour is keeping', knows=[], holds=['spark (w_x04110) ×6']
Idonea of the Gutter Steps: goal='Find out how your neighbour is keeping', knows=[], holds=['spark (w_x04111) ×7']
Ede Quern: goal='Keep your clothes dry', knows=[], holds=['spark (w_x04112) ×6']
Idonea of the Tenters: goal='Find out how your neighbour is keeping', knows=[], holds=['spark (w_x04113) ×7']
Rohese Shortmeasure: goal='Find somewhere to dry your blanket', knows=[], holds=['spark (w_x04114) ×2']
Mote Pike: goal='Keep the household blankets in good order', knows=[], holds=['spark (w_x04115) ×4']
Jos Sparr: goal='Find out how your neighbour is keeping', knows=[], holds=['spark (w_x04116) ×6']
Jonet Sparr: goal='Get the penny you were promised for the horse', knows=[], holds=['spark (w_x04117) ×2']
Petronel Rasp: goal='Share a memory of the street', knows=[], holds=['spark (w_x04118) ×5']
Aubin the Lesser: goal='Enjoy a little peace in your neighbourhood', knows=[], holds=['spark (w_x04119) ×6']
Averil of the Tenters: goal='Share a memory of the street', knows=[], holds=['spark (w_x04120) ×7']
Dob Nineteen: goal='Keep your clothes dry', knows=[], holds=['spark (w_x04121) ×3']
Tib Rasp: goal='Hear news from your kin', knows=[], holds=['spark (w_x04122) ×2']
Noll of the Tenters: goal='Replace your lost alms bowl', knows=[], holds=['spark (w_x04123) ×2']
Osanne of Cinder Row: goal='Keep your clothes dry', knows=[], holds=['spark (w_x04124) ×6']
Grigor Hawser: goal='Find out how your neighbour is keeping', knows=[], holds=['spark (w_x04125) ×2']
Sef Fitch: goal='Find somewhere you will be left alone', knows=[], holds=['spark (w_x04126) ×7']
Sibbe Upstream: goal='Beg or find a meal today', knows=[], holds=['spark (w_x04127) ×7']
Dob Hawser: goal='Find out how your neighbour is keeping', knows=[], holds=['spark (w_x04128) ×2']
Averil Pike: goal='Enjoy a little peace in your neighbourhood', knows=[], holds=['spark (w_x04129) ×6']
Pin of the Slip: goal='Enjoy a little peace in your neighbourhood', knows=[], holds=['spark (w_x04130) ×4']
Nan Pike: goal='Keep the household blankets in good order', knows=[], holds=['spark (w_x04131) ×2']
Aldith Alder: goal='Find somewhere to dry your blanket', knows=[], holds=['spark (w_x04132) ×2']
Pin Shortmeasure: goal='Keep your clothes dry', knows=[], holds=['spark (w_x04133) ×6']
Hamel Copp: goal='Find out how your neighbour is keeping', knows=[], holds=['spark (w_x04134) ×6']
Ewart Brant: goal='Find somewhere to dry your blanket', knows=[], holds=['spark (w_x04135) ×4']
Clemence Scaffold: goal='Share a memory of the street', knows=[], holds=['spark (w_x04136) ×4']
Betriss of the Slip: goal='Keep your clothes dry', knows=[], holds=['spark (w_x04137) ×7']
Osanne Alder: goal="Get taken on for a day's work", knows=[], holds=['spark (w_x04138) ×6']
Dunstan the Long: goal='Share a memory of the street', knows=[], holds=['spark (w_x04139) ×6']
Clemence Scaffold: goal='Keep your clothes dry', knows=[], holds=['spark (w_x04140) ×2']
Sef of the Tenters: goal='Keep the household blankets in good order', knows=[], holds=['spark (w_x04141) ×7']
Jos of the Bellstand: goal='Keep your clothes dry', knows=[], holds=['spark (w_x04142) ×6']
Sef Nineteen: goal='Keep your clothes dry', knows=[], holds=['spark (w_x04143) ×5']
Noll Fitch: goal='Hear news from your kin', knows=[], holds=['spark (w_x04144) ×6']
Renn Quern: goal='Enjoy a little peace in your neighbourhood', knows=[], holds=['spark (w_x04145) ×6']
Corin Copp: goal='Keep the household blankets in good order', knows=[], holds=['spark (w_x04146) ×6']
Idonea Salter: goal='Share a memory of the street', knows=[], holds=['spark (w_x04147) ×5']
Corin Shortmeasure: goal='Replace your lost alms bowl', knows=[], holds=['spark (w_x04148) ×7']
Grigor Stott: goal='Enjoy a little peace in your neighbourhood', knows=[], holds=['spark (w_x04149) ×7']
Mote Upstream: goal='Keep the household blankets in good order', knows=[], holds=['spark (w_x04150) ×6']
Ede Latchkey: goal='Find out how your neighbour is keeping', knows=[], holds=['spark (w_x04151) ×4']
Rohese Nineteen: goal='Find something to put on your feet', knows=[], holds=['spark (w_x04152) ×2']
Gile Ferrant: goal='Find somewhere to dry your blanket', knows=[], holds=['spark (w_x04153) ×2']
Clemence of the Needle: goal='Enjoy a little peace in your neighbourhood', knows=[], holds=['spark (w_x04154) ×5']
Corin Tarn: goal='Get your sleeping corner back', knows=[], holds=['spark (w_x04155) ×6']
Jos of the Tenters: goal='Keep your clothes dry', knows=[], holds=['spark (w_x04156) ×5']
Aldith Stott: goal='Find something to put on your feet', knows=[], holds=['spark (w_x04157) ×3']
Cobb Pike: goal='Hear news from your kin', knows=[], holds=['spark (w_x04158) ×2']
Hamel Roper: goal='Find out how your neighbour is keeping', knows=[], holds=['spark (w_x04159) ×3']
Rohese Crake: goal='Hear news from your kin', knows=[], holds=['spark (w_x04160) ×5']
Noll Ferrant: goal='Find out how your neighbour is keeping', knows=[], holds=['spark (w_x04161) ×6']
Jonet Threefinger: goal='Hear news from your kin', knows=[], holds=['spark (w_x04162) ×6']
Jonet Skell: goal='Find somewhere you will be left alone', knows=[], holds=['spark (w_x04163) ×4']
Jos Crake: goal='Keep the household blankets in good order', knows=[], holds=['spark (w_x04164) ×6']
Averil Salter: goal='Replace your lost alms bowl', knows=[], holds=['spark (w_x04165) ×2']
Sibbe Copp: goal='Replace your lost alms bowl', knows=[], holds=['spark (w_x04166) ×4']
Osanne of the Low Bridge: goal='Share a memory of the street', knows=[], holds=['spark (w_x04167) ×7']
Lise Copp: goal='Keep your clothes dry', knows=[], holds=['spark (w_x04168) ×7']
Mote the Long: goal='Hear news from your kin', knows=[], holds=['spark (w_x04169) ×6']
Aldith Marle: goal='Enjoy a little peace in your neighbourhood', knows=[], holds=['spark (w_x04170) ×3']
Nan Nineteen: goal='Enjoy a little peace in your neighbourhood', knows=[], holds=['spark (w_x04171) ×7']
Bertran Shortmeasure: goal='Find out how your neighbour is keeping', knows=[], holds=['spark (w_x04172) ×7']
Osanne Dorn: goal='Share a memory of the street', knows=[], holds=['spark (w_x04173) ×7']
Dob of the Shambles: goal='Keep the household blankets in good order', knows=[], holds=['spark (w_x04174) ×7']
Bertran Ferrant: goal='Share a memory of the street', knows=[], holds=['spark (w_x04175) ×3']
Idonea Ashe: goal='Keep your clothes dry', knows=[], holds=['spark (w_x04176) ×7']
Hamel Sparr: goal='Share a memory of the street', knows=[], holds=['spark (w_x04177) ×4']
Segwin Wetalms: goal='Keep the household blankets in good order', knows=[], holds=['spark (w_x04178) ×7']
Noll Threefinger: goal='Keep the household blankets in good order', knows=[], holds=['spark (w_x04179) ×5']
Jos of the Tenters: goal='Share a memory of the street', knows=[], holds=['spark (w_x04180) ×5']
Pin Salter: goal="Get taken on for a day's work", knows=[], holds=['spark (w_x04181) ×4']
Sef Coldhands: goal='Enjoy a little peace in your neighbourhood', knows=[], holds=['spark (w_x04182) ×7']
Tobin of the Gutter Steps: goal='Keep the household blankets in good order', knows=[], holds=['spark (w_x04183) ×5']
Segwin Crake: goal='Hear news from your kin', knows=[], holds=['spark (w_x04184) ×7']
Lise of the Slip: goal='Keep your clothes dry', knows=[], holds=['spark (w_x04185) ×2']
Rohese Ashe: goal='Keep your clothes dry', knows=[], holds=['spark (w_x04186) ×3']
Tobin Hobbe: goal='Keep your clothes dry', knows=[], holds=['spark (w_x04187) ×5']
Osanne Fitch: goal='Share a memory of the street', knows=[], holds=['spark (w_x04188) ×5']
Aubin of the Gutter Steps: goal='Keep your clothes dry', knows=[], holds=['spark (w_x04189) ×7']
Rohese Rasp: goal='Get your sleeping corner back', knows=[], holds=['spark (w_x04190) ×6']
Averil of the Bellstand: goal='Keep the household blankets in good order', knows=[], holds=['spark (w_x04191) ×5']
Petronel of the Tenters: goal='Keep your clothes dry', knows=[], holds=['spark (w_x04192) ×4']
Nan of the Shambles: goal='Get the penny you were promised for the horse', knows=[], holds=['spark (w_x04193) ×2']
Sibbe Upstream: goal='Find out how your neighbour is keeping', knows=[], holds=['spark (w_x04194) ×6']
Segwin of the Gutter Steps: goal='Find out how your neighbour is keeping', knows=[], holds=['spark (w_x04195) ×4']
Clemence Crake: goal='Keep the household blankets in good order', knows=[], holds=['spark (w_x04196) ×7']
Sibbe Hobbe: goal='Find out how your neighbour is keeping', knows=[], holds=['spark (w_x04197) ×4']
Osanne of the Needle: goal='Share a memory of the street', knows=[], holds=['spark (w_x04198) ×4']
Jonet of the Shambles: goal='Share a memory of the street', knows=[], holds=['spark (w_x04199) ×7']
Pin Threefinger: goal='Enjoy a little peace in your neighbourhood', knows=[], holds=['spark (w_x04200) ×7']
Idonea Salter: goal='Replace your lost alms bowl', knows=[], holds=['spark (w_x04201) ×4']
Averil Alder: goal='Hear news from your kin', knows=[], holds=['spark (w_x04202) ×3']
Dunstan Nineteen: goal='Find out how your neighbour is keeping', knows=[], holds=['spark (w_x04203) ×4']
Aldith Shortmeasure: goal='Keep the household blankets in good order', knows=[], holds=['spark (w_x04204) ×6']
Ansel Upstream: goal='Keep the household blankets in good order', knows=[], holds=['spark (w_x04205) ×7']
Hamel Salter: goal='Keep the household blankets in good order', knows=[], holds=['spark (w_x04206) ×2']
Jonet of Ostrelle: goal='Find out how your neighbour is keeping', knows=[], holds=['spark (w_x04207) ×3']
Mote Coldhands: goal='Find a salve for your hands', knows=[], holds=['spark (w_x04208) ×7']
Noll of the Bellstand: goal='Keep your clothes dry', knows=[], holds=['spark (w_x04209) ×7']
Corin Crake: goal='Find something to put on your feet', knows=[], holds=['spark (w_x04210) ×2']
Pin the Lesser: goal='Keep the household blankets in good order', knows=[], holds=['spark (w_x04211) ×5']
Hamel Latchkey: goal='Keep the household blankets in good order', knows=[], holds=['spark (w_x04212) ×4']
Lise Dorn: goal='Hear news from your kin', knows=[], holds=['spark (w_x04213) ×6']
Dunstan Copp: goal='Share a memory of the street', knows=[], holds=['spark (w_x04214) ×7']
Corin Crake: goal='Share a memory of the street', knows=[], holds=['spark (w_x04215) ×7']
Jos Quern: goal='Keep the household blankets in good order', knows=[], holds=['spark (w_x04216) ×5']
Tib Brant: goal='Find somewhere to dry your blanket', knows=[], holds=['spark (w_x04217) ×2']
Betriss of the Low Bridge: goal='Share a memory of the street', knows=[], holds=['spark (w_x04218) ×6']
Tobin Skell: goal='Enjoy a little peace in your neighbourhood', knows=[], holds=['spark (w_x04219) ×3']
Nan of the Needle: goal='Find out how your neighbour is keeping', knows=[], holds=['spark (w_x04220) ×2']
Tobin Dorn: goal='Find a quiet frontage where you are welcome', knows=[], holds=['spark (w_x04221) ×4']
Corin Brant: goal='Keep your clothes dry', knows=[], holds=['spark (w_x04222) ×4']
Sef the Lesser: goal='Hear news from your kin', knows=[], holds=['spark (w_x04223) ×4']
Lise Stott: goal='Keep the household blankets in good order', knows=[], holds=['spark (w_x04224) ×4']
Mote Quern: goal='Keep your clothes dry', knows=[], holds=['spark (w_x04225) ×7']
Ib Stott: goal='Find something to put on your feet', knows=[], holds=['spark (w_x04226) ×2']
Colm Copp: goal='Hear news from your kin', knows=[], holds=['spark (w_x04227) ×2']
Averil Fitch: goal='Share a memory of the street', knows=[], holds=['spark (w_x04228) ×5']
Cobb Pike: goal='Keep the household blankets in good order', knows=[], holds=['spark (w_x04229) ×2']
Dunstan Brant: goal='Share a memory of the street', knows=[], holds=['spark (w_x04230) ×5']
Jos Salter: goal='Find a salve for your hands', knows=[], holds=['spark (w_x04231) ×3']
Clemence Coldhands: goal='Get the penny you were promised for the horse', knows=[], holds=['spark (w_x04232) ×4']
Clemence Threefinger: goal="Get taken on for a day's work", knows=[], holds=['spark (w_x04233) ×5']
Sef of the Shambles: goal='Find somewhere you will be left alone', knows=[], holds=['spark (w_x04234) ×3']
Cobb Ferrant: goal='Keep your clothes dry', knows=[], holds=['spark (w_x04235) ×5']
Havise Tarn: goal='Keep your clothes dry', knows=[], holds=['spark (w_x04236) ×7']
Sef Rasp: goal='Hear news from your kin', knows=[], holds=['spark (w_x04237) ×6']
Rohese of the Needle: goal='Find out how your neighbour is keeping', knows=[], holds=['spark (w_x04238) ×7']
Osanne Wetalms: goal='Keep the household blankets in good order', knows=[], holds=['spark (w_x04239) ×6']
Dunstan Stott: goal='Enjoy a little peace in your neighbourhood', knows=[], holds=['spark (w_x04240) ×2']
Dob of the Low Bridge: goal='Find out how your neighbour is keeping', knows=[], holds=['spark (w_x04241) ×3']
Clemence Alder: goal='Share a memory of the street', knows=[], holds=['spark (w_x04242) ×7']
Dunstan Marle: goal='Find out how your neighbour is keeping', knows=[], holds=['spark (w_x04243) ×2']
Ede Tarn: goal='Keep the household blankets in good order', knows=[], holds=['spark (w_x04244) ×5']
Ewart of the Low Bridge: goal='Find something to put on your feet', knows=[], holds=['spark (w_x04245) ×3']
Betriss of Cinder Row: goal='Enjoy a little peace in your neighbourhood', knows=[], holds=['spark (w_x04246) ×5']
Idonea Alder: goal='Keep your clothes dry', knows=[], holds=['spark (w_x04247) ×7']
Mote of the Shambles: goal='Hear news from your kin', knows=[], holds=['spark (w_x04248) ×6']
Ib of the Shambles: goal='Find out how your neighbour is keeping', knows=[], holds=['spark (w_x04249) ×6']
Idonea of the Gutter Steps: goal='Find something to put on your feet', knows=[], holds=['spark (w_x04250) ×2']
Corin Hawser: goal='Keep the household blankets in good order', knows=[], holds=['spark (w_x04251) ×6']
Grigor of Cinder Row: goal='Enjoy a little peace in your neighbourhood', knows=[], holds=['spark (w_x04252) ×5']
Betriss Brant: goal='Find something to put on your feet', knows=[], holds=['spark (w_x04253) ×5']
Gile the Long: goal='Hear news from your kin', knows=[], holds=['spark (w_x04254) ×5']
Cobb Tarn: goal='Enjoy a little peace in your neighbourhood', knows=[], holds=['spark (w_x04255) ×5']
Ede Latchkey: goal='Replace your lost alms bowl', knows=[], holds=['spark (w_x04256) ×5']
Nan Hobbe: goal='Hear news from your kin', knows=[], holds=['spark (w_x04257) ×4']
Osanne Shortmeasure: goal='Find out how your neighbour is keeping', knows=[], holds=['spark (w_x04258) ×6']
Aubin Wetalms: goal='Keep the household blankets in good order', knows=[], holds=['spark (w_x04259) ×6']
Gile Coldhands: goal='Keep your clothes dry', knows=[], holds=['spark (w_x04260) ×5']
Ansel the Lesser: goal='Find out how your neighbour is keeping', knows=[], holds=['spark (w_x04261) ×6']
Aubin Crake: goal='Replace your lost alms bowl', knows=[], holds=['spark (w_x04262) ×4']
Betriss Brant: goal='Get the penny you were promised for the horse', knows=[], holds=['spark (w_x04263) ×7']
Osanne Copp: goal='Replace your lost alms bowl', knows=[], holds=['spark (w_x04264) ×4']
Aldith Salter: goal='Hear news from your kin', knows=[], holds=['spark (w_x04265) ×3']
Betriss Shortmeasure: goal='Hear news from your kin', knows=[], holds=['spark (w_x04266) ×6']
Ewart Crake: goal='Hear news from your kin', knows=[], holds=['spark (w_x04267) ×4']
Hamel of the Low Bridge: goal='Beg or find a meal today', knows=[], holds=['spark (w_x04268) ×5']
Havise Nineteen: goal='Find out how your neighbour is keeping', knows=[], holds=['spark (w_x04269) ×4']
Aubin of the Needle: goal='Find a quiet frontage where you are welcome', knows=[], holds=['spark (w_x04270) ×5']
Jos of the Gutter Steps: goal='Beg or find a meal today', knows=[], holds=['spark (w_x04271) ×4']
Aubin Brant: goal='Find somewhere you will be left alone', knows=[], holds=['spark (w_x04272) ×4']
Sibbe of the Low Bridge: goal='Keep the household blankets in good order', knows=[], holds=['spark (w_x04273) ×5']
Pin Pike: goal='Keep the household blankets in good order', knows=[], holds=['spark (w_x04274) ×3']
Tobin Skell: goal='Share a memory of the street', knows=[], holds=['spark (w_x04275) ×2']
Sibbe Wetalms: goal='Keep the household blankets in good order', knows=[], holds=['spark (w_x04276) ×3']
Petronel Fitch: goal='Find a salve for your hands', knows=[], holds=['spark (w_x04277) ×4']
Ansel Roper: goal='Enjoy a little peace in your neighbourhood', knows=[], holds=['spark (w_x04278) ×4']
Clemence Quern: goal='Hear news from your kin', knows=[], holds=['spark (w_x04279) ×6']
Clemence Hawser: goal='Find a quiet frontage where you are welcome', knows=[], holds=['spark (w_x04280) ×2']
Aubin Latchkey: goal='Enjoy a little peace in your neighbourhood', knows=[], holds=['spark (w_x04281) ×2']
Clemence Threefinger: goal='Find out how your neighbour is keeping', knows=[], holds=['spark (w_x04282) ×3']
Pin Nineteen: goal='Enjoy a little peace in your neighbourhood', knows=[], holds=['spark (w_x04283) ×4']
Rohese Coldhands: goal='Replace your lost alms bowl', knows=[], holds=['spark (w_x04284) ×2']
Sibbe of the Tenters: goal='Find something to put on your feet', knows=[], holds=['spark (w_x04285) ×4']
Hamel Sparr: goal='Find out how your neighbour is keeping', knows=[], holds=['spark (w_x04286) ×2']
Betriss Marle: goal='Find something to put on your feet', knows=[], holds=['spark (w_x04287) ×6']
Idonea Shortmeasure: goal='Keep your clothes dry', knows=[], holds=['spark (w_x04288) ×4']
Corin Salter: goal='Keep your clothes dry', knows=[], holds=['spark (w_x04289) ×5']
Petronel Roper: goal='Keep your clothes dry', knows=[], holds=['spark (w_x04290) ×2']
Jonet Brant: goal='Keep the household blankets in good order', knows=[], holds=['spark (w_x04291) ×4']
Sef Pike: goal='Find out how your neighbour is keeping', knows=[], holds=['spark (w_x04292) ×5']
Osanne Salter: goal='Get your sleeping corner back', knows=[], holds=['spark (w_x04293) ×2']
Petronel of the Tenters: goal='Find out how your neighbour is keeping', knows=[], holds=['spark (w_x04294) ×2']
Corin Threefinger: goal='Keep the household blankets in good order', knows=[], holds=['spark (w_x04295) ×7']
Idonea of the Gutter Steps: goal='Hear news from your kin', knows=[], holds=['spark (w_x04296) ×3']
Ansel Hobbe: goal='Beg or find a meal today', knows=[], holds=['spark (w_x04297) ×3']
Jonet Sparr: goal='Find out how your neighbour is keeping', knows=[], holds=['spark (w_x04298) ×2']
Havise Marle: goal='Find somewhere to dry your blanket', knows=[], holds=['spark (w_x04299) ×6']
Ede Shortmeasure: goal='Enjoy a little peace in your neighbourhood', knows=[], holds=['spark (w_x04300) ×5']
Rohese Latchkey: goal='Hear news from your kin', knows=[], holds=['spark (w_x04301) ×2']
Dunstan Wetalms: goal='Find a salve for your hands', knows=[], holds=['spark (w_x04302) ×5']
Betriss Stott: goal='Enjoy a little peace in your neighbourhood', knows=[], holds=['spark (w_x04303) ×5']
Gile Salter: goal='Find something to put on your feet', knows=[], holds=['spark (w_x04304) ×3']
Hamel Ferrant: goal='Enjoy a little peace in your neighbourhood', knows=[], holds=['spark (w_x04305) ×4']
Sibbe Shortmeasure: goal='Find something to put on your feet', knows=[], holds=['spark (w_x04306) ×2']
Gile Skell: goal='Keep your clothes dry', knows=[], holds=['spark (w_x04307) ×4']
Bertran Wetalms: goal='Share a memory of the street', knows=[], holds=['spark (w_x04308) ×3']
Bertran Shortmeasure: goal='Find out how your neighbour is keeping', knows=[], holds=['spark (w_x04309) ×7']
Ansel Roper: goal='Find out how your neighbour is keeping', knows=[], holds=['spark (w_x04310) ×5']
Aubin Salter: goal='Replace your lost alms bowl', knows=[], holds=['spark (w_x04311) ×6']
Jos Salter: goal='Share a memory of the street', knows=[], holds=['spark (w_x04312) ×7']
Mote Rasp: goal='Share a memory of the street', knows=[], holds=['spark (w_x04313) ×6']
Nan Wetalms: goal='Hear news from your kin', knows=[], holds=['spark (w_x04314) ×7']
Tib Hobbe: goal='Beg or find a meal today', knows=[], holds=['spark (w_x04315) ×5']
Mote Brant: goal='Share a memory of the street', knows=[], holds=['spark (w_x04316) ×6']
Tib of the Low Bridge: goal='Enjoy a little peace in your neighbourhood', knows=[], holds=['spark (w_x04317) ×6']
Sef of the Gutter Steps: goal='Beg or find a meal today', knows=[], holds=['spark (w_x04318) ×4']
Colm of Cinder Row: goal='Share a memory of the street', knows=[], holds=['spark (w_x04319) ×3']
Jos Upstream: goal='Hear news from your kin', knows=[], holds=['spark (w_x04320) ×7']
Colm Crake: goal='Keep your clothes dry', knows=[], holds=['spark (w_x04321) ×4']
Sibbe Latchkey: goal='Beg or find a meal today', knows=[], holds=['spark (w_x04322) ×7']
Ansel Fitch: goal='Find out how your neighbour is keeping', knows=[], holds=['spark (w_x04323) ×2']
Sef Nineteen: goal='Beg or find a meal today', knows=[], holds=['spark (w_x04324) ×6']
Ewart Brant: goal='Find a salve for your hands', knows=[], holds=['spark (w_x04325) ×7']
Ib Nineteen: goal='Find out how your neighbour is keeping', knows=[], holds=['spark (w_x04326) ×2']
Jos Dorn: goal='Get your sleeping corner back', knows=[], holds=['spark (w_x04327) ×5']
Jonet Coldhands: goal='Hear news from your kin', knows=[], holds=['spark (w_x04328) ×3']
Pin Alder: goal="Get taken on for a day's work", knows=[], holds=['spark (w_x04329) ×5']
Tib Vell: goal='Keep your clothes dry', knows=[], holds=['spark (w_x04330) ×6']
Havise of Ostrelle: goal='Find something to put on your feet', knows=[], holds=['spark (w_x04331) ×5']
Ansel Threefinger: goal='Hear news from your kin', knows=[], holds=['spark (w_x04332) ×2']
Grigor Rasp: goal='Hear news from your kin', knows=[], holds=['spark (w_x04333) ×2']
Ansel Dorn: goal='Find a quiet frontage where you are welcome', knows=[], holds=['spark (w_x04334) ×7']
Ib Scaffold: goal='Find a salve for your hands', knows=[], holds=['spark (w_x04335) ×5']
Bertran Salter: goal='Share a memory of the street', knows=[], holds=['spark (w_x04336) ×7']
Aldith Pike: goal='Find something to put on your feet', knows=[], holds=['spark (w_x04337) ×3']
Ansel Nineteen: goal='Enjoy a little peace in your neighbourhood', knows=[], holds=['spark (w_x04338) ×5']
Dob Alder: goal='Share a memory of the street', knows=[], holds=['spark (w_x04339) ×5']
Rohese of the Shambles: goal='Keep your clothes dry', knows=[], holds=['spark (w_x04340) ×3']
Cobb Scaffold: goal='Enjoy a little peace in your neighbourhood', knows=[], holds=['spark (w_x04341) ×2']
Ewart Crake: goal='Keep the household blankets in good order', knows=[], holds=['spark (w_x04342) ×2']
Aubin Quern: goal='Keep your clothes dry', knows=[], holds=['spark (w_x04343) ×6']
Nan Copp: goal='Get your sleeping corner back', knows=[], holds=['spark (w_x04344) ×5']
Aubin of the Gutter Steps: goal='Find out how your neighbour is keeping', knows=[], holds=['spark (w_x04345) ×2']
Averil Latchkey: goal='Enjoy a little peace in your neighbourhood', knows=[], holds=['spark (w_x04346) ×7']
Idonea of the Shambles: goal='Hear news from your kin', knows=[], holds=['spark (w_x04347) ×2']
Cobb of the Low Bridge: goal='Hear news from your kin', knows=[], holds=['spark (w_x04348) ×7']
Tobin Upstream: goal='Enjoy a little peace in your neighbourhood', knows=[], holds=['spark (w_x04349) ×6']
Betriss Quern: goal='Share a memory of the street', knows=[], holds=['spark (w_x04350) ×2']
Clemence of the Gutter Steps: goal='Find out how your neighbour is keeping', knows=[], holds=['spark (w_x04351) ×2']
Betriss Ferrant: goal='Keep your clothes dry', knows=[], holds=['spark (w_x04352) ×3']
Clemence of the Bellstand: goal='Find something to put on your feet', knows=[], holds=['spark (w_x04353) ×5']
Tobin Quern: goal='Replace your lost alms bowl', knows=[], holds=['spark (w_x04354) ×3']
Osanne Upstream: goal="Get taken on for a day's work", knows=[], holds=['spark (w_x04355) ×3']
Tib Hawser: goal='Hear news from your kin', knows=[], holds=['spark (w_x04356) ×4']
Sibbe Brant: goal='Find something to put on your feet', knows=[], holds=['spark (w_x04357) ×6']
Renn Upstream: goal='Hear news from your kin', knows=[], holds=['spark (w_x04358) ×2']
Havise Pike: goal='Keep the household blankets in good order', knows=[], holds=['spark (w_x04359) ×4']
Nan Salter: goal='Hear news from your kin', knows=[], holds=['spark (w_x04360) ×6']
Ansel Nineteen: goal='Keep the household blankets in good order', knows=[], holds=['spark (w_x04361) ×3']
Segwin of the Low Bridge: goal='Find out how your neighbour is keeping', knows=[], holds=['spark (w_x04362) ×7']
Ede Roper: goal='Find somewhere you will be left alone', knows=[], holds=['spark (w_x04363) ×5']
Havise Coldhands: goal='Keep the household blankets in good order', knows=[], holds=['spark (w_x04364) ×3']
Noll Scaffold: goal='Hear news from your kin', knows=[], holds=['spark (w_x04365) ×6']
Rohese Copp: goal='Hear news from your kin', knows=[], holds=['spark (w_x04366) ×6']
Aldith Fitch: goal='Keep the household blankets in good order', knows=[], holds=['spark (w_x04367) ×2']
Segwin Fitch: goal='Get your sleeping corner back', knows=[], holds=['spark (w_x04368) ×7']
Nan Wetalms: goal='Keep your clothes dry', knows=[], holds=['spark (w_x04369) ×7']
Ewart of the Gutter Steps: goal='Keep the household blankets in good order', knows=[], holds=['spark (w_x04370) ×2']
Clemence Sparr: goal='Find somewhere you will be left alone', knows=[], holds=['spark (w_x04371) ×7']
Renn Hobbe: goal='Share a memory of the street', knows=[], holds=['spark (w_x04372) ×3']
Pin Hobbe: goal='Hear news from your kin', knows=[], holds=['spark (w_x04373) ×3']
Havise Dorn: goal='Find something to put on your feet', knows=[], holds=['spark (w_x04374) ×7']
Ansel of the Gutter Steps: goal='Find out how your neighbour is keeping', knows=[], holds=['spark (w_x04375) ×5']
Hamel Sparr: goal='Enjoy a little peace in your neighbourhood', knows=[], holds=['spark (w_x04376) ×6']
Gile Threefinger: goal='Enjoy a little peace in your neighbourhood', knows=[], holds=['spark (w_x04377) ×5']
Renn Quern: goal='Share a memory of the street', knows=[], holds=['spark (w_x04378) ×3']
Dob Sparr: goal='Find a quiet frontage where you are welcome', knows=[], holds=['spark (w_x04379) ×3']
Rohese Coldhands: goal='Find somewhere to dry your blanket', knows=[], holds=['spark (w_x04380) ×6']
Jonet Latchkey: goal='Get your sleeping corner back', knows=[], holds=['spark (w_x04381) ×3']
Clemence Dorn: goal='Share a memory of the street', knows=[], holds=['spark (w_x04382) ×4']
Dob of the Shambles: goal='Keep your clothes dry', knows=[], holds=['spark (w_x04383) ×7']
Ib Fitch: goal='Hear news from your kin', knows=[], holds=['spark (w_x04384) ×4']
Ib Ferrant: goal='Find out how your neighbour is keeping', knows=[], holds=['spark (w_x04385) ×7']
Osanne of Cinder Row: goal='Keep the household blankets in good order', knows=[], holds=['spark (w_x04386) ×3']
Aldith Nineteen: goal='Find out how your neighbour is keeping', knows=[], holds=['spark (w_x04387) ×5']
Nan Tarn: goal='Keep your clothes dry', knows=[], holds=['spark (w_x04388) ×5']
Aubin Scaffold: goal='Hear news from your kin', knows=[], holds=['spark (w_x04389) ×3']
Idonea Brant: goal='Find out how your neighbour is keeping', knows=[], holds=['spark (w_x04390) ×4']
Cobb Ashe: goal='Find out how your neighbour is keeping', knows=[], holds=['spark (w_x04391) ×5']
Mote Threefinger: goal='Find out how your neighbour is keeping', knows=[], holds=['spark (w_x04392) ×5']
Gile Tarn: goal='Keep your clothes dry', knows=[], holds=['spark (w_x04393) ×6']
Corin Brant: goal='Find somewhere you will be left alone', knows=[], holds=['spark (w_x04394) ×5']
Ib Alder: goal="Get taken on for a day's work", knows=[], holds=['spark (w_x04395) ×5']
Lise Crake: goal='Keep the household blankets in good order', knows=[], holds=['spark (w_x04396) ×5']
Ewart Crake: goal='Enjoy a little peace in your neighbourhood', knows=[], holds=['spark (w_x04397) ×2']
Segwin Nineteen: goal='Keep the household blankets in good order', knows=[], holds=['spark (w_x04398) ×5']
Ewart of the Needle: goal='Keep your clothes dry', knows=[], holds=['spark (w_x04399) ×7']
Clemence Pike: goal='Find out how your neighbour is keeping', knows=[], holds=['spark (w_x04400) ×2']
Colm Dorn: goal='Hear news from your kin', knows=[], holds=['spark (w_x04401) ×5']
Ede Ferrant: goal='Find out how your neighbour is keeping', knows=[], holds=['spark (w_x04402) ×2']
Sef Alder: goal='Share a memory of the street', knows=[], holds=['spark (w_x04403) ×5']
Ansel Stott: goal='Enjoy a little peace in your neighbourhood', knows=[], holds=['spark (w_x04404) ×3']
Noll Vell: goal='Keep your clothes dry', knows=[], holds=['spark (w_x04405) ×6']
Sibbe Alder: goal='Beg or find a meal today', knows=[], holds=['spark (w_x04406) ×5']
Ede Salter: goal='Find something to put on your feet', knows=[], holds=['spark (w_x04407) ×2']
Ansel of the Bellstand: goal='Find out how your neighbour is keeping', knows=[], holds=['spark (w_x04408) ×4']
Mote Copp: goal='Share a memory of the street', knows=[], holds=['spark (w_x04409) ×7']
Havise Scaffold: goal='Beg or find a meal today', knows=[], holds=['spark (w_x04410) ×6']
Ib the Lesser: goal='Get your sleeping corner back', knows=[], holds=['spark (w_x04411) ×5']
Rohese Quern: goal='Keep your clothes dry', knows=[], holds=['spark (w_x04412) ×6']
Clemence Coldhands: goal='Share a memory of the street', knows=[], holds=['spark (w_x04413) ×2']
Hamel Scaffold: goal='Keep the household blankets in good order', knows=[], holds=['spark (w_x04414) ×3']
Aldith Threefinger: goal='Find out how your neighbour is keeping', knows=[], holds=['spark (w_x04415) ×3']
Ewart Ferrant: goal='Get the penny you were promised for the horse', knows=[], holds=['spark (w_x04416) ×7']
Noll Alder: goal='Enjoy a little peace in your neighbourhood', knows=[], holds=['spark (w_x04417) ×3']
Nan Stott: goal='Keep the household blankets in good order', knows=[], holds=['spark (w_x04418) ×4']
Bertran of the Needle: goal='Keep the household blankets in good order', knows=[], holds=['spark (w_x04419) ×5']
Ansel Ashe: goal='Find somewhere to dry your blanket', knows=[], holds=['spark (w_x04420) ×3']
Tobin Rasp: goal='Keep your clothes dry', knows=[], holds=['spark (w_x04421) ×2']
Aubin Roper: goal='Enjoy a little peace in your neighbourhood', knows=[], holds=['spark (w_x04422) ×7']
Aubin Ashe: goal='Keep the household blankets in good order', knows=[], holds=['spark (w_x04423) ×2']
Ansel Sparr: goal='Hear news from your kin', knows=[], holds=['spark (w_x04424) ×6']
Rohese Alder: goal='Find something to put on your feet', knows=[], holds=['spark (w_x04425) ×4']
Sibbe Roper: goal='Hear news from your kin', knows=[], holds=['spark (w_x04426) ×6']
Havise Tarn: goal='Find out how your neighbour is keeping', knows=[], holds=['spark (w_x04427) ×7']
Tib Vell: goal='Enjoy a little peace in your neighbourhood', knows=[], holds=['spark (w_x04428) ×6']
Clemence Crake: goal='Share a memory of the street', knows=[], holds=['spark (w_x04429) ×5']
Segwin Sparr: goal='Find somewhere to dry your blanket', knows=[], holds=['spark (w_x04430) ×7']
Lise Salter: goal='Enjoy a little peace in your neighbourhood', knows=[], holds=['spark (w_x04431) ×5']
Petronel Nineteen: goal='Keep the household blankets in good order', knows=[], holds=['spark (w_x04432) ×5']
Ib Shortmeasure: goal='Get your sleeping corner back', knows=[], holds=['spark (w_x04433) ×7']
Petronel Alder: goal="Get taken on for a day's work", knows=[], holds=['spark (w_x04434) ×6']
Cobb Brant: goal='Share a memory of the street', knows=[], holds=['spark (w_x04435) ×4']
Sibbe Stott: goal='Find somewhere to dry your blanket', knows=[], holds=['spark (w_x04436) ×5']
Mote Roper: goal='Enjoy a little peace in your neighbourhood', knows=[], holds=['spark (w_x04437) ×4']
Ansel Hobbe: goal='Enjoy a little peace in your neighbourhood', knows=[], holds=['spark (w_x04438) ×2']
Aldith Dorn: goal='Hear news from your kin', knows=[], holds=['spark (w_x04439) ×5']
Ansel Hawser: goal="Get taken on for a day's work", knows=[], holds=['spark (w_x04440) ×5']
Gile Hobbe: goal='Hear news from your kin', knows=[], holds=['spark (w_x04441) ×3']
Idonea Dorn: goal='Keep the household blankets in good order', knows=[], holds=['spark (w_x04442) ×3']
Ewart Shortmeasure: goal='Enjoy a little peace in your neighbourhood', knows=[], holds=['spark (w_x04443) ×6']
Ewart of the Low Bridge: goal='Share a memory of the street', knows=[], holds=['spark (w_x04444) ×4']
Dunstan Hobbe: goal='Hear news from your kin', knows=[], holds=['spark (w_x04445) ×7']
Lise Salter: goal='Enjoy a little peace in your neighbourhood', knows=[], holds=['spark (w_x04446) ×3']
Clemence Hobbe: goal='Hear news from your kin', knows=[], holds=['spark (w_x04447) ×3']
Sibbe Ashe: goal='Hear news from your kin', knows=[], holds=['spark (w_x04448) ×6']
Aubin the Lesser: goal='Keep your clothes dry', knows=[], holds=['spark (w_x04449) ×3']
Corin Wetalms: goal='Keep your clothes dry', knows=[], holds=['spark (w_x04450) ×7']
Osanne Alder: goal='Keep your clothes dry', knows=[], holds=['spark (w_x04451) ×3']
Betriss Latchkey: goal='Find a salve for your hands', knows=[], holds=['spark (w_x04452) ×3']
Aldith Hawser: goal='Find out how your neighbour is keeping', knows=[], holds=['spark (w_x04453) ×4']
Sef Quern: goal='Find somewhere you will be left alone', knows=[], holds=['spark (w_x04454) ×3']
Tobin Quern: goal='Share a memory of the street', knows=[], holds=['spark (w_x04455) ×5']
Corin Ferrant: goal='Keep the household blankets in good order', knows=[], holds=['spark (w_x04456) ×7']
Petronel Vell: goal='Keep your clothes dry', knows=[], holds=['spark (w_x04457) ×6']
Colm Stott: goal='Beg or find a meal today', knows=[], holds=['spark (w_x04458) ×3']
Tib Shortmeasure: goal='Hear news from your kin', knows=[], holds=['spark (w_x04459) ×3']
Havise Skell: goal='Keep the household blankets in good order', knows=[], holds=['spark (w_x04460) ×7']
Dunstan Fitch: goal='Keep the household blankets in good order', knows=[], holds=['spark (w_x04461) ×7']
Lise of the Bellstand: goal='Keep the household blankets in good order', knows=[], holds=['spark (w_x04462) ×7']
Tobin Latchkey: goal='Enjoy a little peace in your neighbourhood', knows=[], holds=['spark (w_x04463) ×3']
Bertran Stott: goal='Keep the household blankets in good order', knows=[], holds=['spark (w_x04464) ×4']
Betriss Hawser: goal='Get your sleeping corner back', knows=[], holds=['spark (w_x04465) ×4']
Sibbe Brant: goal='Enjoy a little peace in your neighbourhood', knows=[], holds=['spark (w_x04466) ×4']
Aldith Stott: goal='Find out how your neighbour is keeping', knows=[], holds=['spark (w_x04467) ×2']
Idonea Tarn: goal='Replace your lost alms bowl', knows=[], holds=['spark (w_x04468) ×2']
Petronel Shortmeasure: goal='Find somewhere to dry your blanket', knows=[], holds=['spark (w_x04469) ×7']
Aldith Shortmeasure: goal='Enjoy a little peace in your neighbourhood', knows=[], holds=['spark (w_x04470) ×6']
Hamel Skell: goal='Enjoy a little peace in your neighbourhood', knows=[], holds=['spark (w_x04471) ×5']
Averil Stott: goal='Keep your clothes dry', knows=[], holds=['spark (w_x04472) ×6']
Rohese of the Bellstand: goal='Find somewhere you will be left alone', knows=[], holds=['spark (w_x04473) ×3']
Lise Hawser: goal='Keep the household blankets in good order', knows=[], holds=['spark (w_x04474) ×3']
Lise Alder: goal='Keep the household blankets in good order', knows=[], holds=['spark (w_x04475) ×3']
Colm Hawser: goal='Hear news from your kin', knows=[], holds=['spark (w_x04476) ×7']
Averil Ashe: goal='Share a memory of the street', knows=[], holds=['spark (w_x04477) ×2']
Osanne Nineteen: goal='Share a memory of the street', knows=[], holds=['spark (w_x04478) ×6']
Rohese Roper: goal='Hear news from your kin', knows=[], holds=['spark (w_x04479) ×5']
Havise Ashe: goal='Find out how your neighbour is keeping', knows=[], holds=['spark (w_x04480) ×2']
Sibbe of the Low Bridge: goal='Enjoy a little peace in your neighbourhood', knows=[], holds=['spark (w_x04481) ×2']
Ewart of the Slip: goal='Keep the household blankets in good order', knows=[], holds=['spark (w_x04482) ×4']
Mote Pike: goal='Find something to put on your feet', knows=[], holds=['spark (w_x04483) ×6']
Hamel Copp: goal='Hear news from your kin', knows=[], holds=['spark (w_x04484) ×4']
Nan Crake: goal='Keep the household blankets in good order', knows=[], holds=['spark (w_x04485) ×6']
Havise Rasp: goal='Share a memory of the street', knows=[], holds=['spark (w_x04486) ×6']
Dunstan Brant: goal='Get the penny you were promised for the horse', knows=[], holds=['spark (w_x04487) ×6']
Noll the Long: goal='Keep the household blankets in good order', knows=[], holds=['spark (w_x04488) ×4']
Aubin Ferrant: goal='Keep the household blankets in good order', knows=[], holds=['spark (w_x04489) ×6']
Dob Quern: goal='Keep your clothes dry', knows=[], holds=['spark (w_x04490) ×3']
Ede of the Gutter Steps: goal='Keep the household blankets in good order', knows=[], holds=['spark (w_x04491) ×4']
Idonea Coldhands: goal='Find out how your neighbour is keeping', knows=[], holds=['spark (w_x04492) ×5']
Havise Hobbe: goal='Keep the household blankets in good order', knows=[], holds=['spark (w_x04493) ×7']
Mote of the Gutter Steps: goal='Keep your clothes dry', knows=[], holds=['spark (w_x04494) ×6']
Sef Nineteen: goal='Keep the household blankets in good order', knows=[], holds=['spark (w_x04495) ×7']
Cobb Coldhands: goal='Find out how your neighbour is keeping', knows=[], holds=['spark (w_x04496) ×6']
Bertran Hobbe: goal='Enjoy a little peace in your neighbourhood', knows=[], holds=['spark (w_x04497) ×7']
Aldith Marle: goal='Enjoy a little peace in your neighbourhood', knows=[], holds=['spark (w_x04498) ×7']
Aubin Hawser: goal='Get your sleeping corner back', knows=[], holds=['spark (w_x04499) ×6']
Lise Ferrant: goal='Hear news from your kin', knows=[], holds=['spark (w_x04500) ×7']
Sibbe of the Slip: goal='Share a memory of the street', knows=[], holds=['spark (w_x04501) ×6']
Pin Ferrant: goal='Keep your clothes dry', knows=[], holds=['spark (w_x04502) ×3']
Mote of the Tenters: goal='Enjoy a little peace in your neighbourhood', knows=[], holds=['spark (w_x04503) ×3']
Renn Copp: goal='Keep the household blankets in good order', knows=[], holds=['spark (w_x04504) ×6']
Cobb Threefinger: goal='Hear news from your kin', knows=[], holds=['spark (w_x04505) ×4']
Ib Fitch: goal='Find out how your neighbour is keeping', knows=[], holds=['spark (w_x04506) ×7']
Averil Rasp: goal='Find out how your neighbour is keeping', knows=[], holds=['spark (w_x04507) ×5']
Pin of the Needle: goal='Keep your clothes dry', knows=[], holds=['spark (w_x04508) ×5']
Colm Skell: goal='Find somewhere you will be left alone', knows=[], holds=['spark (w_x04509) ×4']
Havise of the Low Bridge: goal="Get taken on for a day's work", knows=[], holds=['spark (w_x04510) ×4']
Pin Hobbe: goal='Find somewhere you will be left alone', knows=[], holds=['spark (w_x04511) ×4']
Averil Fitch: goal='Keep the household blankets in good order', knows=[], holds=['spark (w_x04512) ×7']
Gile of the Slip: goal='Find out how your neighbour is keeping', knows=[], holds=['spark (w_x04513) ×2']
Idonea Sparr: goal='Find somewhere you will be left alone', knows=[], holds=['spark (w_x04514) ×7']
Pin the Long: goal='Find a quiet frontage where you are welcome', knows=[], holds=['spark (w_x04515) ×4']
Renn of the Gutter Steps: goal='Keep your clothes dry', knows=[], holds=['spark (w_x04516) ×6']
Tib Brant: goal='Keep your clothes dry', knows=[], holds=['spark (w_x04517) ×7']
Corin Upstream: goal='Keep your clothes dry', knows=[], holds=['spark (w_x04518) ×3']
Nan Vell: goal='Find out how your neighbour is keeping', knows=[], holds=['spark (w_x04519) ×7']
Tib Shortmeasure: goal='Hear news from your kin', knows=[], holds=['spark (w_x04520) ×7']
Osanne Copp: goal='Share a memory of the street', knows=[], holds=['spark (w_x04521) ×6']
Nan Ferrant: goal='Enjoy a little peace in your neighbourhood', knows=[], holds=['spark (w_x04522) ×7']
Cobb of Cinder Row: goal='Find out how your neighbour is keeping', knows=[], holds=['spark (w_x04523) ×2']
Osanne of the Low Bridge: goal="Get taken on for a day's work", knows=[], holds=['spark (w_x04524) ×6']
Clemence Marle: goal='Find a quiet frontage where you are welcome', knows=[], holds=['spark (w_x04525) ×7']
Tib Fitch: goal='Enjoy a little peace in your neighbourhood', knows=[], holds=['spark (w_x04526) ×5']
Gile Marle: goal='Enjoy a little peace in your neighbourhood', knows=[], holds=['spark (w_x04527) ×6']
Ede the Lesser: goal='Find out how your neighbour is keeping', knows=[], holds=['spark (w_x04528) ×2']
Petronel Threefinger: goal='Hear news from your kin', knows=[], holds=['spark (w_x04529) ×6']
Pin Sparr: goal='Find out how your neighbour is keeping', knows=[], holds=['spark (w_x04530) ×3']
Colm of the Low Bridge: goal='Keep your clothes dry', knows=[], holds=['spark (w_x04531) ×7']
Dunstan Sparr: goal='Find a salve for your hands', knows=[], holds=['spark (w_x04532) ×5']
Ansel of the Tenters: goal='Hear news from your kin', knows=[], holds=['spark (w_x04533) ×2']
Ib Vell: goal='Get your sleeping corner back', knows=[], holds=['spark (w_x04534) ×7']
Ansel Rasp: goal='Find a salve for your hands', knows=[], holds=['spark (w_x04535) ×2']
Gile Wetalms: goal='Keep the household blankets in good order', knows=[], holds=['spark (w_x04536) ×6']
Lise Rasp: goal='Keep your clothes dry', knows=[], holds=['spark (w_x04537) ×5']
Gile of the Gutter Steps: goal='Get the penny you were promised for the horse', knows=[], holds=['spark (w_x04538) ×6']
Havise of the Slip: goal='Find out how your neighbour is keeping', knows=[], holds=['spark (w_x04539) ×6']
Grigor Hawser: goal='Share a memory of the street', knows=[], holds=['spark (w_x04540) ×2']
Renn Upstream: goal='Find out how your neighbour is keeping', knows=[], holds=['spark (w_x04541) ×6']
Nan the Lesser: goal='Enjoy a little peace in your neighbourhood', knows=[], holds=['spark (w_x04542) ×6']
Petronel Pike: goal='Share a memory of the street', knows=[], holds=['spark (w_x04543) ×4']
Gile of the Tenters: goal='Keep the household blankets in good order', knows=[], holds=['spark (w_x04544) ×2']
Rohese Stott: goal='Hear news from your kin', knows=[], holds=['spark (w_x04545) ×7']
Bertran Brant: goal='Hear news from your kin', knows=[], holds=['spark (w_x04546) ×2']
Hamel of the Needle: goal='Share a memory of the street', knows=[], holds=['spark (w_x04547) ×6']
Dob of Ostrelle: goal='Find out how your neighbour is keeping', knows=[], holds=['spark (w_x04548) ×2']
Renn Salter: goal='Share a memory of the street', knows=[], holds=['spark (w_x04549) ×2']
Tobin Marle: goal='Enjoy a little peace in your neighbourhood', knows=[], holds=['spark (w_x04550) ×5']
Idonea Fitch: goal='Keep your clothes dry', knows=[], holds=['spark (w_x04551) ×3']
Lise Fitch: goal='Enjoy a little peace in your neighbourhood', knows=[], holds=['spark (w_x04552) ×5']
Sibbe the Long: goal='Keep the household blankets in good order', knows=[], holds=['spark (w_x04553) ×5']
Petronel of the Tenters: goal='Keep the household blankets in good order', knows=[], holds=['spark (w_x04554) ×3']
Colm the Lesser: goal='Hear news from your kin', knows=[], holds=['spark (w_x04555) ×6']
Lise Dorn: goal='Replace your lost alms bowl', knows=[], holds=['spark (w_x04556) ×4']
Jonet of the Shambles: goal='Find a quiet frontage where you are welcome', knows=[], holds=['spark (w_x04557) ×6']
Pin Skell: goal='Share a memory of the street', knows=[], holds=['spark (w_x04558) ×2']
Hamel Hawser: goal='Get your sleeping corner back', knows=[], holds=['spark (w_x04559) ×6']
Ede Rasp: goal='Replace your lost alms bowl', knows=[], holds=['spark (w_x04560) ×2']
Colm Upstream: goal='Find out how your neighbour is keeping', knows=[], holds=['spark (w_x04561) ×3']
Jonet of the Shambles: goal='Hear news from your kin', knows=[], holds=['spark (w_x04562) ×4']
Segwin Salter: goal='Keep your clothes dry', knows=[], holds=['spark (w_x04563) ×2']
Colm of Ostrelle: goal='Hear news from your kin', knows=[], holds=['spark (w_x04564) ×6']
Lise Dorn: goal='Get your sleeping corner back', knows=[], holds=['spark (w_x04565) ×4']
Renn the Long: goal='Find somewhere to dry your blanket', knows=[], holds=['spark (w_x04566) ×5']
Nan Shortmeasure: goal='Share a memory of the street', knows=[], holds=['spark (w_x04567) ×3']
Lise of the Gutter Steps: goal='Hear news from your kin', knows=[], holds=['spark (w_x04568) ×4']
Dunstan of the Needle: goal='Hear news from your kin', knows=[], holds=['spark (w_x04569) ×7']
Hamel Ashe: goal='Enjoy a little peace in your neighbourhood', knows=[], holds=['spark (w_x04570) ×5']
Colm Scaffold: goal='Beg or find a meal today', knows=[], holds=['spark (w_x04571) ×2']
Clemence Scaffold: goal='Hear news from your kin', knows=[], holds=['spark (w_x04572) ×3']
Idonea the Long: goal='Enjoy a little peace in your neighbourhood', knows=[], holds=['spark (w_x04573) ×5']
Cobb of the Bellstand: goal='Keep your clothes dry', knows=[], holds=['spark (w_x04574) ×7']
Sibbe the Long: goal='Find somewhere you will be left alone', knows=[], holds=['spark (w_x04575) ×7']
Petronel Sparr: goal='Keep your clothes dry', knows=[], holds=['spark (w_x04576) ×5']
Colm Crake: goal='Share a memory of the street', knows=[], holds=['spark (w_x04577) ×5']
Mote Hawser: goal='Keep the household blankets in good order', knows=[], holds=['spark (w_x04578) ×7']
Havise Threefinger: goal='Hear news from your kin', knows=[], holds=['spark (w_x04579) ×2']
Jos Upstream: goal='Find out how your neighbour is keeping', knows=[], holds=['spark (w_x04580) ×3']
Gile Hawser: goal='Get your sleeping corner back', knows=[], holds=['spark (w_x04581) ×2']
Clemence of the Low Bridge: goal='Share a memory of the street', knows=[], holds=['spark (w_x04582) ×2']
Ansel of the Shambles: goal='Share a memory of the street', knows=[], holds=['spark (w_x04583) ×5']
Ede of Cinder Row: goal='Share a memory of the street', knows=[], holds=['spark (w_x04584) ×2']
Lise Crake: goal='Hear news from your kin', knows=[], holds=['spark (w_x04585) ×6']
Lise Quern: goal='Enjoy a little peace in your neighbourhood', knows=[], holds=['spark (w_x04586) ×7']
Gile Quern: goal='Keep the household blankets in good order', knows=[], holds=['spark (w_x04587) ×3']
Clemence Fitch: goal='Get the penny you were promised for the horse', knows=[], holds=['spark (w_x04588) ×4']
Aldith Hawser: goal='Find a quiet frontage where you are welcome', knows=[], holds=['spark (w_x04589) ×3']
Petronel Pike: goal='Get your sleeping corner back', knows=[], holds=['spark (w_x04590) ×2']
Betriss Latchkey: goal='Share a memory of the street', knows=[], holds=['spark (w_x04591) ×6']
Bertran Vell: goal='Enjoy a little peace in your neighbourhood', knows=[], holds=['spark (w_x04592) ×2']
Corin Pike: goal='Get your sleeping corner back', knows=[], holds=['spark (w_x04593) ×4']
Jos Crake: goal='Find out how your neighbour is keeping', knows=[], holds=['spark (w_x04594) ×6']
Cobb of Cinder Row: goal='Share a memory of the street', knows=[], holds=['spark (w_x04595) ×4']
Gile Sparr: goal='Hear news from your kin', knows=[], holds=['spark (w_x04596) ×3']
Idonea Copp: goal='Keep your clothes dry', knows=[], holds=['spark (w_x04597) ×3']
Tib of the Slip: goal='Find out how your neighbour is keeping', knows=[], holds=['spark (w_x04598) ×2']
Ede Coldhands: goal='Find out how your neighbour is keeping', knows=[], holds=['spark (w_x04599) ×6']
Averil Copp: goal='Beg or find a meal today', knows=[], holds=['spark (w_x04600) ×7']
Dob Fitch: goal='Find out how your neighbour is keeping', knows=[], holds=['spark (w_x04601) ×3']
Averil Brant: goal='Find out how your neighbour is keeping', knows=[], holds=['spark (w_x04602) ×6']
Ansel Alder: goal='Find a salve for your hands', knows=[], holds=['spark (w_x04603) ×6']
Pin Wetalms: goal='Find a salve for your hands', knows=[], holds=['spark (w_x04604) ×7']
Ansel Scaffold: goal='Hear news from your kin', knows=[], holds=['spark (w_x04605) ×5']
Clemence Stott: goal='Keep the household blankets in good order', knows=[], holds=['spark (w_x04606) ×7']
Clemence Hawser: goal='Enjoy a little peace in your neighbourhood', knows=[], holds=['spark (w_x04607) ×7']
Colm of the Slip: goal='Keep your clothes dry', knows=[], holds=['spark (w_x04608) ×5']
Ib Crake: goal='Enjoy a little peace in your neighbourhood', knows=[], holds=['spark (w_x04609) ×2']
Ewart Salter: goal='Hear news from your kin', knows=[], holds=['spark (w_x04610) ×3']
Havise Pike: goal='Keep the household blankets in good order', knows=[], holds=['spark (w_x04611) ×6']
Cobb of Cinder Row: goal='Keep the household blankets in good order', knows=[], holds=['spark (w_x04612) ×4']
Rohese Quern: goal='Enjoy a little peace in your neighbourhood', knows=[], holds=['spark (w_x04613) ×3']
Petronel Brant: goal='Get your sleeping corner back', knows=[], holds=['spark (w_x04614) ×6']
Tib Marle: goal='Share a memory of the street', knows=[], holds=['spark (w_x04615) ×4']
Betriss Hobbe: goal='Keep your clothes dry', knows=[], holds=['spark (w_x04616) ×3']
Jonet Skell: goal='Keep your clothes dry', knows=[], holds=['spark (w_x04617) ×5']
Noll Roper: goal="Get taken on for a day's work", knows=[], holds=['spark (w_x04618) ×2']
Osanne Hobbe: goal='Keep your clothes dry', knows=[], holds=['spark (w_x04619) ×6']
Jos Copp: goal='Keep the household blankets in good order', knows=[], holds=['spark (w_x04620) ×2']
Sef Ferrant: goal='Hear news from your kin', knows=[], holds=['spark (w_x04621) ×3']
Hamel of the Shambles: goal='Find out how your neighbour is keeping', knows=[], holds=['spark (w_x04622) ×3']
Idonea Tarn: goal='Hear news from your kin', knows=[], holds=['spark (w_x04623) ×6']
Cobb Copp: goal='Share a memory of the street', knows=[], holds=['spark (w_x04624) ×7']
Aldith Tarn: goal='Enjoy a little peace in your neighbourhood', knows=[], holds=['spark (w_x04625) ×6']
Sibbe Quern: goal='Hear news from your kin', knows=[], holds=['spark (w_x04626) ×2']
Averil Ashe: goal='Find out how your neighbour is keeping', knows=[], holds=['spark (w_x04627) ×2']
Betriss of the Bellstand: goal='Get your sleeping corner back', knows=[], holds=['spark (w_x04628) ×3']
Cobb Coldhands: goal='Keep the household blankets in good order', knows=[], holds=['spark (w_x04629) ×5']
Osanne Nineteen: goal='Keep the household blankets in good order', knows=[], holds=['spark (w_x04630) ×7']
Rohese Upstream: goal='Find somewhere you will be left alone', knows=[], holds=['spark (w_x04631) ×3']
Jos of the Shambles: goal='Hear news from your kin', knows=[], holds=['spark (w_x04632) ×2']
Renn Wetalms: goal='Get your sleeping corner back', knows=[], holds=['spark (w_x04633) ×6']
Aldith Crake: goal='Find somewhere you will be left alone', knows=[], holds=['spark (w_x04634) ×4']
Havise Salter: goal='Keep your clothes dry', knows=[], holds=['spark (w_x04635) ×5']
Jonet Quern: goal='Keep your clothes dry', knows=[], holds=['spark (w_x04636) ×5']
Lise of the Slip: goal='Share a memory of the street', knows=[], holds=['spark (w_x04637) ×5']
Jos Hobbe: goal='Get your sleeping corner back', knows=[], holds=['spark (w_x04638) ×7']
Jos Fitch: goal='Keep the household blankets in good order', knows=[], holds=['spark (w_x04639) ×5']
Idonea Wetalms: goal='Hear news from your kin', knows=[], holds=['spark (w_x04640) ×7']
Dob the Long: goal='Hear news from your kin', knows=[], holds=['spark (w_x04641) ×3']
Grigor of Ostrelle: goal='Keep the household blankets in good order', knows=[], holds=['spark (w_x04642) ×2']
Sef of the Low Bridge: goal='Keep the household blankets in good order', knows=[], holds=['spark (w_x04643) ×6']
Aubin Copp: goal='Share a memory of the street', knows=[], holds=['spark (w_x04644) ×5']
Segwin of Cinder Row: goal='Share a memory of the street', knows=[], holds=['spark (w_x04645) ×3']
Tib Hawser: goal='Enjoy a little peace in your neighbourhood', knows=[], holds=['spark (w_x04646) ×2']
Nan the Lesser: goal='Find something to put on your feet', knows=[], holds=['spark (w_x04647) ×7']
Hamel Crake: goal='Enjoy a little peace in your neighbourhood', knows=[], holds=['spark (w_x04648) ×4']
Colm of the Bellstand: goal='Hear news from your kin', knows=[], holds=['spark (w_x04649) ×2']
Tobin of the Slip: goal='Replace your lost alms bowl', knows=[], holds=['spark (w_x04650) ×3']
Lise Rasp: goal='Find out how your neighbour is keeping', knows=[], holds=['spark (w_x04651) ×3']
Pin Alder: goal='Hear news from your kin', knows=[], holds=['spark (w_x04652) ×6']
Pin Threefinger: goal='Keep the household blankets in good order', knows=[], holds=['spark (w_x04653) ×7']
Osanne of Ostrelle: goal='Share a memory of the street', knows=[], holds=['spark (w_x04654) ×3']
Rohese Latchkey: goal='Enjoy a little peace in your neighbourhood', knows=[], holds=['spark (w_x04655) ×4']
Renn Alder: goal='Replace your lost alms bowl', knows=[], holds=['spark (w_x04656) ×5']
Ewart Stott: goal='Find a quiet frontage where you are welcome', knows=[], holds=['spark (w_x04657) ×7']
Clemence Coldhands: goal='Hear news from your kin', knows=[], holds=['spark (w_x04658) ×5']
Nan Quern: goal='Hear news from your kin', knows=[], holds=['spark (w_x04659) ×5']
Dob Shortmeasure: goal='Find somewhere you will be left alone', knows=[], holds=['spark (w_x04660) ×2']
Betriss Fitch: goal='Find out how your neighbour is keeping', knows=[], holds=['spark (w_x04661) ×7']
Petronel Scaffold: goal='Keep your clothes dry', knows=[], holds=['spark (w_x04662) ×2']
Jos Pike: goal='Find out how your neighbour is keeping', knows=[], holds=['spark (w_x04663) ×6']
Mote of the Low Bridge: goal='Replace your lost alms bowl', knows=[], holds=['spark (w_x04664) ×5']
Lise Dorn: goal='Enjoy a little peace in your neighbourhood', knows=[], holds=['spark (w_x04665) ×2']
Lise Alder: goal='Keep the household blankets in good order', knows=[], holds=['spark (w_x04666) ×7']
Mote Rasp: goal="Get taken on for a day's work", knows=[], holds=['spark (w_x04667) ×7']
Aubin Ferrant: goal='Hear news from your kin', knows=[], holds=['spark (w_x04668) ×2']
Dunstan of the Gutter Steps: goal='Find out how your neighbour is keeping', knows=[], holds=['spark (w_x04669) ×4']
Jonet Copp: goal='Hear news from your kin', knows=[], holds=['spark (w_x04670) ×5']
Sibbe of the Tenters: goal='Share a memory of the street', knows=[], holds=['spark (w_x04671) ×6']
Corin Salter: goal='Keep the household blankets in good order', knows=[], holds=['spark (w_x04672) ×2']
Pin Sparr: goal='Keep your clothes dry', knows=[], holds=['spark (w_x04673) ×3']
Tobin Alder: goal='Get the penny you were promised for the horse', knows=[], holds=['spark (w_x04674) ×3']
Tib of the Gutter Steps: goal='Find a salve for your hands', knows=[], holds=['spark (w_x04675) ×5']
Corin Rasp: goal='Find out how your neighbour is keeping', knows=[], holds=['spark (w_x04676) ×3']
Rohese Scaffold: goal='Find out how your neighbour is keeping', knows=[], holds=['spark (w_x04677) ×6']
Tib Sparr: goal='Hear news from your kin', knows=[], holds=['spark (w_x04678) ×5']
Renn Dorn: goal='Hear news from your kin', knows=[], holds=['spark (w_x04679) ×6']
Jonet Scaffold: goal='Keep the household blankets in good order', knows=[], holds=['spark (w_x04680) ×5']
Bertran Pike: goal='Find out how your neighbour is keeping', knows=[], holds=['spark (w_x04681) ×5']
Idonea of Ostrelle: goal='Keep the household blankets in good order', knows=[], holds=['spark (w_x04682) ×2']
Averil of the Slip: goal='Enjoy a little peace in your neighbourhood', knows=[], holds=['spark (w_x04683) ×5']
Aldith Threefinger: goal='Beg or find a meal today', knows=[], holds=['spark (w_x04684) ×6']
Renn Brant: goal='Find somewhere to dry your blanket', knows=[], holds=['spark (w_x04685) ×3']
Tib Nineteen: goal='Keep the household blankets in good order', knows=[], holds=['spark (w_x04686) ×3']
Averil Sparr: goal='Hear news from your kin', knows=[], holds=['spark (w_x04687) ×6']
Lise Ashe: goal='Beg or find a meal today', knows=[], holds=['spark (w_x04688) ×6']
Jos Stott: goal='Enjoy a little peace in your neighbourhood', knows=[], holds=['spark (w_x04689) ×6']
Grigor of the Gutter Steps: goal='Keep your clothes dry', knows=[], holds=['spark (w_x04690) ×3']
Aldith Wetalms: goal='Find somewhere to dry your blanket', knows=[], holds=['spark (w_x04691) ×5']
Osanne of the Shambles: goal='Enjoy a little peace in your neighbourhood', knows=[], holds=['spark (w_x04692) ×7']
Idonea Alder: goal='Hear news from your kin', knows=[], holds=['spark (w_x04693) ×7']
Betriss Salter: goal='Keep your clothes dry', knows=[], holds=['spark (w_x04694) ×6']
Tib of the Tenters: goal='Get the penny you were promised for the horse', knows=[], holds=['spark (w_x04695) ×5']
Dunstan of the Low Bridge: goal='Enjoy a little peace in your neighbourhood', knows=[], holds=['spark (w_x04696) ×7']
Nan of the Needle: goal='Share a memory of the street', knows=[], holds=['spark (w_x04697) ×7']
Colm Quern: goal='Hear news from your kin', knows=[], holds=['spark (w_x04698) ×6']
Colm Shortmeasure: goal='Enjoy a little peace in your neighbourhood', knows=[], holds=['spark (w_x04699) ×2']
Pin Rasp: goal='Keep your clothes dry', knows=[], holds=['spark (w_x04700) ×4']
Osanne Salter: goal='Keep your clothes dry', knows=[], holds=['spark (w_x04701) ×2']
Aubin Marle: goal='Share a memory of the street', knows=[], holds=['spark (w_x04702) ×7']
Aldith Nineteen: goal='Find somewhere you will be left alone', knows=[], holds=['spark (w_x04703) ×6']
Mote Pike: goal='Find out how your neighbour is keeping', knows=[], holds=['spark (w_x04704) ×6']
Lise of the Low Bridge: goal='Enjoy a little peace in your neighbourhood', knows=[], holds=['spark (w_x04705) ×2']
Segwin Pike: goal='Keep your clothes dry', knows=[], holds=['spark (w_x04706) ×7']
Sef Alder: goal='Keep the household blankets in good order', knows=[], holds=['spark (w_x04707) ×7']
Tobin Ferrant: goal='Enjoy a little peace in your neighbourhood', knows=[], holds=['spark (w_x04708) ×2']
Gile Hawser: goal='Share a memory of the street', knows=[], holds=['spark (w_x04709) ×4']
Hamel Scaffold: goal='Replace your lost alms bowl', knows=[], holds=['spark (w_x04710) ×7']
Dob of the Slip: goal='Find something to put on your feet', knows=[], holds=['spark (w_x04711) ×6']
Havise of Cinder Row: goal='Share a memory of the street', knows=[], holds=['spark (w_x04712) ×5']
Rohese the Lesser: goal='Share a memory of the street', knows=[], holds=['spark (w_x04713) ×4']
Ansel Threefinger: goal='Enjoy a little peace in your neighbourhood', knows=[], holds=['spark (w_x04714) ×3']
Osanne Roper: goal='Get your sleeping corner back', knows=[], holds=['spark (w_x04715) ×2']
Ewart Marle: goal='Find out how your neighbour is keeping', knows=[], holds=['spark (w_x04716) ×6']
Petronel the Long: goal='Keep the household blankets in good order', knows=[], holds=['spark (w_x04717) ×2']
Ib Marle: goal='Keep your clothes dry', knows=[], holds=['spark (w_x04718) ×7']
Havise of the Needle: goal='Find somewhere you will be left alone', knows=[], holds=['spark (w_x04719) ×5']
Sibbe Brant: goal='Keep the household blankets in good order', knows=[], holds=['spark (w_x04720) ×3']
Hamel of the Bellstand: goal='Get your sleeping corner back', knows=[], holds=['spark (w_x04721) ×5']
Tobin of the Low Bridge: goal='Share a memory of the street', knows=[], holds=['spark (w_x04722) ×3']
Hamel Shortmeasure: goal='Find out how your neighbour is keeping', knows=[], holds=['spark (w_x04723) ×2']
Colm Fitch: goal="Get taken on for a day's work", knows=[], holds=['spark (w_x04724) ×5']
Havise Crake: goal='Hear news from your kin', knows=[], holds=['spark (w_x04725) ×6']
Rohese Ferrant: goal="Get taken on for a day's work", knows=[], holds=['spark (w_x04726) ×7']
Nan Hobbe: goal='Hear news from your kin', knows=[], holds=['spark (w_x04727) ×4']
Mote Copp: goal='Keep the household blankets in good order', knows=[], holds=['spark (w_x04728) ×6']
Noll Stott: goal='Keep the household blankets in good order', knows=[], holds=['spark (w_x04729) ×3']
Ewart of the Needle: goal='Find something to put on your feet', knows=[], holds=['spark (w_x04730) ×4']
Noll Scaffold: goal='Keep your clothes dry', knows=[], holds=['spark (w_x04731) ×4']
Clemence Fitch: goal='Find something to put on your feet', knows=[], holds=['spark (w_x04732) ×2']
Bertran of the Low Bridge: goal='Find out how your neighbour is keeping', knows=[], holds=['spark (w_x04733) ×3']
Idonea Alder: goal='Enjoy a little peace in your neighbourhood', knows=[], holds=['spark (w_x04734) ×6']
Jonet Skell: goal='Get the penny you were promised for the horse', knows=[], holds=['spark (w_x04735) ×4']
Nan the Long: goal='Hear news from your kin', knows=[], holds=['spark (w_x04736) ×2']
Osanne Ashe: goal='Hear news from your kin', knows=[], holds=['spark (w_x04737) ×4']
Nan of the Needle: goal='Hear news from your kin', knows=[], holds=['spark (w_x04738) ×6']
Ede Skell: goal='Share a memory of the street', knows=[], holds=['spark (w_x04739) ×6']
Osanne Stott: goal='Share a memory of the street', knows=[], holds=['spark (w_x04740) ×6']
Grigor Scaffold: goal='Share a memory of the street', knows=[], holds=['spark (w_x04741) ×3']
Betriss Hobbe: goal='Find out how your neighbour is keeping', knows=[], holds=['spark (w_x04742) ×2']
Sibbe the Lesser: goal='Keep the household blankets in good order', knows=[], holds=['spark (w_x04743) ×2']
Aubin Stott: goal='Get your sleeping corner back', knows=[], holds=['spark (w_x04744) ×5']
Gile Upstream: goal='Find out how your neighbour is keeping', knows=[], holds=['spark (w_x04745) ×5']
Aubin of Ostrelle: goal='Find a quiet frontage where you are welcome', knows=[], holds=['spark (w_x04746) ×5']
Segwin Tarn: goal='Enjoy a little peace in your neighbourhood', knows=[], holds=['spark (w_x04747) ×5']
Petronel Ashe: goal='Find out how your neighbour is keeping', knows=[], holds=['spark (w_x04748) ×3']
Rohese of the Tenters: goal='Keep your clothes dry', knows=[], holds=['spark (w_x04749) ×7']
Ewart Roper: goal='Keep the household blankets in good order', knows=[], holds=['spark (w_x04750) ×2']
Gile Latchkey: goal='Hear news from your kin', knows=[], holds=['spark (w_x04751) ×6']
Sef Ferrant: goal='Find out how your neighbour is keeping', knows=[], holds=['spark (w_x04752) ×4']
Osanne Skell: goal="Get taken on for a day's work", knows=[], holds=['spark (w_x04753) ×5']
Ib Marle: goal='Find out how your neighbour is keeping', knows=[], holds=['spark (w_x04754) ×7']
Ede Vell: goal='Hear news from your kin', knows=[], holds=['spark (w_x04755) ×3']
Grigor Dorn: goal='Find something to put on your feet', knows=[], holds=['spark (w_x04756) ×7']
Colm the Long: goal='Enjoy a little peace in your neighbourhood', knows=[], holds=['spark (w_x04757) ×5']
Sibbe Nineteen: goal='Find a salve for your hands', knows=[], holds=['spark (w_x04758) ×4']
Nan Marle: goal='Enjoy a little peace in your neighbourhood', knows=[], holds=['spark (w_x04759) ×5']
Bertran Upstream: goal='Find out how your neighbour is keeping', knows=[], holds=['spark (w_x04760) ×5']
Nan the Lesser: goal='Share a memory of the street', knows=[], holds=['spark (w_x04761) ×5']
Corin Marle: goal='Keep your clothes dry', knows=[], holds=['spark (w_x04762) ×5']
Sibbe Upstream: goal='Share a memory of the street', knows=[], holds=['spark (w_x04763) ×3']
Cobb Salter: goal='Find out how your neighbour is keeping', knows=[], holds=['spark (w_x04764) ×3']
Betriss of Cinder Row: goal='Keep your clothes dry', knows=[], holds=['spark (w_x04765) ×3']
Pin of the Bellstand: goal='Keep the household blankets in good order', knows=[], holds=['spark (w_x04766) ×3']
Renn the Lesser: goal='Get the penny you were promised for the horse', knows=[], holds=['spark (w_x04767) ×4']
Ewart of Cinder Row: goal='Keep your clothes dry', knows=[], holds=['spark (w_x04768) ×6']
Mote of the Bellstand: goal='Hear news from your kin', knows=[], holds=['spark (w_x04769) ×2']
Petronel Fitch: goal='Enjoy a little peace in your neighbourhood', knows=[], holds=['spark (w_x04770) ×3']
Averil Hawser: goal='Find out how your neighbour is keeping', knows=[], holds=['spark (w_x04771) ×6']
Grigor of the Needle: goal='Keep your clothes dry', knows=[], holds=['spark (w_x04772) ×5']
Mote Shortmeasure: goal='Keep your clothes dry', knows=[], holds=['spark (w_x04773) ×6']
Tobin Stott: goal='Keep the household blankets in good order', knows=[], holds=['spark (w_x04774) ×2']
Ansel Hobbe: goal='Keep your clothes dry', knows=[], holds=['spark (w_x04775) ×6']
Averil of the Gutter Steps: goal='Find out how your neighbour is keeping', knows=[], holds=['spark (w_x04776) ×4']
Rohese the Long: goal='Enjoy a little peace in your neighbourhood', knows=[], holds=['spark (w_x04777) ×7']
Hamel Dorn: goal='Enjoy a little peace in your neighbourhood', knows=[], holds=['spark (w_x04778) ×4']
Renn Crake: goal='Share a memory of the street', knows=[], holds=['spark (w_x04779) ×3']
Dob Vell: goal='Keep the household blankets in good order', knows=[], holds=['spark (w_x04780) ×4']
Hamel Dorn: goal='Keep your clothes dry', knows=[], holds=['spark (w_x04781) ×7']
Corin of the Low Bridge: goal='Enjoy a little peace in your neighbourhood', knows=[], holds=['spark (w_x04782) ×7']
Sef of Cinder Row: goal='Share a memory of the street', knows=[], holds=['spark (w_x04783) ×2']
Jonet of the Needle: goal='Beg or find a meal today', knows=[], holds=['spark (w_x04784) ×5']
Aldith Copp: goal='Keep the household blankets in good order', knows=[], holds=['spark (w_x04785) ×3']
Osanne Tarn: goal='Share a memory of the street', knows=[], holds=['spark (w_x04786) ×3']
Tib of the Slip: goal='Find out how your neighbour is keeping', knows=[], holds=['spark (w_x04787) ×4']
Idonea Ashe: goal='Share a memory of the street', knows=[], holds=['spark (w_x04788) ×7']
Idonea of the Needle: goal='Keep the household blankets in good order', knows=[], holds=['spark (w_x04789) ×6']
Averil Marle: goal='Share a memory of the street', knows=[], holds=['spark (w_x04790) ×2']
Ansel the Lesser: goal='Keep your clothes dry', knows=[], holds=['spark (w_x04791) ×6']
Tobin Quern: goal='Enjoy a little peace in your neighbourhood', knows=[], holds=['spark (w_x04792) ×3']
Rohese Tarn: goal='Find out how your neighbour is keeping', knows=[], holds=['spark (w_x04793) ×7']
Rohese Stott: goal='Find something to put on your feet', knows=[], holds=['spark (w_x04794) ×3']
Ede Scaffold: goal='Replace your lost alms bowl', knows=[], holds=['spark (w_x04795) ×3']
Jonet of Cinder Row: goal='Find somewhere to dry your blanket', knows=[], holds=['spark (w_x04796) ×2']
Noll Hobbe: goal='Find something to put on your feet', knows=[], holds=['spark (w_x04797) ×3']
Bertran the Long: goal='Find out how your neighbour is keeping', knows=[], holds=['spark (w_x04798) ×7']
Segwin Pike: goal='Hear news from your kin', knows=[], holds=['spark (w_x04799) ×7']
Betriss Pike: goal='Keep your clothes dry', knows=[], holds=['spark (w_x04800) ×2']
Clemence Upstream: goal='Replace your lost alms bowl', knows=[], holds=['spark (w_x04801) ×3']
Petronel Wetalms: goal='Find a quiet frontage where you are welcome', knows=[], holds=['spark (w_x04802) ×7']
Osanne Shortmeasure: goal='Get your sleeping corner back', knows=[], holds=['spark (w_x04803) ×6']
Lise Sparr: goal='Enjoy a little peace in your neighbourhood', knows=[], holds=['spark (w_x04804) ×6']
Lise Threefinger: goal='Keep the household blankets in good order', knows=[], holds=['spark (w_x04805) ×6']
Nan Hobbe: goal='Keep the household blankets in good order', knows=[], holds=['spark (w_x04806) ×4']
Sef of the Slip: goal='Find a quiet frontage where you are welcome', knows=[], holds=['spark (w_x04807) ×5']
Sibbe Salter: goal='Hear news from your kin', knows=[], holds=['spark (w_x04808) ×2']
Betriss Marle: goal='Replace your lost alms bowl', knows=[], holds=['spark (w_x04809) ×4']
Aldith of the Low Bridge: goal='Enjoy a little peace in your neighbourhood', knows=[], holds=['spark (w_x04810) ×6']
Petronel Skell: goal='Share a memory of the street', knows=[], holds=['spark (w_x04811) ×2']
Dob Ferrant: goal='Share a memory of the street', knows=[], holds=['spark (w_x04812) ×3']
Betriss Copp: goal='Find somewhere to dry your blanket', knows=[], holds=['spark (w_x04813) ×3']
Gile the Long: goal='Keep the household blankets in good order', knows=[], holds=['spark (w_x04814) ×5']
Nan the Long: goal='Find out how your neighbour is keeping', knows=[], holds=['spark (w_x04815) ×2']
Idonea Latchkey: goal='Find a quiet frontage where you are welcome', knows=[], holds=['spark (w_x04816) ×7']
Noll Copp: goal='Enjoy a little peace in your neighbourhood', knows=[], holds=['spark (w_x04817) ×6']
Aubin Roper: goal='Find out how your neighbour is keeping', knows=[], holds=['spark (w_x04818) ×6']
Noll Ferrant: goal='Enjoy a little peace in your neighbourhood', knows=[], holds=['spark (w_x04819) ×2']
Tobin Dorn: goal='Enjoy a little peace in your neighbourhood', knows=[], holds=['spark (w_x04820) ×6']
Aubin of Ostrelle: goal='Keep your clothes dry', knows=[], holds=['spark (w_x04821) ×5']
Clemence Brant: goal='Enjoy a little peace in your neighbourhood', knows=[], holds=['spark (w_x04822) ×5']
Averil Sparr: goal='Keep the household blankets in good order', knows=[], holds=['spark (w_x04823) ×3']
Clemence the Lesser: goal='Hear news from your kin', knows=[], holds=['spark (w_x04824) ×5']
Segwin of the Needle: goal='Share a memory of the street', knows=[], holds=['spark (w_x04825) ×5']
Idonea Copp: goal='Find somewhere you will be left alone', knows=[], holds=['spark (w_x04826) ×4']
Rohese Shortmeasure: goal='Enjoy a little peace in your neighbourhood', knows=[], holds=['spark (w_x04827) ×3']
Osanne of the Bellstand: goal='Keep your clothes dry', knows=[], holds=['spark (w_x04828) ×6']
Ede Nineteen: goal='Keep your clothes dry', knows=[], holds=['spark (w_x04829) ×2']
Clemence Hobbe: goal='Share a memory of the street', knows=[], holds=['spark (w_x04830) ×3']
Havise Threefinger: goal='Keep the household blankets in good order', knows=[], holds=['spark (w_x04831) ×3']
Dunstan Crake: goal='Hear news from your kin', knows=[], holds=['spark (w_x04832) ×4']
Segwin Brant: goal='Find out how your neighbour is keeping', knows=[], holds=['spark (w_x04833) ×2']
Ede Coldhands: goal='Hear news from your kin', knows=[], holds=['spark (w_x04834) ×2']
Pin Brant: goal='Find somewhere you will be left alone', knows=[], holds=['spark (w_x04835) ×7']
Pin Vell: goal='Keep your clothes dry', knows=[], holds=['spark (w_x04836) ×2']
Rohese of Ostrelle: goal='Share a memory of the street', knows=[], holds=['spark (w_x04837) ×7']
Noll Scaffold: goal='Keep your clothes dry', knows=[], holds=['spark (w_x04838) ×2']
Aubin of the Gutter Steps: goal='Share a memory of the street', knows=[], holds=['spark (w_x04839) ×3']
Mote Coldhands: goal='Share a memory of the street', knows=[], holds=['spark (w_x04840) ×2']
Corin of Cinder Row: goal='Share a memory of the street', knows=[], holds=['spark (w_x04841) ×3']
Jos Wetalms: goal='Beg or find a meal today', knows=[], holds=['spark (w_x04842) ×7']
Idonea Alder: goal='Keep your clothes dry', knows=[], holds=['spark (w_x04843) ×4']
Clemence Vell: goal='Find something to put on your feet', knows=[], holds=['spark (w_x04844) ×4']
Ansel of Ostrelle: goal='Keep the household blankets in good order', knows=[], holds=['spark (w_x04845) ×3']
Osanne Brant: goal='Find somewhere to dry your blanket', knows=[], holds=['spark (w_x04846) ×6']
Tobin Dorn: goal='Share a memory of the street', knows=[], holds=['spark (w_x04847) ×5']
Dob Marle: goal='Enjoy a little peace in your neighbourhood', knows=[], holds=['spark (w_x04848) ×5']
Noll Hobbe: goal='Hear news from your kin', knows=[], holds=['spark (w_x04849) ×6']
Nan Fitch: goal='Find a quiet frontage where you are welcome', knows=[], holds=['spark (w_x04850) ×5']
Gile Scaffold: goal='Keep your clothes dry', knows=[], holds=['spark (w_x04851) ×4']
Averil of the Gutter Steps: goal='Keep the household blankets in good order', knows=[], holds=['spark (w_x04852) ×6']
Gile of the Shambles: goal='Keep your clothes dry', knows=[], holds=['spark (w_x04853) ×4']
Osanne Roper: goal='Get your sleeping corner back', knows=[], holds=['spark (w_x04854) ×6']
Aldith Brant: goal='Share a memory of the street', knows=[], holds=['spark (w_x04855) ×7']
Renn of the Slip: goal='Keep the household blankets in good order', knows=[], holds=['spark (w_x04856) ×2']
Tib Coldhands: goal='Enjoy a little peace in your neighbourhood', knows=[], holds=['spark (w_x04857) ×2']
Cobb of the Tenters: goal='Share a memory of the street', knows=[], holds=['spark (w_x04858) ×5']
Osanne of the Bellstand: goal='Find out how your neighbour is keeping', knows=[], holds=['spark (w_x04859) ×2']
Tib of Ostrelle: goal='Share a memory of the street', knows=[], holds=['spark (w_x04860) ×2']
Clemence of the Low Bridge: goal='Share a memory of the street', knows=[], holds=['spark (w_x04861) ×5']
Corin of the Tenters: goal='Get the penny you were promised for the horse', knows=[], holds=['spark (w_x04862) ×5']
Ansel Quern: goal='Find out how your neighbour is keeping', knows=[], holds=['spark (w_x04863) ×7']
Aubin Crake: goal='Hear news from your kin', knows=[], holds=['spark (w_x04864) ×5']
Nan Shortmeasure: goal='Enjoy a little peace in your neighbourhood', knows=[], holds=['spark (w_x04865) ×4']
Aubin Hobbe: goal='Keep the household blankets in good order', knows=[], holds=['spark (w_x04866) ×7']
Betriss the Lesser: goal='Find a quiet frontage where you are welcome', knows=[], holds=['spark (w_x04867) ×3']
Tib Fitch: goal='Enjoy a little peace in your neighbourhood', knows=[], holds=['spark (w_x04868) ×5']
Rohese Quern: goal='Share a memory of the street', knows=[], holds=['spark (w_x04869) ×4']
Bertran of Ostrelle: goal='Keep the household blankets in good order', knows=[], holds=['spark (w_x04870) ×3']
Osanne Shortmeasure: goal="Get taken on for a day's work", knows=[], holds=['spark (w_x04871) ×3']
Osanne Coldhands: goal='Keep the household blankets in good order', knows=[], holds=['spark (w_x04872) ×4']
Tib Brant: goal='Share a memory of the street', knows=[], holds=['spark (w_x04873) ×2']
Dob Threefinger: goal='Replace your lost alms bowl', knows=[], holds=['spark (w_x04874) ×7']
Segwin of Cinder Row: goal='Find out how your neighbour is keeping', knows=[], holds=['spark (w_x04875) ×5']
Grigor of the Shambles: goal='Find somewhere to dry your blanket', knows=[], holds=['spark (w_x04876) ×7']
Petronel Crake: goal='Beg or find a meal today', knows=[], holds=['spark (w_x04877) ×4']
Ede Copp: goal='Share a memory of the street', knows=[], holds=['spark (w_x04878) ×5']
Ansel of the Slip: goal='Enjoy a little peace in your neighbourhood', knows=[], holds=['spark (w_x04879) ×5']
Ansel Copp: goal='Hear news from your kin', knows=[], holds=['spark (w_x04880) ×5']
Jos Ashe: goal='Enjoy a little peace in your neighbourhood', knows=[], holds=['spark (w_x04881) ×4']
Jos Pike: goal='Keep the household blankets in good order', knows=[], holds=['spark (w_x04882) ×7']
Tib Marle: goal='Find out how your neighbour is keeping', knows=[], holds=['spark (w_x04883) ×5']
Tib Rasp: goal='Get your sleeping corner back', knows=[], holds=['spark (w_x04884) ×5']
Hamel the Long: goal='Keep your clothes dry', knows=[], holds=['spark (w_x04885) ×4']
Sef Dorn: goal='Share a memory of the street', knows=[], holds=['spark (w_x04886) ×6']
Sibbe Ashe: goal='Hear news from your kin', knows=[], holds=['spark (w_x04887) ×7']
Noll Brant: goal='Share a memory of the street', knows=[], holds=['spark (w_x04888) ×3']
Ede Coldhands: goal='Hear news from your kin', knows=[], holds=['spark (w_x04889) ×5']
Jonet Coldhands: goal='Find out how your neighbour is keeping', knows=[], holds=['spark (w_x04890) ×7']
Tib of the Slip: goal='Keep the household blankets in good order', knows=[], holds=['spark (w_x04891) ×7']
Pin of the Needle: goal='Find somewhere you will be left alone', knows=[], holds=['spark (w_x04892) ×7']
Mote Sparr: goal='Keep your clothes dry', knows=[], holds=['spark (w_x04893) ×4']
Ib of the Gutter Steps: goal='Find out how your neighbour is keeping', knows=[], holds=['spark (w_x04894) ×6']
Gile Crake: goal='Find somewhere you will be left alone', knows=[], holds=['spark (w_x04895) ×6']
Jos Marle: goal='Find a salve for your hands', knows=[], holds=['spark (w_x04896) ×5']
Tobin Alder: goal='Keep your clothes dry', knows=[], holds=['spark (w_x04897) ×2']
Aldith of the Tenters: goal='Share a memory of the street', knows=[], holds=['spark (w_x04898) ×7']
Sibbe of the Needle: goal='Keep the household blankets in good order', knows=[], holds=['spark (w_x04899) ×5']
Ib the Lesser: goal='Enjoy a little peace in your neighbourhood', knows=[], holds=['spark (w_x04900) ×4']
Jos Crake: goal='Find somewhere you will be left alone', knows=[], holds=['spark (w_x04901) ×5']
Jonet Threefinger: goal='Enjoy a little peace in your neighbourhood', knows=[], holds=['spark (w_x04902) ×5']
Averil Threefinger: goal='Keep your clothes dry', knows=[], holds=['spark (w_x04903) ×5']
Nan Hawser: goal='Keep your clothes dry', knows=[], holds=['spark (w_x04904) ×3']
Betriss of the Slip: goal='Find a quiet frontage where you are welcome', knows=[], holds=['spark (w_x04905) ×7']
Cobb Pike: goal='Keep the household blankets in good order', knows=[], holds=['spark (w_x04906) ×4']
Lise of the Slip: goal='Find somewhere to dry your blanket', knows=[], holds=['spark (w_x04907) ×7']
Aldith Ferrant: goal='Share a memory of the street', knows=[], holds=['spark (w_x04908) ×4']
Tobin Tarn: goal='Hear news from your kin', knows=[], holds=['spark (w_x04909) ×4']
Averil Roper: goal='Keep the household blankets in good order', knows=[], holds=['spark (w_x04910) ×2']
Lise Vell: goal='Keep your clothes dry', knows=[], holds=['spark (w_x04911) ×4']
Lise Crake: goal='Replace your lost alms bowl', knows=[], holds=['spark (w_x04912) ×5']
Osanne the Long: goal='Find out how your neighbour is keeping', knows=[], holds=['spark (w_x04913) ×2']
Noll Dorn: goal='Find out how your neighbour is keeping', knows=[], holds=['spark (w_x04914) ×3']
Betriss the Lesser: goal='Hear news from your kin', knows=[], holds=['spark (w_x04915) ×5']
Petronel Upstream: goal='Keep the household blankets in good order', knows=[], holds=['spark (w_x04916) ×3']
Colm Upstream: goal='Share a memory of the street', knows=[], holds=['spark (w_x04917) ×5']
Clemence Salter: goal='Share a memory of the street', knows=[], holds=['spark (w_x04918) ×3']
Nan Hawser: goal='Hear news from your kin', knows=[], holds=['spark (w_x04919) ×7']
Rohese Hawser: goal='Hear news from your kin', knows=[], holds=['spark (w_x04920) ×6']
Mote Alder: goal='Find out how your neighbour is keeping', knows=[], holds=['spark (w_x04921) ×5']
Gile Ashe: goal='Enjoy a little peace in your neighbourhood', knows=[], holds=['spark (w_x04922) ×5']
Tobin Hobbe: goal='Enjoy a little peace in your neighbourhood', knows=[], holds=['spark (w_x04923) ×7']
Colm Skell: goal='Find a salve for your hands', knows=[], holds=['spark (w_x04924) ×4']
Dob Tarn: goal='Find something to put on your feet', knows=[], holds=['spark (w_x04925) ×4']
Osanne Copp: goal='Keep the household blankets in good order', knows=[], holds=['spark (w_x04926) ×5']
Ib Dorn: goal='Find something to put on your feet', knows=[], holds=['spark (w_x04927) ×4']
Renn Fitch: goal='Replace your lost alms bowl', knows=[], holds=['spark (w_x04928) ×6']
Petronel the Lesser: goal='Find out how your neighbour is keeping', knows=[], holds=['spark (w_x04929) ×3']
Idonea Vell: goal='Find a salve for your hands', knows=[], holds=['spark (w_x04930) ×2']
Hamel Salter: goal='Find out how your neighbour is keeping', knows=[], holds=['spark (w_x04931) ×2']
Pin Dorn: goal='Share a memory of the street', knows=[], holds=['spark (w_x04932) ×2']
Nan Alder: goal='Enjoy a little peace in your neighbourhood', knows=[], holds=['spark (w_x04933) ×2']
Dob Scaffold: goal='Keep your clothes dry', knows=[], holds=['spark (w_x04934) ×7']
Ansel Roper: goal='Find out how your neighbour is keeping', knows=[], holds=['spark (w_x04935) ×2']
Havise Fitch: goal='Keep the household blankets in good order', knows=[], holds=['spark (w_x04936) ×6']
Dunstan Upstream: goal='Find somewhere you will be left alone', knows=[], holds=['spark (w_x04937) ×3']
Mote Pike: goal='Hear news from your kin', knows=[], holds=['spark (w_x04938) ×4']
Idonea Vell: goal='Keep your clothes dry', knows=[], holds=['spark (w_x04939) ×5']
Cobb of the Needle: goal='Hear news from your kin', knows=[], holds=['spark (w_x04940) ×7']
Nan Alder: goal='Enjoy a little peace in your neighbourhood', knows=[], holds=['spark (w_x04941) ×7']
Bertran Ashe: goal='Find out how your neighbour is keeping', knows=[], holds=['spark (w_x04942) ×4']
Sef Stott: goal='Share a memory of the street', knows=[], holds=['spark (w_x04943) ×3']
Tib of the Gutter Steps: goal='Keep your clothes dry', knows=[], holds=['spark (w_x04944) ×4']
Osanne Nineteen: goal='Enjoy a little peace in your neighbourhood', knows=[], holds=['spark (w_x04945) ×3']
Dob Coldhands: goal='Keep the household blankets in good order', knows=[], holds=['spark (w_x04946) ×6']
Gile of the Slip: goal='Hear news from your kin', knows=[], holds=['spark (w_x04947) ×5']
Ede Pike: goal='Share a memory of the street', knows=[], holds=['spark (w_x04948) ×5']
Petronel of the Needle: goal='Find a salve for your hands', knows=[], holds=['spark (w_x04949) ×4']
Colm Pike: goal='Find a quiet frontage where you are welcome', knows=[], holds=['spark (w_x04950) ×5']
Gile of the Slip: goal='Keep the household blankets in good order', knows=[], holds=['spark (w_x04951) ×4']
Petronel Crake: goal='Find out how your neighbour is keeping', knows=[], holds=['spark (w_x04952) ×4']
Corin Pike: goal="Get taken on for a day's work", knows=[], holds=['spark (w_x04953) ×6']
Jonet Skell: goal='Find somewhere to dry your blanket', knows=[], holds=['spark (w_x04954) ×4']
Betriss of the Bellstand: goal='Get the penny you were promised for the horse', knows=[], holds=['spark (w_x04955) ×5']
Ewart Shortmeasure: goal='Hear news from your kin', knows=[], holds=['spark (w_x04956) ×4']
Tib of the Bellstand: goal='Enjoy a little peace in your neighbourhood', knows=[], holds=['spark (w_x04957) ×2']
Idonea Scaffold: goal='Enjoy a little peace in your neighbourhood', knows=[], holds=['spark (w_x04958) ×2']
Bertran Ashe: goal='Replace your lost alms bowl', knows=[], holds=['spark (w_x04959) ×5']
Clemence Brant: goal='Find out how your neighbour is keeping', knows=[], holds=['spark (w_x04960) ×6']
Corin of the Low Bridge: goal='Keep the household blankets in good order', knows=[], holds=['spark (w_x04961) ×2']
Dob Ferrant: goal='Find out how your neighbour is keeping', knows=[], holds=['spark (w_x04962) ×7']
Clemence Alder: goal='Enjoy a little peace in your neighbourhood', knows=[], holds=['spark (w_x04963) ×2']
Noll of the Slip: goal='Keep the household blankets in good order', knows=[], holds=['spark (w_x04964) ×3']
Gile Hawser: goal='Keep the household blankets in good order', knows=[], holds=['spark (w_x04965) ×4']
Ib of the Shambles: goal='Keep your clothes dry', knows=[], holds=['spark (w_x04966) ×4']
Clemence Crake: goal='Keep the household blankets in good order', knows=[], holds=['spark (w_x04967) ×5']
Tib Rasp: goal='Keep the household blankets in good order', knows=[], holds=['spark (w_x04968) ×3']
Idonea of the Slip: goal='Find out how your neighbour is keeping', knows=[], holds=['spark (w_x04969) ×2']
Aubin Marle: goal='Hear news from your kin', knows=[], holds=['spark (w_x04970) ×4']
Jonet Quern: goal='Find a quiet frontage where you are welcome', knows=[], holds=['spark (w_x04971) ×6']
Renn Fitch: goal='Find somewhere to dry your blanket', knows=[], holds=['spark (w_x04972) ×6']
Noll Hobbe: goal='Enjoy a little peace in your neighbourhood', knows=[], holds=['spark (w_x04973) ×3']
Renn Nineteen: goal="Get taken on for a day's work", knows=[], holds=['spark (w_x04974) ×7']
Idonea Coldhands: goal='Replace your lost alms bowl', knows=[], holds=['spark (w_x04975) ×7']
Aldith Wetalms: goal='Share a memory of the street', knows=[], holds=['spark (w_x04976) ×6']
Jos Pike: goal='Get the penny you were promised for the horse', knows=[], holds=['spark (w_x04977) ×3']
Aubin Skell: goal='Hear news from your kin', knows=[], holds=['spark (w_x04978) ×3']
Dob Wetalms: goal='Enjoy a little peace in your neighbourhood', knows=[], holds=['spark (w_x04979) ×7']
Rohese Wetalms: goal='Find a quiet frontage where you are welcome', knows=[], holds=['spark (w_x04980) ×7']
Nan Fitch: goal='Keep your clothes dry', knows=[], holds=['spark (w_x04981) ×5']
Betriss Skell: goal='Keep the household blankets in good order', knows=[], holds=['spark (w_x04982) ×5']
Clemence Vell: goal='Share a memory of the street', knows=[], holds=['spark (w_x04983) ×4']
Sibbe Crake: goal='Find something to put on your feet', knows=[], holds=['spark (w_x04984) ×6']
Gile the Lesser: goal='Keep the household blankets in good order', knows=[], holds=['spark (w_x04985) ×2']
Sibbe Coldhands: goal='Enjoy a little peace in your neighbourhood', knows=[], holds=['spark (w_x04986) ×6']
Grigor Copp: goal='Find somewhere you will be left alone', knows=[], holds=['spark (w_x04987) ×2']
Aldith Stott: goal='Find out how your neighbour is keeping', knows=[], holds=['spark (w_x04988) ×5']
Tobin Dorn: goal='Keep your clothes dry', knows=[], holds=['spark (w_x04989) ×2']
Averil Copp: goal='Hear news from your kin', knows=[], holds=['spark (w_x04990) ×3']
Gile Salter: goal='Keep your clothes dry', knows=[], holds=['spark (w_x04991) ×3']
Jonet Hobbe: goal='Keep your clothes dry', knows=[], holds=['spark (w_x04992) ×2']
Corin Tarn: goal='Keep the household blankets in good order', knows=[], holds=['spark (w_x04993) ×7']
Osanne Scaffold: goal='Enjoy a little peace in your neighbourhood', knows=[], holds=['spark (w_x04994) ×2']
Renn of Ostrelle: goal='Share a memory of the street', knows=[], holds=['spark (w_x04995) ×5']
Ib Wetalms: goal='Get your sleeping corner back', knows=[], holds=['spark (w_x04996) ×4']
Ansel of the Low Bridge: goal='Get your sleeping corner back', knows=[], holds=['spark (w_x04997) ×3']
Betriss of the Slip: goal='Get the penny you were promised for the horse', knows=[], holds=['spark (w_x04998) ×5']
Mote of the Needle: goal='Replace your lost alms bowl', knows=[], holds=['spark (w_x04999) ×7']
Clemence Marle: goal='Find out how your neighbour is keeping', knows=[], holds=['spark (w_x05000) ×2']
Petronel Skell: goal='Share a memory of the street', knows=[], holds=['spark (w_x05001) ×5']
Osanne Rasp: goal='Keep your clothes dry', knows=[], holds=['spark (w_x05002) ×7']
Tobin Brant: goal='Keep the household blankets in good order', knows=[], holds=['spark (w_x05003) ×7']
Averil Fitch: goal='Share a memory of the street', knows=[], holds=['spark (w_x05004) ×4']
Osanne of Cinder Row: goal='Keep the household blankets in good order', knows=[], holds=['spark (w_x05005) ×7']
Lise Rasp: goal='Keep your clothes dry', knows=[], holds=['spark (w_x05006) ×6']
Ansel Upstream: goal='Enjoy a little peace in your neighbourhood', knows=[], holds=['spark (w_x05007) ×7']
Osanne Alder: goal='Keep your clothes dry', knows=[], holds=['spark (w_x05008) ×3']
Nan of Cinder Row: goal='Find out how your neighbour is keeping', knows=[], holds=['spark (w_x05009) ×6']
Clemence Quern: goal='Find out how your neighbour is keeping', knows=[], holds=['spark (w_x05010) ×2']
Havise of the Tenters: goal='Keep the household blankets in good order', knows=[], holds=['spark (w_x05011) ×2']
Segwin of the Shambles: goal='Hear news from your kin', knows=[], holds=['spark (w_x05012) ×5']
Renn of Ostrelle: goal='Keep your clothes dry', knows=[], holds=['spark (w_x05013) ×5']
Havise Rasp: goal='Hear news from your kin', knows=[], holds=['spark (w_x05014) ×3']
Colm the Long: goal='Keep your clothes dry', knows=[], holds=['spark (w_x05015) ×4']
Petronel Coldhands: goal='Share a memory of the street', knows=[], holds=['spark (w_x05016) ×5']
Ansel Hobbe: goal='Keep the household blankets in good order', knows=[], holds=['spark (w_x05017) ×2']
Grigor Hobbe: goal='Find somewhere to dry your blanket', knows=[], holds=['spark (w_x05018) ×4']
Hamel Upstream: goal="Get taken on for a day's work", knows=[], holds=['spark (w_x05019) ×6']
Havise Fitch: goal='Keep the household blankets in good order', knows=[], holds=['spark (w_x05020) ×6']
Aubin Skell: goal='Find somewhere you will be left alone', knows=[], holds=['spark (w_x05021) ×7']
Grigor Salter: goal='Hear news from your kin', knows=[], holds=['spark (w_x05022) ×5']
Ib Pike: goal='Beg or find a meal today', knows=[], holds=['spark (w_x05023) ×6']
Nan Rasp: goal='Find out how your neighbour is keeping', knows=[], holds=['spark (w_x05024) ×5']
Rohese Vell: goal='Enjoy a little peace in your neighbourhood', knows=[], holds=['spark (w_x05025) ×7']
Aubin Stott: goal='Get your sleeping corner back', knows=[], holds=['spark (w_x05026) ×2']
Ib Threefinger: goal='Find out how your neighbour is keeping', knows=[], holds=['spark (w_x05027) ×5']
Petronel of the Bellstand: goal='Find out how your neighbour is keeping', knows=[], holds=['spark (w_x05028) ×4']
Ib of the Needle: goal='Keep your clothes dry', knows=[], holds=['spark (w_x05029) ×5']
Dunstan of Ostrelle: goal='Find somewhere you will be left alone', knows=[], holds=['spark (w_x05030) ×3']
Dunstan of the Bellstand: goal='Keep the household blankets in good order', knows=[], holds=['spark (w_x05031) ×7']
Tobin of the Tenters: goal='Keep the household blankets in good order', knows=[], holds=['spark (w_x05032) ×2']
Gile of the Slip: goal='Find out how your neighbour is keeping', knows=[], holds=['spark (w_x05033) ×7']
Tobin Crake: goal='Get your sleeping corner back', knows=[], holds=['spark (w_x05034) ×6']
Aldith Coldhands: goal='Share a memory of the street', knows=[], holds=['spark (w_x05035) ×2']
Corin Wetalms: goal='Find somewhere to dry your blanket', knows=[], holds=['spark (w_x05036) ×2']
Clemence the Lesser: goal='Find a salve for your hands', knows=[], holds=['spark (w_x05037) ×6']
Mote Crake: goal='Find somewhere to dry your blanket', knows=[], holds=['spark (w_x05038) ×7']
Tobin of the Needle: goal='Find out how your neighbour is keeping', knows=[], holds=['spark (w_x05039) ×6']
Ewart of Ostrelle: goal='Find something to put on your feet', knows=[], holds=['spark (w_x05040) ×4']
Jos Vell: goal='Find out how your neighbour is keeping', knows=[], holds=['spark (w_x05041) ×5']
Averil Latchkey: goal='Find out how your neighbour is keeping', knows=[], holds=['spark (w_x05042) ×5']
Averil Rasp: goal='Share a memory of the street', knows=[], holds=['spark (w_x05043) ×5']
Rohese Hobbe: goal='Enjoy a little peace in your neighbourhood', knows=[], holds=['spark (w_x05044) ×6']
Dob of the Bellstand: goal='Enjoy a little peace in your neighbourhood', knows=[], holds=['spark (w_x05045) ×4']
Sef Latchkey: goal='Keep your clothes dry', knows=[], holds=['spark (w_x05046) ×3']
Jonet Sparr: goal='Hear news from your kin', knows=[], holds=['spark (w_x05047) ×6']
Sef Scaffold: goal='Keep your clothes dry', knows=[], holds=['spark (w_x05048) ×3']
Averil Upstream: goal='Enjoy a little peace in your neighbourhood', knows=[], holds=['spark (w_x05049) ×2']
Ib Scaffold: goal='Enjoy a little peace in your neighbourhood', knows=[], holds=['spark (w_x05050) ×4']
Lise of Cinder Row: goal='Find out how your neighbour is keeping', knows=[], holds=['spark (w_x05051) ×2']
Jonet Ferrant: goal='Find out how your neighbour is keeping', knows=[], holds=['spark (w_x05052) ×2']
Averil of the Gutter Steps: goal='Beg or find a meal today', knows=[], holds=['spark (w_x05053) ×7']
Dunstan of the Slip: goal='Hear news from your kin', knows=[], holds=['spark (w_x05054) ×4']
Mote Vell: goal='Enjoy a little peace in your neighbourhood', knows=[], holds=['spark (w_x05055) ×7']
Lise Tarn: goal='Hear news from your kin', knows=[], holds=['spark (w_x05056) ×5']
Jonet of Ostrelle: goal='Hear news from your kin', knows=[], holds=['spark (w_x05057) ×2']
Havise Nineteen: goal='Keep your clothes dry', knows=[], holds=['spark (w_x05058) ×7']
Tobin of the Tenters: goal='Enjoy a little peace in your neighbourhood', knows=[], holds=['spark (w_x05059) ×2']
Idonea of the Needle: goal='Hear news from your kin', knows=[], holds=['spark (w_x05060) ×5']
Tib Hobbe: goal='Share a memory of the street', knows=[], holds=['spark (w_x05061) ×7']
Renn Salter: goal='Share a memory of the street', knows=[], holds=['spark (w_x05062) ×6']
Clemence of the Slip: goal='Hear news from your kin', knows=[], holds=['spark (w_x05063) ×6']
Bertran Brant: goal='Keep the household blankets in good order', knows=[], holds=['spark (w_x05064) ×2']
Lise Hawser: goal='Keep the household blankets in good order', knows=[], holds=['spark (w_x05065) ×5']
Colm of the Low Bridge: goal='Find somewhere to dry your blanket', knows=[], holds=['spark (w_x05066) ×4']
Clemence Crake: goal='Keep the household blankets in good order', knows=[], holds=['spark (w_x05067) ×7']
Cobb of the Slip: goal='Keep your clothes dry', knows=[], holds=['spark (w_x05068) ×5']
Nan Shortmeasure: goal='Beg or find a meal today', knows=[], holds=['spark (w_x05069) ×3']
Averil of Cinder Row: goal='Find out how your neighbour is keeping', knows=[], holds=['spark (w_x05070) ×3']
Clemence Stott: goal='Find out how your neighbour is keeping', knows=[], holds=['spark (w_x05071) ×2']
Ib Ashe: goal='Share a memory of the street', knows=[], holds=['spark (w_x05072) ×7']
Tobin Sparr: goal='Keep the household blankets in good order', knows=[], holds=['spark (w_x05073) ×7']
Gile of the Gutter Steps: goal='Share a memory of the street', knows=[], holds=['spark (w_x05074) ×2']
Corin of the Gutter Steps: goal='Keep your clothes dry', knows=[], holds=['spark (w_x05075) ×7']
Aldith of the Bellstand: goal='Share a memory of the street', knows=[], holds=['spark (w_x05076) ×7']
Pin Nineteen: goal='Hear news from your kin', knows=[], holds=['spark (w_x05077) ×6']
Aldith Quern: goal='Find out how your neighbour is keeping', knows=[], holds=['spark (w_x05078) ×6']
Dob Stott: goal='Keep your clothes dry', knows=[], holds=['spark (w_x05079) ×5']
Averil Skell: goal='Keep the household blankets in good order', knows=[], holds=['spark (w_x05080) ×4']
Sef the Long: goal='Share a memory of the street', knows=[], holds=['spark (w_x05081) ×3']
Lise Crake: goal='Find out how your neighbour is keeping', knows=[], holds=['spark (w_x05082) ×6']
Bertran of the Gutter Steps: goal='Get your sleeping corner back', knows=[], holds=['spark (w_x05083) ×7']
Averil Threefinger: goal='Keep the household blankets in good order', knows=[], holds=['spark (w_x05084) ×4']
Hamel Ferrant: goal='Find somewhere you will be left alone', knows=[], holds=['spark (w_x05085) ×3']
Tib Crake: goal='Find out how your neighbour is keeping', knows=[], holds=['spark (w_x05086) ×2']
Tib the Long: goal='Replace your lost alms bowl', knows=[], holds=['spark (w_x05087) ×4']
Aubin of Cinder Row: goal='Find out how your neighbour is keeping', knows=[], holds=['spark (w_x05088) ×7']
Nan of the Tenters: goal='Keep your clothes dry', knows=[], holds=['spark (w_x05089) ×4']
Ede Quern: goal='Keep the household blankets in good order', knows=[], holds=['spark (w_x05090) ×5']
Sibbe Quern: goal='Hear news from your kin', knows=[], holds=['spark (w_x05091) ×4']
Dunstan Nineteen: goal='Find somewhere to dry your blanket', knows=[], holds=['spark (w_x05092) ×4']
Betriss Ferrant: goal='Find out how your neighbour is keeping', knows=[], holds=['spark (w_x05093) ×4']
Dunstan Roper: goal='Keep the household blankets in good order', knows=[], holds=['spark (w_x05094) ×6']
Colm Upstream: goal='Hear news from your kin', knows=[], holds=['spark (w_x05095) ×7']
Cobb Alder: goal='Beg or find a meal today', knows=[], holds=['spark (w_x05096) ×2']
Averil Pike: goal='Share a memory of the street', knows=[], holds=['spark (w_x05097) ×2']
Sibbe Hawser: goal='Keep the household blankets in good order', knows=[], holds=['spark (w_x05098) ×5']
Hamel of Ostrelle: goal='Find somewhere to dry your blanket', knows=[], holds=['spark (w_x05099) ×7']
Clemence Dorn: goal='Enjoy a little peace in your neighbourhood', knows=[], holds=['spark (w_x05100) ×5']
Ede Stott: goal='Hear news from your kin', knows=[], holds=['spark (w_x05101) ×5']
Sef Coldhands: goal='Find out how your neighbour is keeping', knows=[], holds=['spark (w_x05102) ×6']
Sef Threefinger: goal='Find out how your neighbour is keeping', knows=[], holds=['spark (w_x05103) ×5']
Gile Hobbe: goal='Keep your clothes dry', knows=[], holds=['spark (w_x05104) ×5']
Averil of the Needle: goal='Keep the household blankets in good order', knows=[], holds=['spark (w_x05105) ×6']
Ede Tarn: goal='Hear news from your kin', knows=[], holds=['spark (w_x05106) ×5']
Grigor of the Needle: goal='Find somewhere you will be left alone', knows=[], holds=['spark (w_x05107) ×5']
Lise Stott: goal='Find out how your neighbour is keeping', knows=[], holds=['spark (w_x05108) ×7']
Clemence Ashe: goal='Keep your clothes dry', knows=[], holds=['spark (w_x05109) ×4']
Cobb Sparr: goal='Keep your clothes dry', knows=[], holds=['spark (w_x05110) ×7']
Dunstan Hawser: goal='Find out how your neighbour is keeping', knows=[], holds=['spark (w_x05111) ×5']
Ede Tarn: goal='Keep your clothes dry', knows=[], holds=['spark (w_x05112) ×3']
Ewart Pike: goal="Get taken on for a day's work", knows=[], holds=['spark (w_x05113) ×3']
Havise Crake: goal='Keep the household blankets in good order', knows=[], holds=['spark (w_x05114) ×6']
Nan of the Tenters: goal='Keep the household blankets in good order', knows=[], holds=['spark (w_x05115) ×2']
Clemence of Cinder Row: goal='Find something to put on your feet', knows=[], holds=['spark (w_x05116) ×3']
Ansel Roper: goal='Keep the household blankets in good order', knows=[], holds=['spark (w_x05117) ×4']
Aldith Pike: goal='Find out how your neighbour is keeping', knows=[], holds=['spark (w_x05118) ×2']
Jos of the Needle: goal='Share a memory of the street', knows=[], holds=['spark (w_x05119) ×3']
Petronel Rasp: goal='Find a quiet frontage where you are welcome', knows=[], holds=['spark (w_x05120) ×2']
Sef Marle: goal='Replace your lost alms bowl', knows=[], holds=['spark (w_x05121) ×2']
Averil Ashe: goal='Keep the household blankets in good order', knows=[], holds=['spark (w_x05122) ×5']
Pin the Lesser: goal='Find somewhere to dry your blanket', knows=[], holds=['spark (w_x05123) ×7']
Betriss the Long: goal='Find out how your neighbour is keeping', knows=[], holds=['spark (w_x05124) ×7']
Idonea Brant: goal='Hear news from your kin', knows=[], holds=['spark (w_x05125) ×6']
Ansel Skell: goal='Keep your clothes dry', knows=[], holds=['spark (w_x05126) ×4']
Rohese Sparr: goal='Share a memory of the street', knows=[], holds=['spark (w_x05127) ×7']
Jos of the Tenters: goal='Enjoy a little peace in your neighbourhood', knows=[], holds=['spark (w_x05128) ×2']
Lise Dorn: goal='Keep your clothes dry', knows=[], holds=['spark (w_x05129) ×6']
Sibbe Marle: goal='Replace your lost alms bowl', knows=[], holds=['spark (w_x05130) ×5']
Ewart of Ostrelle: goal='Share a memory of the street', knows=[], holds=['spark (w_x05131) ×7']
Rohese Wetalms: goal='Hear news from your kin', knows=[], holds=['spark (w_x05132) ×5']
Dob Copp: goal='Hear news from your kin', knows=[], holds=['spark (w_x05133) ×6']
Jos of the Bellstand: goal='Keep your clothes dry', knows=[], holds=['spark (w_x05134) ×2']
Ansel Fitch: goal='Replace your lost alms bowl', knows=[], holds=['spark (w_x05135) ×7']
Aldith Ashe: goal='Hear news from your kin', knows=[], holds=['spark (w_x05136) ×6']
Renn of Ostrelle: goal='Find out how your neighbour is keeping', knows=[], holds=['spark (w_x05137) ×4']
Tobin Upstream: goal='Find something to put on your feet', knows=[], holds=['spark (w_x05138) ×5']
Noll Shortmeasure: goal='Keep your clothes dry', knows=[], holds=['spark (w_x05139) ×2']
Lise Ferrant: goal='Find out how your neighbour is keeping', knows=[], holds=['spark (w_x05140) ×7']
Tobin Shortmeasure: goal='Hear news from your kin', knows=[], holds=['spark (w_x05141) ×5']
Ede of Cinder Row: goal='Keep your clothes dry', knows=[], holds=['spark (w_x05142) ×2']
Rohese Ferrant: goal='Keep the household blankets in good order', knows=[], holds=['spark (w_x05143) ×2']
Sibbe of the Shambles: goal='Hear news from your kin', knows=[], holds=['spark (w_x05144) ×3']
Ede of the Slip: goal='Hear news from your kin', knows=[], holds=['spark (w_x05145) ×5']
Dob Rasp: goal='Replace your lost alms bowl', knows=[], holds=['spark (w_x05146) ×5']
Bertran of the Slip: goal='Hear news from your kin', knows=[], holds=['spark (w_x05147) ×5']
Noll Copp: goal='Find somewhere to dry your blanket', knows=[], holds=['spark (w_x05148) ×7']
Tib Latchkey: goal='Find a quiet frontage where you are welcome', knows=[], holds=['spark (w_x05149) ×2']
Clemence Threefinger: goal='Find out how your neighbour is keeping', knows=[], holds=['spark (w_x05150) ×6']
Aldith Pike: goal='Find somewhere you will be left alone', knows=[], holds=['spark (w_x05151) ×5']
Cobb of the Needle: goal='Hear news from your kin', knows=[], holds=['spark (w_x05152) ×6']
Dunstan of the Slip: goal='Keep the household blankets in good order', knows=[], holds=['spark (w_x05153) ×7']
Havise Coldhands: goal='Keep your clothes dry', knows=[], holds=['spark (w_x05154) ×3']
Dob Hobbe: goal='Find out how your neighbour is keeping', knows=[], holds=['spark (w_x05155) ×5']
Ewart of the Needle: goal='Hear news from your kin', knows=[], holds=['spark (w_x05156) ×4']
Havise of the Slip: goal='Hear news from your kin', knows=[], holds=['spark (w_x05157) ×6']
Dunstan of the Low Bridge: goal='Hear news from your kin', knows=[], holds=['spark (w_x05158) ×4']
Segwin of Cinder Row: goal='Hear news from your kin', knows=[], holds=['spark (w_x05159) ×3']
Dob Coldhands: goal='Find out how your neighbour is keeping', knows=[], holds=['spark (w_x05160) ×5']
Betriss the Long: goal='Find out how your neighbour is keeping', knows=[], holds=['spark (w_x05161) ×6']
Ewart Skell: goal="Get taken on for a day's work", knows=[], holds=['spark (w_x05162) ×6']
Lise of the Low Bridge: goal='Share a memory of the street', knows=[], holds=['spark (w_x05163) ×6']
Noll Stott: goal='Keep the household blankets in good order', knows=[], holds=['spark (w_x05164) ×4']
Dunstan Pike: goal='Keep the household blankets in good order', knows=[], holds=['spark (w_x05165) ×4']
Havise Scaffold: goal='Find out how your neighbour is keeping', knows=[], holds=['spark (w_x05166) ×5']
Ib Ferrant: goal='Keep the household blankets in good order', knows=[], holds=['spark (w_x05167) ×5']
Jonet Shortmeasure: goal='Keep the household blankets in good order', knows=[], holds=['spark (w_x05168) ×4']
Tib Skell: goal='Keep the household blankets in good order', knows=[], holds=['spark (w_x05169) ×5']
Rohese Vell: goal='Find out how your neighbour is keeping', knows=[], holds=['spark (w_x05170) ×2']
Renn Threefinger: goal='Keep your clothes dry', knows=[], holds=['spark (w_x05171) ×2']
Jonet Upstream: goal='Keep the household blankets in good order', knows=[], holds=['spark (w_x05172) ×6']
Pin Copp: goal='Find somewhere to dry your blanket', knows=[], holds=['spark (w_x05173) ×3']
Averil of the Gutter Steps: goal='Share a memory of the street', knows=[], holds=['spark (w_x05174) ×3']
Noll of the Slip: goal='Share a memory of the street', knows=[], holds=['spark (w_x05175) ×2']
Aldith of the Shambles: goal='Enjoy a little peace in your neighbourhood', knows=[], holds=['spark (w_x05176) ×5']
Rohese Salter: goal='Keep your clothes dry', knows=[], holds=['spark (w_x05177) ×7']
Petronel Dorn: goal='Keep the household blankets in good order', knows=[], holds=['spark (w_x05178) ×3']
Gile Roper: goal='Share a memory of the street', knows=[], holds=['spark (w_x05179) ×3']
Ewart Marle: goal='Enjoy a little peace in your neighbourhood', knows=[], holds=['spark (w_x05180) ×2']
Havise Salter: goal='Share a memory of the street', knows=[], holds=['spark (w_x05181) ×3']
Cobb Hawser: goal='Keep the household blankets in good order', knows=[], holds=['spark (w_x05182) ×6']
Rohese Pike: goal='Find out how your neighbour is keeping', knows=[], holds=['spark (w_x05183) ×6']
Mote of the Low Bridge: goal='Find out how your neighbour is keeping', knows=[], holds=['spark (w_x05184) ×2']
Petronel Dorn: goal='Get the penny you were promised for the horse', knows=[], holds=['spark (w_x05185) ×5']
Jonet of the Tenters: goal='Share a memory of the street', knows=[], holds=['spark (w_x05186) ×2']
Dob the Lesser: goal='Find something to put on your feet', knows=[], holds=['spark (w_x05187) ×6']
Aubin Roper: goal='Keep your clothes dry', knows=[], holds=['spark (w_x05188) ×3']
Cobb Ashe: goal='Get the penny you were promised for the horse', knows=[], holds=['spark (w_x05189) ×6']
Ewart Roper: goal='Keep the household blankets in good order', knows=[], holds=['spark (w_x05190) ×6']
Gile Ferrant: goal='Keep your clothes dry', knows=[], holds=['spark (w_x05191) ×7']
Mote Tarn: goal='Find somewhere to dry your blanket', knows=[], holds=['spark (w_x05192) ×7']
Renn Dorn: goal='Share a memory of the street', knows=[], holds=['spark (w_x05193) ×4']
Clemence Skell: goal='Find out how your neighbour is keeping', knows=[], holds=['spark (w_x05194) ×7']
Tobin Salter: goal='Hear news from your kin', knows=[], holds=['spark (w_x05195) ×5']
Aubin of the Slip: goal='Hear news from your kin', knows=[], holds=['spark (w_x05196) ×5']
Colm Dorn: goal='Find somewhere to dry your blanket', knows=[], holds=['spark (w_x05197) ×7']
Grigor of the Tenters: goal='Get the penny you were promised for the horse', knows=[], holds=['spark (w_x05198) ×5']
Ib Skell: goal='Keep your clothes dry', knows=[], holds=['spark (w_x05199) ×3']
Betriss of Cinder Row: goal='Hear news from your kin', knows=[], holds=['spark (w_x05200) ×5']
Petronel Marle: goal='Keep your clothes dry', knows=[], holds=['spark (w_x05201) ×2']
Tib Stott: goal='Keep the household blankets in good order', knows=[], holds=['spark (w_x05202) ×6']
Tobin Pike: goal='Hear news from your kin', knows=[], holds=['spark (w_x05203) ×7']
Sef Shortmeasure: goal='Keep your clothes dry', knows=[], holds=['spark (w_x05204) ×7']
Tobin Tarn: goal='Enjoy a little peace in your neighbourhood', knows=[], holds=['spark (w_x05205) ×6']
Aubin of the Gutter Steps: goal='Find somewhere to dry your blanket', knows=[], holds=['spark (w_x05206) ×5']
Ede Pike: goal='Enjoy a little peace in your neighbourhood', knows=[], holds=['spark (w_x05207) ×2']
Nan Threefinger: goal='Find out how your neighbour is keeping', knows=[], holds=['spark (w_x05208) ×6']
Betriss Dorn: goal='Enjoy a little peace in your neighbourhood', knows=[], holds=['spark (w_x05209) ×3']
Ansel Upstream: goal='Keep your clothes dry', knows=[], holds=['spark (w_x05210) ×4']
Noll Ferrant: goal='Enjoy a little peace in your neighbourhood', knows=[], holds=['spark (w_x05211) ×6']
Osanne of the Slip: goal='Share a memory of the street', knows=[], holds=['spark (w_x05212) ×5']
Havise Tarn: goal='Enjoy a little peace in your neighbourhood', knows=[], holds=['spark (w_x05213) ×6']
Ansel Ferrant: goal='Hear news from your kin', knows=[], holds=['spark (w_x05214) ×7']
Osanne of the Slip: goal='Find out how your neighbour is keeping', knows=[], holds=['spark (w_x05215) ×2']
Clemence Tarn: goal='Keep the household blankets in good order', knows=[], holds=['spark (w_x05216) ×2']
Tib Copp: goal='Enjoy a little peace in your neighbourhood', knows=[], holds=['spark (w_x05217) ×6']
Dunstan Alder: goal='Enjoy a little peace in your neighbourhood', knows=[], holds=['spark (w_x05218) ×3']
Cobb of the Bellstand: goal='Find out how your neighbour is keeping', knows=[], holds=['spark (w_x05219) ×5']
Tobin Tarn: goal='Find a quiet frontage where you are welcome', knows=[], holds=['spark (w_x05220) ×3']
Tib Coldhands: goal='Enjoy a little peace in your neighbourhood', knows=[], holds=['spark (w_x05221) ×2']
Cobb Quern: goal='Find somewhere to dry your blanket', knows=[], holds=['spark (w_x05222) ×3']
Rohese Scaffold: goal='Find a salve for your hands', knows=[], holds=['spark (w_x05223) ×6']
Nan Scaffold: goal='Keep the household blankets in good order', knows=[], holds=['spark (w_x05224) ×6']
Ib Ferrant: goal='Find a quiet frontage where you are welcome', knows=[], holds=['spark (w_x05225) ×3']
Betriss Marle: goal='Share a memory of the street', knows=[], holds=['spark (w_x05226) ×3']
Mote Nineteen: goal='Find a quiet frontage where you are welcome', knows=[], holds=['spark (w_x05227) ×4']
Pin Nineteen: goal='Find somewhere to dry your blanket', knows=[], holds=['spark (w_x05228) ×2']
Havise Ferrant: goal='Share a memory of the street', knows=[], holds=['spark (w_x05229) ×5']
Tobin the Long: goal='Find something to put on your feet', knows=[], holds=['spark (w_x05230) ×7']
Jos Stott: goal='Keep your clothes dry', knows=[], holds=['spark (w_x05231) ×3']
Noll Hobbe: goal='Find out how your neighbour is keeping', knows=[], holds=['spark (w_x05232) ×7']
Ib Fitch: goal='Enjoy a little peace in your neighbourhood', knows=[], holds=['spark (w_x05233) ×2']
Segwin Fitch: goal='Enjoy a little peace in your neighbourhood', knows=[], holds=['spark (w_x05234) ×3']
Clemence Salter: goal='Replace your lost alms bowl', knows=[], holds=['spark (w_x05235) ×6']
Havise Pike: goal='Hear news from your kin', knows=[], holds=['spark (w_x05236) ×7']
Gile Brant: goal='Share a memory of the street', knows=[], holds=['spark (w_x05237) ×6']
Pin Fitch: goal='Hear news from your kin', knows=[], holds=['spark (w_x05238) ×5']
Havise Threefinger: goal='Find somewhere you will be left alone', knows=[], holds=['spark (w_x05239) ×5']
Petronel Latchkey: goal='Find out how your neighbour is keeping', knows=[], holds=['spark (w_x05240) ×3']
Ewart of the Bellstand: goal='Find somewhere to dry your blanket', knows=[], holds=['spark (w_x05241) ×4']
Ewart of the Tenters: goal='Keep the household blankets in good order', knows=[], holds=['spark (w_x05242) ×7']
Rohese Vell: goal='Find somewhere to dry your blanket', knows=[], holds=['spark (w_x05243) ×3']
Tib Coldhands: goal='Keep the household blankets in good order', knows=[], holds=['spark (w_x05244) ×5']
Aubin Brant: goal='Find out how your neighbour is keeping', knows=[], holds=['spark (w_x05245) ×2']
Idonea Scaffold: goal='Keep the household blankets in good order', knows=[], holds=['spark (w_x05246) ×2']
Sef of the Slip: goal='Find a salve for your hands', knows=[], holds=['spark (w_x05247) ×4']
Osanne Roper: goal='Share a memory of the street', knows=[], holds=['spark (w_x05248) ×3']
Tobin of the Slip: goal='Find somewhere to dry your blanket', knows=[], holds=['spark (w_x05249) ×2']
Mote the Lesser: goal='Keep your clothes dry', knows=[], holds=['spark (w_x05250) ×5']
Ib of Cinder Row: goal='Share a memory of the street', knows=[], holds=['spark (w_x05251) ×2']
Osanne Crake: goal='Hear news from your kin', knows=[], holds=['spark (w_x05252) ×7']
Tib of the Slip: goal='Keep your clothes dry', knows=[], holds=['spark (w_x05253) ×3']
Jonet Latchkey: goal='Enjoy a little peace in your neighbourhood', knows=[], holds=['spark (w_x05254) ×6']
Clemence Rasp: goal='Keep the household blankets in good order', knows=[], holds=['spark (w_x05255) ×7']
Dunstan Shortmeasure: goal='Beg or find a meal today', knows=[], holds=['spark (w_x05256) ×6']
Osanne Copp: goal='Share a memory of the street', knows=[], holds=['spark (w_x05257) ×4']
Aldith Fitch: goal='Replace your lost alms bowl', knows=[], holds=['spark (w_x05258) ×6']
Sef Wetalms: goal='Share a memory of the street', knows=[], holds=['spark (w_x05259) ×6']
Osanne Shortmeasure: goal='Replace your lost alms bowl', knows=[], holds=['spark (w_x05260) ×2']
Rohese of the Low Bridge: goal='Share a memory of the street', knows=[], holds=['spark (w_x05261) ×6']
Sibbe Skell: goal='Replace your lost alms bowl', knows=[], holds=['spark (w_x05262) ×6']
Aldith Stott: goal='Hear news from your kin', knows=[], holds=['spark (w_x05263) ×4']
Aldith Marle: goal='Find out how your neighbour is keeping', knows=[], holds=['spark (w_x05264) ×3']
Ewart Marle: goal='Keep the household blankets in good order', knows=[], holds=['spark (w_x05265) ×3']
Jonet of the Tenters: goal='Enjoy a little peace in your neighbourhood', knows=[], holds=['spark (w_x05266) ×2']
Noll of the Shambles: goal='Hear news from your kin', knows=[], holds=['spark (w_x05267) ×3']
Averil Coldhands: goal='Enjoy a little peace in your neighbourhood', knows=[], holds=['spark (w_x05268) ×4']
Rohese Hawser: goal='Enjoy a little peace in your neighbourhood', knows=[], holds=['spark (w_x05269) ×3']
Hamel Alder: goal='Hear news from your kin', knows=[], holds=['spark (w_x05270) ×2']
Renn Scaffold: goal='Hear news from your kin', knows=[], holds=['spark (w_x05271) ×4']
Averil Salter: goal='Hear news from your kin', knows=[], holds=['spark (w_x05272) ×4']
Petronel Quern: goal='Enjoy a little peace in your neighbourhood', knows=[], holds=['spark (w_x05273) ×2']
Betriss Coldhands: goal='Keep your clothes dry', knows=[], holds=['spark (w_x05274) ×3']
Osanne Hobbe: goal='Share a memory of the street', knows=[], holds=['spark (w_x05275) ×7']
Cobb Coldhands: goal='Enjoy a little peace in your neighbourhood', knows=[], holds=['spark (w_x05276) ×6']
Ib Fitch: goal='Share a memory of the street', knows=[], holds=['spark (w_x05277) ×4']
Tobin Skell: goal='Share a memory of the street', knows=[], holds=['spark (w_x05278) ×5']
Rohese Ferrant: goal='Find out how your neighbour is keeping', knows=[], holds=['spark (w_x05279) ×2']
Hamel Threefinger: goal='Hear news from your kin', knows=[], holds=['spark (w_x05280) ×2']
Hamel of the Bellstand: goal='Find out how your neighbour is keeping', knows=[], holds=['spark (w_x05281) ×6']
Pin Alder: goal='Hear news from your kin', knows=[], holds=['spark (w_x05282) ×2']
Renn Pike: goal='Beg or find a meal today', knows=[], holds=['spark (w_x05283) ×7']
Corin of the Bellstand: goal='Get your sleeping corner back', knows=[], holds=['spark (w_x05284) ×5']
Jonet Rasp: goal='Share a memory of the street', knows=[], holds=['spark (w_x05285) ×4']
Corin of the Tenters: goal='Find somewhere to dry your blanket', knows=[], holds=['spark (w_x05286) ×7']
Idonea Sparr: goal='Share a memory of the street', knows=[], holds=['spark (w_x05287) ×5']
Sibbe Stott: goal='Find a quiet frontage where you are welcome', knows=[], holds=['spark (w_x05288) ×3']
Ede Coldhands: goal='Find out how your neighbour is keeping', knows=[], holds=['spark (w_x05289) ×7']
Pin Hobbe: goal='Share a memory of the street', knows=[], holds=['spark (w_x05290) ×3']
Rohese of Cinder Row: goal='Find out how your neighbour is keeping', knows=[], holds=['spark (w_x05291) ×5']
Renn Tarn: goal='Find somewhere to dry your blanket', knows=[], holds=['spark (w_x05292) ×6']
Havise of the Slip: goal='Find out how your neighbour is keeping', knows=[], holds=['spark (w_x05293) ×2']
Ede Skell: goal='Find somewhere to dry your blanket', knows=[], holds=['spark (w_x05294) ×4']
Gile of the Needle: goal='Keep the household blankets in good order', knows=[], holds=['spark (w_x05295) ×4']
Grigor Threefinger: goal='Share a memory of the street', knows=[], holds=['spark (w_x05296) ×5']
Sibbe Hawser: goal='Keep your clothes dry', knows=[], holds=['spark (w_x05297) ×5']
Tib Rasp: goal='Find out how your neighbour is keeping', knows=[], holds=['spark (w_x05298) ×7']
Aldith Brant: goal='Keep the household blankets in good order', knows=[], holds=['spark (w_x05299) ×5']
Ede of the Slip: goal='Enjoy a little peace in your neighbourhood', knows=[], holds=['spark (w_x05300) ×3']
Ede Shortmeasure: goal='Hear news from your kin', knows=[], holds=['spark (w_x05301) ×4']
Cobb Crake: goal='Find something to put on your feet', knows=[], holds=['spark (w_x05302) ×2']
Gile Salter: goal='Find out how your neighbour is keeping', knows=[], holds=['spark (w_x05303) ×4']
Osanne Rasp: goal='Find out how your neighbour is keeping', knows=[], holds=['spark (w_x05304) ×3']
Dob Marle: goal='Find somewhere to dry your blanket', knows=[], holds=['spark (w_x05305) ×6']
Gile of the Shambles: goal='Keep your clothes dry', knows=[], holds=['spark (w_x05306) ×6']
Tib Threefinger: goal='Find out how your neighbour is keeping', knows=[], holds=['spark (w_x05307) ×7']
Lise of Ostrelle: goal='Share a memory of the street', knows=[], holds=['spark (w_x05308) ×4']
Ansel of the Bellstand: goal='Find a salve for your hands', knows=[], holds=['spark (w_x05309) ×5']
Tib Roper: goal='Enjoy a little peace in your neighbourhood', knows=[], holds=['spark (w_x05310) ×4']
Nan of the Slip: goal='Hear news from your kin', knows=[], holds=['spark (w_x05311) ×7']
Averil of Ostrelle: goal='Share a memory of the street', knows=[], holds=['spark (w_x05312) ×3']
Aldith Fitch: goal='Share a memory of the street', knows=[], holds=['spark (w_x05313) ×3']
Hamel of Cinder Row: goal='Find out how your neighbour is keeping', knows=[], holds=['spark (w_x05314) ×5']
Ansel Wetalms: goal='Share a memory of the street', knows=[], holds=['spark (w_x05315) ×4']
Tib the Lesser: goal='Enjoy a little peace in your neighbourhood', knows=[], holds=['spark (w_x05316) ×2']
Bertran Ferrant: goal='Keep your clothes dry', knows=[], holds=['spark (w_x05317) ×7']
Mote Ashe: goal='Find a quiet frontage where you are welcome', knows=[], holds=['spark (w_x05318) ×6']
Havise of the Gutter Steps: goal='Beg or find a meal today', knows=[], holds=['spark (w_x05319) ×4']
Clemence of the Needle: goal='Find something to put on your feet', knows=[], holds=['spark (w_x05320) ×4']
Rohese of the Needle: goal='Find somewhere to dry your blanket', knows=[], holds=['spark (w_x05321) ×7']
Corin Dorn: goal='Find something to put on your feet', knows=[], holds=['spark (w_x05322) ×5']
Betriss of the Tenters: goal='Hear news from your kin', knows=[], holds=['spark (w_x05323) ×6']
Ib Crake: goal='Share a memory of the street', knows=[], holds=['spark (w_x05324) ×6']
Mote Vell: goal='Find a quiet frontage where you are welcome', knows=[], holds=['spark (w_x05325) ×7']
Idonea Scaffold: goal='Hear news from your kin', knows=[], holds=['spark (w_x05326) ×4']
Sef Skell: goal='Enjoy a little peace in your neighbourhood', knows=[], holds=['spark (w_x05327) ×6']
Bertran Pike: goal='Enjoy a little peace in your neighbourhood', knows=[], holds=['spark (w_x05328) ×6']
Sibbe Upstream: goal='Find out how your neighbour is keeping', knows=[], holds=['spark (w_x05329) ×7']
Rohese of the Low Bridge: goal='Replace your lost alms bowl', knows=[], holds=['spark (w_x05330) ×3']
Tib Sparr: goal='Find a quiet frontage where you are welcome', knows=[], holds=['spark (w_x05331) ×4']
Ewart the Long: goal='Find out how your neighbour is keeping', knows=[], holds=['spark (w_x05332) ×7']
Mote Hobbe: goal="Get taken on for a day's work", knows=[], holds=['spark (w_x05333) ×3']
Sef Upstream: goal='Find a salve for your hands', knows=[], holds=['spark (w_x05334) ×7']
Ewart Ferrant: goal='Beg or find a meal today', knows=[], holds=['spark (w_x05335) ×3']
Aubin Quern: goal='Enjoy a little peace in your neighbourhood', knows=[], holds=['spark (w_x05336) ×4']
Corin Brant: goal='Share a memory of the street', knows=[], holds=['spark (w_x05337) ×7']
Hamel Copp: goal='Keep your clothes dry', knows=[], holds=['spark (w_x05338) ×4']
Idonea Hobbe: goal='Share a memory of the street', knows=[], holds=['spark (w_x05339) ×4']
Sibbe Salter: goal='Find a salve for your hands', knows=[], holds=['spark (w_x05340) ×2']
Sibbe Upstream: goal='Find out how your neighbour is keeping', knows=[], holds=['spark (w_x05341) ×6']
Nan of Ostrelle: goal='Find something to put on your feet', knows=[], holds=['spark (w_x05342) ×7']
Idonea of the Needle: goal='Share a memory of the street', knows=[], holds=['spark (w_x05343) ×4']
Ede Hobbe: goal='Find a salve for your hands', knows=[], holds=['spark (w_x05344) ×7']
Tib of the Low Bridge: goal='Keep the household blankets in good order', knows=[], holds=['spark (w_x05345) ×2']
Aldith Skell: goal='Keep the household blankets in good order', knows=[], holds=['spark (w_x05346) ×3']
Clemence Fitch: goal='Find out how your neighbour is keeping', knows=[], holds=['spark (w_x05347) ×3']
Idonea Quern: goal='Enjoy a little peace in your neighbourhood', knows=[], holds=['spark (w_x05348) ×4']
Sef Sparr: goal="Get taken on for a day's work", knows=[], holds=['spark (w_x05349) ×7']
Sibbe Hawser: goal='Replace your lost alms bowl', knows=[], holds=['spark (w_x05350) ×6']
Renn Nineteen: goal='Find a salve for your hands', knows=[], holds=['spark (w_x05351) ×5']
Ede Marle: goal='Find out how your neighbour is keeping', knows=[], holds=['spark (w_x05352) ×4']
Ewart Threefinger: goal='Share a memory of the street', knows=[], holds=['spark (w_x05353) ×6']
Noll Hawser: goal='Keep the household blankets in good order', knows=[], holds=['spark (w_x05354) ×7']
Ansel Quern: goal='Keep the household blankets in good order', knows=[], holds=['spark (w_x05355) ×6']
Tobin Sparr: goal='Find a salve for your hands', knows=[], holds=['spark (w_x05356) ×2']
Osanne Shortmeasure: goal='Share a memory of the street', knows=[], holds=['spark (w_x05357) ×4']
Dob of the Bellstand: goal='Find out how your neighbour is keeping', knows=[], holds=['spark (w_x05358) ×6']
Ansel of Ostrelle: goal='Share a memory of the street', knows=[], holds=['spark (w_x05359) ×7']
Noll Dorn: goal='Keep your clothes dry', knows=[], holds=['spark (w_x05360) ×7']
Pin the Long: goal='Share a memory of the street', knows=[], holds=['spark (w_x05361) ×6']
Ewart of Cinder Row: goal='Beg or find a meal today', knows=[], holds=['spark (w_x05362) ×7']
Renn Fitch: goal='Find a quiet frontage where you are welcome', knows=[], holds=['spark (w_x05363) ×2']
Havise Pike: goal='Hear news from your kin', knows=[], holds=['spark (w_x05364) ×7']
Tobin of the Slip: goal='Hear news from your kin', knows=[], holds=['spark (w_x05365) ×7']
Jos Crake: goal='Hear news from your kin', knows=[], holds=['spark (w_x05366) ×7']
Jonet Skell: goal='Find out how your neighbour is keeping', knows=[], holds=['spark (w_x05367) ×6']
Tib Skell: goal='Find out how your neighbour is keeping', knows=[], holds=['spark (w_x05368) ×7']
Ansel the Long: goal='Keep your clothes dry', knows=[], holds=['spark (w_x05369) ×4']
Petronel Roper: goal='Find somewhere you will be left alone', knows=[], holds=['spark (w_x05370) ×4']
Osanne Pike: goal='Keep the household blankets in good order', knows=[], holds=['spark (w_x05371) ×6']
Lise of the Low Bridge: goal='Enjoy a little peace in your neighbourhood', knows=[], holds=['spark (w_x05372) ×5']
Aldith Ashe: goal='Share a memory of the street', knows=[], holds=['spark (w_x05373) ×3']
Cobb Ashe: goal='Share a memory of the street', knows=[], holds=['spark (w_x05374) ×7']
Dunstan Marle: goal='Find something to put on your feet', knows=[], holds=['spark (w_x05375) ×2']
Mote Scaffold: goal='Get your sleeping corner back', knows=[], holds=['spark (w_x05376) ×2']
Grigor the Lesser: goal='Keep your clothes dry', knows=[], holds=['spark (w_x05377) ×3']
Petronel Quern: goal='Replace your lost alms bowl', knows=[], holds=['spark (w_x05378) ×4']
Sibbe Crake: goal='Enjoy a little peace in your neighbourhood', knows=[], holds=['spark (w_x05379) ×3']
Osanne Skell: goal='Find out how your neighbour is keeping', knows=[], holds=['spark (w_x05380) ×4']
Lise of the Needle: goal='Share a memory of the street', knows=[], holds=['spark (w_x05381) ×6']
Jos of the Bellstand: goal="Get taken on for a day's work", knows=[], holds=['spark (w_x05382) ×2']
Ede Hawser: goal='Share a memory of the street', knows=[], holds=['spark (w_x05383) ×3']
Sef Skell: goal='Hear news from your kin', knows=[], holds=['spark (w_x05384) ×4']
Colm of Cinder Row: goal="Get taken on for a day's work", knows=[], holds=['spark (w_x05385) ×5']
Mote of Cinder Row: goal='Hear news from your kin', knows=[], holds=['spark (w_x05386) ×5']
Pin Scaffold: goal='Find out how your neighbour is keeping', knows=[], holds=['spark (w_x05387) ×2']
Osanne Copp: goal='Keep your clothes dry', knows=[], holds=['spark (w_x05388) ×4']
Gile Wetalms: goal='Enjoy a little peace in your neighbourhood', knows=[], holds=['spark (w_x05389) ×2']
Colm Skell: goal='Share a memory of the street', knows=[], holds=['spark (w_x05390) ×2']
Averil Skell: goal='Keep the household blankets in good order', knows=[], holds=['spark (w_x05391) ×5']
Jonet Upstream: goal='Share a memory of the street', knows=[], holds=['spark (w_x05392) ×7']
Ansel Hawser: goal='Keep your clothes dry', knows=[], holds=['spark (w_x05393) ×6']
Sef Threefinger: goal='Find something to put on your feet', knows=[], holds=['spark (w_x05394) ×3']
Renn of the Low Bridge: goal='Keep the household blankets in good order', knows=[], holds=['spark (w_x05395) ×4']
Havise Pike: goal='Keep the household blankets in good order', knows=[], holds=['spark (w_x05396) ×5']
Grigor of Ostrelle: goal='Keep your clothes dry', knows=[], holds=['spark (w_x05397) ×6']
Sef Skell: goal='Find a quiet frontage where you are welcome', knows=[], holds=['spark (w_x05398) ×7']
Sef Crake: goal='Find a quiet frontage where you are welcome', knows=[], holds=['spark (w_x05399) ×7']
Ib Quern: goal='Keep the household blankets in good order', knows=[], holds=['spark (w_x05400) ×4']
Averil Quern: goal='Keep your clothes dry', knows=[], holds=['spark (w_x05401) ×7']
Tobin Stott: goal='Keep the household blankets in good order', knows=[], holds=['spark (w_x05402) ×6']
Grigor Crake: goal='Enjoy a little peace in your neighbourhood', knows=[], holds=['spark (w_x05403) ×4']
Betriss Tarn: goal='Share a memory of the street', knows=[], holds=['spark (w_x05404) ×4']
Rohese Roper: goal='Keep the household blankets in good order', knows=[], holds=['spark (w_x05405) ×5']
Tobin Vell: goal='Keep the household blankets in good order', knows=[], holds=['spark (w_x05406) ×7']
Havise of the Needle: goal='Find out how your neighbour is keeping', knows=[], holds=['spark (w_x05407) ×7']
Petronel of the Bellstand: goal='Share a memory of the street', knows=[], holds=['spark (w_x05408) ×2']
Gile Ashe: goal='Enjoy a little peace in your neighbourhood', knows=[], holds=['spark (w_x05409) ×4']
Jonet Coldhands: goal='Enjoy a little peace in your neighbourhood', knows=[], holds=['spark (w_x05410) ×7']
Noll of Ostrelle: goal='Keep your clothes dry', knows=[], holds=['spark (w_x05411) ×6']
Noll Latchkey: goal='Keep your clothes dry', knows=[], holds=['spark (w_x05412) ×4']
Jos Scaffold: goal='Keep your clothes dry', knows=[], holds=['spark (w_x05413) ×5']
Lise Coldhands: goal='Replace your lost alms bowl', knows=[], holds=['spark (w_x05414) ×3']
Sef Shortmeasure: goal='Keep the household blankets in good order', knows=[], holds=['spark (w_x05415) ×2']
Rohese Scaffold: goal="Get taken on for a day's work", knows=[], holds=['spark (w_x05416) ×5']
Lise Sparr: goal='Find out how your neighbour is keeping', knows=[], holds=['spark (w_x05417) ×7']
Grigor Crake: goal='Hear news from your kin', knows=[], holds=['spark (w_x05418) ×6']
Idonea Ferrant: goal='Keep the household blankets in good order', knows=[], holds=['spark (w_x05419) ×7']
Jonet Roper: goal='Find out how your neighbour is keeping', knows=[], holds=['spark (w_x05420) ×3']
Dunstan Scaffold: goal='Find a salve for your hands', knows=[], holds=['spark (w_x05421) ×4']
Nan Upstream: goal='Keep your clothes dry', knows=[], holds=['spark (w_x05422) ×6']
Dunstan of the Slip: goal='Hear news from your kin', knows=[], holds=['spark (w_x05423) ×3']
Ansel of Cinder Row: goal='Keep your clothes dry', knows=[], holds=['spark (w_x05424) ×7']
Dunstan Hawser: goal='Find a quiet frontage where you are welcome', knows=[], holds=['spark (w_x05425) ×7']
Petronel Fitch: goal='Get your sleeping corner back', knows=[], holds=['spark (w_x05426) ×5']
Nan Hawser: goal='Hear news from your kin', knows=[], holds=['spark (w_x05427) ×5']
Clemence Wetalms: goal='Keep your clothes dry', knows=[], holds=['spark (w_x05428) ×4']
Betriss Marle: goal='Enjoy a little peace in your neighbourhood', knows=[], holds=['spark (w_x05429) ×2']
Mote Roper: goal='Keep your clothes dry', knows=[], holds=['spark (w_x05430) ×2']
Pin Coldhands: goal='Find out how your neighbour is keeping', knows=[], holds=['spark (w_x05431) ×4']
Clemence Upstream: goal='Share a memory of the street', knows=[], holds=['spark (w_x05432) ×6']
Pin Hobbe: goal='Hear news from your kin', knows=[], holds=['spark (w_x05433) ×4']
Aldith Alder: goal='Keep the household blankets in good order', knows=[], holds=['spark (w_x05434) ×5']
Sibbe Latchkey: goal='Keep the household blankets in good order', knows=[], holds=['spark (w_x05435) ×2']
Aldith of the Low Bridge: goal='Find out how your neighbour is keeping', knows=[], holds=['spark (w_x05436) ×2']
Havise of the Bellstand: goal='Hear news from your kin', knows=[], holds=['spark (w_x05437) ×3']
Pin of the Slip: goal='Keep your clothes dry', knows=[], holds=['spark (w_x05438) ×4']
Bertran of the Tenters: goal='Keep your clothes dry', knows=[], holds=['spark (w_x05439) ×4']
Renn Vell: goal='Beg or find a meal today', knows=[], holds=['spark (w_x05440) ×5']
Lise Marle: goal='Replace your lost alms bowl', knows=[], holds=['spark (w_x05441) ×2']
Idonea Scaffold: goal='Replace your lost alms bowl', knows=[], holds=['spark (w_x05442) ×2']
Aubin Hawser: goal='Share a memory of the street', knows=[], holds=['spark (w_x05443) ×4']
Cobb Wetalms: goal='Find a salve for your hands', knows=[], holds=['spark (w_x05444) ×4']
Clemence Wetalms: goal='Enjoy a little peace in your neighbourhood', knows=[], holds=['spark (w_x05445) ×2']
Dunstan Hawser: goal='Find somewhere to dry your blanket', knows=[], holds=['spark (w_x05446) ×2']
Sibbe Stott: goal='Get your sleeping corner back', knows=[], holds=['spark (w_x05447) ×5']
Betriss Roper: goal='Keep the household blankets in good order', knows=[], holds=['spark (w_x05448) ×6']
Bertran Vell: goal='Keep the household blankets in good order', knows=[], holds=['spark (w_x05449) ×7']
Ansel Upstream: goal="Get taken on for a day's work", knows=[], holds=['spark (w_x05450) ×7']
Dunstan Scaffold: goal='Keep the household blankets in good order', knows=[], holds=['spark (w_x05451) ×7']
Rohese of the Bellstand: goal='Share a memory of the street', knows=[], holds=['spark (w_x05452) ×7']
Osanne the Long: goal='Hear news from your kin', knows=[], holds=['spark (w_x05453) ×6']
Betriss Vell: goal='Keep the household blankets in good order', knows=[], holds=['spark (w_x05454) ×6']
Renn Alder: goal='Share a memory of the street', knows=[], holds=['spark (w_x05455) ×5']
Idonea Tarn: goal='Keep your clothes dry', knows=[], holds=['spark (w_x05456) ×6']
Betriss Wetalms: goal='Share a memory of the street', knows=[], holds=['spark (w_x05457) ×6']
Segwin Hobbe: goal='Enjoy a little peace in your neighbourhood', knows=[], holds=['spark (w_x05458) ×3']
Rohese Ashe: goal='Enjoy a little peace in your neighbourhood', knows=[], holds=['spark (w_x05459) ×2']
Bertran Stott: goal='Share a memory of the street', knows=[], holds=['spark (w_x05460) ×6']
Ede Quern: goal='Get your sleeping corner back', knows=[], holds=['spark (w_x05461) ×2']
Segwin Wetalms: goal='Find out how your neighbour is keeping', knows=[], holds=['spark (w_x05462) ×4']
Mote of the Needle: goal='Hear news from your kin', knows=[], holds=['spark (w_x05463) ×3']
Rohese Coldhands: goal='Find somewhere to dry your blanket', knows=[], holds=['spark (w_x05464) ×6']
Sibbe Crake: goal='Keep the household blankets in good order', knows=[], holds=['spark (w_x05465) ×7']
Ede Dorn: goal='Share a memory of the street', knows=[], holds=['spark (w_x05466) ×2']
Idonea Brant: goal='Find a salve for your hands', knows=[], holds=['spark (w_x05467) ×6']
Bertran Scaffold: goal='Find a quiet frontage where you are welcome', knows=[], holds=['spark (w_x05468) ×2']
Havise Hobbe: goal='Replace your lost alms bowl', knows=[], holds=['spark (w_x05469) ×6']
Nan of the Gutter Steps: goal='Share a memory of the street', knows=[], holds=['spark (w_x05470) ×5']
Pin Quern: goal='Enjoy a little peace in your neighbourhood', knows=[], holds=['spark (w_x05471) ×2']
Lise of the Needle: goal='Enjoy a little peace in your neighbourhood', knows=[], holds=['spark (w_x05472) ×7']
Noll the Long: goal='Hear news from your kin', knows=[], holds=['spark (w_x05473) ×5']
Mote Nineteen: goal='Hear news from your kin', knows=[], holds=['spark (w_x05474) ×5']
Ib Threefinger: goal='Find somewhere you will be left alone', knows=[], holds=['spark (w_x05475) ×6']
Averil of Ostrelle: goal='Keep the household blankets in good order', knows=[], holds=['spark (w_x05476) ×5']
Idonea Quern: goal='Hear news from your kin', knows=[], holds=['spark (w_x05477) ×6']
Gile Ashe: goal='Find somewhere you will be left alone', knows=[], holds=['spark (w_x05478) ×5']
Ewart Rasp: goal='Enjoy a little peace in your neighbourhood', knows=[], holds=['spark (w_x05479) ×3']
Havise of the Tenters: goal='Find out how your neighbour is keeping', knows=[], holds=['spark (w_x05480) ×7']
Grigor Tarn: goal='Enjoy a little peace in your neighbourhood', knows=[], holds=['spark (w_x05481) ×5']
Aldith Vell: goal='Find a quiet frontage where you are welcome', knows=[], holds=['spark (w_x05482) ×6']
Jonet Rasp: goal='Find somewhere to dry your blanket', knows=[], holds=['spark (w_x05483) ×2']
Rohese Coldhands: goal='Find a quiet frontage where you are welcome', knows=[], holds=['spark (w_x05484) ×5']
Gile Skell: goal='Hear news from your kin', knows=[], holds=['spark (w_x05485) ×2']
Bertran Sparr: goal='Replace your lost alms bowl', knows=[], holds=['spark (w_x05486) ×3']
Bertran Scaffold: goal='Share a memory of the street', knows=[], holds=['spark (w_x05487) ×5']
Cobb Ashe: goal='Hear news from your kin', knows=[], holds=['spark (w_x05488) ×5']
Idonea Nineteen: goal='Hear news from your kin', knows=[], holds=['spark (w_x05489) ×7']
Ib Roper: goal='Replace your lost alms bowl', knows=[], holds=['spark (w_x05490) ×6']
Bertran Pike: goal='Find out how your neighbour is keeping', knows=[], holds=['spark (w_x05491) ×3']
Havise of the Tenters: goal='Find out how your neighbour is keeping', knows=[], holds=['spark (w_x05492) ×3']
Petronel of the Slip: goal='Keep your clothes dry', knows=[], holds=['spark (w_x05493) ×2']
Petronel Nineteen: goal='Hear news from your kin', knows=[], holds=['spark (w_x05494) ×2']
Sef Coldhands: goal='Hear news from your kin', knows=[], holds=['spark (w_x05495) ×6']
Ede Shortmeasure: goal='Hear news from your kin', knows=[], holds=['spark (w_x05496) ×3']
Tobin of the Needle: goal='Keep your clothes dry', knows=[], holds=['spark (w_x05497) ×7']
Grigor Upstream: goal='Get your sleeping corner back', knows=[], holds=['spark (w_x05498) ×2']
Nan Crake: goal='Keep the household blankets in good order', knows=[], holds=['spark (w_x05499) ×6']
Osanne of the Bellstand: goal='Keep your clothes dry', knows=[], holds=['spark (w_x05500) ×2']
Jonet Vell: goal='Find out how your neighbour is keeping', knows=[], holds=['spark (w_x05501) ×4']
Sef Alder: goal='Keep your clothes dry', knows=[], holds=['spark (w_x05502) ×4']
Dob Crake: goal='Enjoy a little peace in your neighbourhood', knows=[], holds=['spark (w_x05503) ×5']
Lise Shortmeasure: goal='Keep the household blankets in good order', knows=[], holds=['spark (w_x05504) ×5']
Aldith Threefinger: goal='Find out how your neighbour is keeping', knows=[], holds=['spark (w_x05505) ×2']
Idonea the Long: goal='Find something to put on your feet', knows=[], holds=['spark (w_x05506) ×2']
Aubin Copp: goal='Share a memory of the street', knows=[], holds=['spark (w_x05507) ×4']
Idonea Sparr: goal='Share a memory of the street', knows=[], holds=['spark (w_x05508) ×3']
Clemence Threefinger: goal='Hear news from your kin', knows=[], holds=['spark (w_x05509) ×5']
Clemence of the Slip: goal='Share a memory of the street', knows=[], holds=['spark (w_x05510) ×5']
Clemence Rasp: goal='Hear news from your kin', knows=[], holds=['spark (w_x05511) ×2']
Petronel Copp: goal='Keep the household blankets in good order', knows=[], holds=['spark (w_x05512) ×7']
Ib Crake: goal='Share a memory of the street', knows=[], holds=['spark (w_x05513) ×7']
Sef Ashe: goal='Get your sleeping corner back', knows=[], holds=['spark (w_x05514) ×5']
Osanne Copp: goal='Share a memory of the street', knows=[], holds=['spark (w_x05515) ×7']
Osanne Ferrant: goal='Share a memory of the street', knows=[], holds=['spark (w_x05516) ×2']
Petronel of the Slip: goal='Keep the household blankets in good order', knows=[], holds=['spark (w_x05517) ×4']
Cobb Skell: goal='Share a memory of the street', knows=[], holds=['spark (w_x05518) ×3']
Ewart Sparr: goal='Replace your lost alms bowl', knows=[], holds=['spark (w_x05519) ×3']
Rohese Pike: goal='Find out how your neighbour is keeping', knows=[], holds=['spark (w_x05520) ×3']
Lise Tarn: goal='Enjoy a little peace in your neighbourhood', knows=[], holds=['spark (w_x05521) ×3']
Pin Vell: goal='Find something to put on your feet', knows=[], holds=['spark (w_x05522) ×5']
Ede Sparr: goal='Find somewhere to dry your blanket', knows=[], holds=['spark (w_x05523) ×7']
Ansel Quern: goal='Keep the household blankets in good order', knows=[], holds=['spark (w_x05524) ×2']
Dob Latchkey: goal='Keep the household blankets in good order', knows=[], holds=['spark (w_x05525) ×4']
Rohese Tarn: goal='Find somewhere you will be left alone', knows=[], holds=['spark (w_x05526) ×6']
Rohese Dorn: goal='Find something to put on your feet', knows=[], holds=['spark (w_x05527) ×5']
Clemence of the Bellstand: goal='Enjoy a little peace in your neighbourhood', knows=[], holds=['spark (w_x05528) ×7']
Mote of the Gutter Steps: goal='Get the penny you were promised for the horse', knows=[], holds=['spark (w_x05529) ×7']
Averil Rasp: goal='Keep your clothes dry', knows=[], holds=['spark (w_x05530) ×4']
Hamel Rasp: goal='Share a memory of the street', knows=[], holds=['spark (w_x05531) ×4']
Ib Brant: goal='Share a memory of the street', knows=[], holds=['spark (w_x05532) ×4']
Tobin Brant: goal='Hear news from your kin', knows=[], holds=['spark (w_x05533) ×7']
Noll of the Slip: goal='Keep your clothes dry', knows=[], holds=['spark (w_x05534) ×5']
Dob of the Needle: goal='Hear news from your kin', knows=[], holds=['spark (w_x05535) ×2']
Dob Copp: goal='Find somewhere you will be left alone', knows=[], holds=['spark (w_x05536) ×6']
Havise Tarn: goal='Find something to put on your feet', knows=[], holds=['spark (w_x05537) ×3']
Osanne Nineteen: goal='Hear news from your kin', knows=[], holds=['spark (w_x05538) ×3']
Clemence Copp: goal='Keep the household blankets in good order', knows=[], holds=['spark (w_x05539) ×5']
Ede Hawser: goal='Keep your clothes dry', knows=[], holds=['spark (w_x05540) ×5']
Corin of Cinder Row: goal='Share a memory of the street', knows=[], holds=['spark (w_x05541) ×5']
Averil Hawser: goal='Find out how your neighbour is keeping', knows=[], holds=['spark (w_x05542) ×2']
Nan Salter: goal='Find out how your neighbour is keeping', knows=[], holds=['spark (w_x05543) ×6']
Noll the Lesser: goal='Find out how your neighbour is keeping', knows=[], holds=['spark (w_x05544) ×4']
Aubin Sparr: goal='Enjoy a little peace in your neighbourhood', knows=[], holds=['spark (w_x05545) ×7']
Jos Skell: goal='Find a quiet frontage where you are welcome', knows=[], holds=['spark (w_x05546) ×4']
Rohese Alder: goal='Hear news from your kin', knows=[], holds=['spark (w_x05547) ×5']
Lise Crake: goal='Find something to put on your feet', knows=[], holds=['spark (w_x05548) ×7']
Hamel Shortmeasure: goal='Keep the household blankets in good order', knows=[], holds=['spark (w_x05549) ×5']
Sef of Cinder Row: goal='Beg or find a meal today', knows=[], holds=['spark (w_x05550) ×5']
Betriss Hawser: goal='Share a memory of the street', knows=[], holds=['spark (w_x05551) ×5']
Tib Dorn: goal='Keep the household blankets in good order', knows=[], holds=['spark (w_x05552) ×2']
Aldith Ashe: goal='Share a memory of the street', knows=[], holds=['spark (w_x05553) ×3']
Segwin Marle: goal='Keep your clothes dry', knows=[], holds=['spark (w_x05554) ×4']
Corin Stott: goal='Find out how your neighbour is keeping', knows=[], holds=['spark (w_x05555) ×6']
Mote of the Shambles: goal='Get the penny you were promised for the horse', knows=[], holds=['spark (w_x05556) ×4']
Osanne Roper: goal='Keep the household blankets in good order', knows=[], holds=['spark (w_x05557) ×6']
Bertran of the Shambles: goal='Find out how your neighbour is keeping', knows=[], holds=['spark (w_x05558) ×5']
Ib Stott: goal='Find something to put on your feet', knows=[], holds=['spark (w_x05559) ×6']
Havise Pike: goal='Enjoy a little peace in your neighbourhood', knows=[], holds=['spark (w_x05560) ×2']
Tib of the Tenters: goal='Keep your clothes dry', knows=[], holds=['spark (w_x05561) ×6']
Betriss Hobbe: goal='Get your sleeping corner back', knows=[], holds=['spark (w_x05562) ×5']
Ewart Sparr: goal="Get taken on for a day's work", knows=[], holds=['spark (w_x05563) ×3']
Petronel Ashe: goal='Find out how your neighbour is keeping', knows=[], holds=['spark (w_x05564) ×6']
Jonet Salter: goal='Find out how your neighbour is keeping', knows=[], holds=['spark (w_x05565) ×2']
Betriss Roper: goal='Enjoy a little peace in your neighbourhood', knows=[], holds=['spark (w_x05566) ×3']
Renn Nineteen: goal='Find out how your neighbour is keeping', knows=[], holds=['spark (w_x05567) ×4']
Osanne Vell: goal='Enjoy a little peace in your neighbourhood', knows=[], holds=['spark (w_x05568) ×4']
Hamel Stott: goal='Get your sleeping corner back', knows=[], holds=['spark (w_x05569) ×2']
Idonea Latchkey: goal='Enjoy a little peace in your neighbourhood', knows=[], holds=['spark (w_x05570) ×5']
Petronel Quern: goal='Find a salve for your hands', knows=[], holds=['spark (w_x05571) ×6']
Tobin of the Slip: goal='Find out how your neighbour is keeping', knows=[], holds=['spark (w_x05572) ×6']
Tib the Long: goal='Keep your clothes dry', knows=[], holds=['spark (w_x05573) ×2']
Pin Copp: goal='Find out how your neighbour is keeping', knows=[], holds=['spark (w_x05574) ×4']
Ede Brant: goal='Find out how your neighbour is keeping', knows=[], holds=['spark (w_x05575) ×5']
Rohese Quern: goal='Keep your clothes dry', knows=[], holds=['spark (w_x05576) ×2']
Ib of the Slip: goal='Keep the household blankets in good order', knows=[], holds=['spark (w_x05577) ×5']
Aldith Dorn: goal='Share a memory of the street', knows=[], holds=['spark (w_x05578) ×6']
Sibbe of Ostrelle: goal='Share a memory of the street', knows=[], holds=['spark (w_x05579) ×7']
Nan Copp: goal='Keep your clothes dry', knows=[], holds=['spark (w_x05580) ×2']
Ewart Marle: goal='Keep your clothes dry', knows=[], holds=['spark (w_x05581) ×2']
Betriss Alder: goal='Find out how your neighbour is keeping', knows=[], holds=['spark (w_x05582) ×2']
Ewart Fitch: goal='Share a memory of the street', knows=[], holds=['spark (w_x05583) ×5']
Idonea Hobbe: goal="Get taken on for a day's work", knows=[], holds=['spark (w_x05584) ×6']
Clemence of Ostrelle: goal='Enjoy a little peace in your neighbourhood', knows=[], holds=['spark (w_x05585) ×2']
Lise Coldhands: goal='Keep your clothes dry', knows=[], holds=['spark (w_x05586) ×7']
Corin the Long: goal='Find out how your neighbour is keeping', knows=[], holds=['spark (w_x05587) ×7']
Rohese Nineteen: goal='Find out how your neighbour is keeping', knows=[], holds=['spark (w_x05588) ×2']
Grigor Nineteen: goal='Hear news from your kin', knows=[], holds=['spark (w_x05589) ×4']
Ede Skell: goal='Keep the household blankets in good order', knows=[], holds=['spark (w_x05590) ×6']
Aubin of Ostrelle: goal='Enjoy a little peace in your neighbourhood', knows=[], holds=['spark (w_x05591) ×4']
Colm Ashe: goal='Hear news from your kin', knows=[], holds=['spark (w_x05592) ×7']
Grigor Dorn: goal='Keep the household blankets in good order', knows=[], holds=['spark (w_x05593) ×7']
Tobin Pike: goal='Hear news from your kin', knows=[], holds=['spark (w_x05594) ×4']
Mote of the Tenters: goal='Share a memory of the street', knows=[], holds=['spark (w_x05595) ×4']
Ansel Pike: goal='Beg or find a meal today', knows=[], holds=['spark (w_x05596) ×2']
Aubin Brant: goal='Keep your clothes dry', knows=[], holds=['spark (w_x05597) ×2']
Dunstan Rasp: goal='Hear news from your kin', knows=[], holds=['spark (w_x05598) ×3']
Averil of Ostrelle: goal='Keep the household blankets in good order', knows=[], holds=['spark (w_x05599) ×6']
Dunstan of the Needle: goal='Hear news from your kin', knows=[], holds=['spark (w_x05600) ×3']
Segwin Tarn: goal='Keep your clothes dry', knows=[], holds=['spark (w_x05601) ×4']
Ede Coldhands: goal='Keep your clothes dry', knows=[], holds=['spark (w_x05602) ×3']
Petronel Tarn: goal='Share a memory of the street', knows=[], holds=['spark (w_x05603) ×5']
Ib Upstream: goal='Enjoy a little peace in your neighbourhood', knows=[], holds=['spark (w_x05604) ×3']
Tib Vell: goal='Share a memory of the street', knows=[], holds=['spark (w_x05605) ×3']
Rohese Latchkey: goal='Get your sleeping corner back', knows=[], holds=['spark (w_x05606) ×5']
Tib Hawser: goal='Keep your clothes dry', knows=[], holds=['spark (w_x05607) ×5']
Lise Wetalms: goal="Get taken on for a day's work", knows=[], holds=['spark (w_x05608) ×4']
Havise of the Bellstand: goal='Enjoy a little peace in your neighbourhood', knows=[], holds=['spark (w_x05609) ×5']
Mote Upstream: goal='Keep the household blankets in good order', knows=[], holds=['spark (w_x05610) ×2']
Tobin of the Slip: goal='Enjoy a little peace in your neighbourhood', knows=[], holds=['spark (w_x05611) ×7']
Segwin of the Gutter Steps: goal='Find a salve for your hands', knows=[], holds=['spark (w_x05612) ×2']
Tobin Ferrant: goal='Find out how your neighbour is keeping', knows=[], holds=['spark (w_x05613) ×6']
Sibbe Ferrant: goal='Enjoy a little peace in your neighbourhood', knows=[], holds=['spark (w_x05614) ×6']
Mote Dorn: goal='Find something to put on your feet', knows=[], holds=['spark (w_x05615) ×2']
Osanne Brant: goal='Hear news from your kin', knows=[], holds=['spark (w_x05616) ×3']
Dob Pike: goal='Enjoy a little peace in your neighbourhood', knows=[], holds=['spark (w_x05617) ×4']
Rohese Coldhands: goal='Keep the household blankets in good order', knows=[], holds=['spark (w_x05618) ×3']
Sibbe Stott: goal='Enjoy a little peace in your neighbourhood', knows=[], holds=['spark (w_x05619) ×2']
Aubin Ashe: goal='Find out how your neighbour is keeping', knows=[], holds=['spark (w_x05620) ×3']
Nan Copp: goal='Share a memory of the street', knows=[], holds=['spark (w_x05621) ×4']
Betriss Marle: goal='Find somewhere to dry your blanket', knows=[], holds=['spark (w_x05622) ×4']
Corin of the Needle: goal='Enjoy a little peace in your neighbourhood', knows=[], holds=['spark (w_x05623) ×7']
Tib Upstream: goal="Get taken on for a day's work", knows=[], holds=['spark (w_x05624) ×7']
Grigor the Lesser: goal='Enjoy a little peace in your neighbourhood', knows=[], holds=['spark (w_x05625) ×5']
Petronel Vell: goal='Hear news from your kin', knows=[], holds=['spark (w_x05626) ×2']
Petronel of the Slip: goal='Share a memory of the street', knows=[], holds=['spark (w_x05627) ×7']
Aldith Alder: goal='Keep your clothes dry', knows=[], holds=['spark (w_x05628) ×5']
Dob Skell: goal='Keep your clothes dry', knows=[], holds=['spark (w_x05629) ×4']
Pin Tarn: goal='Find out how your neighbour is keeping', knows=[], holds=['spark (w_x05630) ×2']
Clemence Dorn: goal='Find somewhere you will be left alone', knows=[], holds=['spark (w_x05631) ×2']
Jos Brant: goal='Hear news from your kin', knows=[], holds=['spark (w_x05632) ×5']
Bertran of the Needle: goal='Keep the household blankets in good order', knows=[], holds=['spark (w_x05633) ×4']
Averil Latchkey: goal='Keep the household blankets in good order', knows=[], holds=['spark (w_x05634) ×7']
Dob Latchkey: goal="Get taken on for a day's work", knows=[], holds=['spark (w_x05635) ×4']
Tib Quern: goal='Keep the household blankets in good order', knows=[], holds=['spark (w_x05636) ×5']
Pin the Long: goal='Share a memory of the street', knows=[], holds=['spark (w_x05637) ×3']
Ansel Ferrant: goal='Hear news from your kin', knows=[], holds=['spark (w_x05638) ×6']
Cobb Threefinger: goal='Find a quiet frontage where you are welcome', knows=[], holds=['spark (w_x05639) ×7']
Petronel Latchkey: goal='Find somewhere you will be left alone', knows=[], holds=['spark (w_x05640) ×7']
Rohese Copp: goal='Get your sleeping corner back', knows=[], holds=['spark (w_x05641) ×5']
Dob Fitch: goal='Keep your clothes dry', knows=[], holds=['spark (w_x05642) ×3']
Sibbe Ashe: goal="Get taken on for a day's work", knows=[], holds=['spark (w_x05643) ×7']
Osanne Stott: goal='Keep the household blankets in good order', knows=[], holds=['spark (w_x05644) ×3']
Rohese Shortmeasure: goal='Enjoy a little peace in your neighbourhood', knows=[], holds=['spark (w_x05645) ×7']
Sibbe Threefinger: goal='Find a salve for your hands', knows=[], holds=['spark (w_x05646) ×3']
Ewart Brant: goal='Find out how your neighbour is keeping', knows=[], holds=['spark (w_x05647) ×3']
Aubin of the Needle: goal='Find something to put on your feet', knows=[], holds=['spark (w_x05648) ×5']
Hamel of the Low Bridge: goal='Hear news from your kin', knows=[], holds=['spark (w_x05649) ×3']
Hamel Fitch: goal='Keep your clothes dry', knows=[], holds=['spark (w_x05650) ×6']
Idonea Rasp: goal='Find out how your neighbour is keeping', knows=[], holds=['spark (w_x05651) ×2']
Dob Hobbe: goal='Keep the household blankets in good order', knows=[], holds=['spark (w_x05652) ×6']
Hamel Roper: goal='Enjoy a little peace in your neighbourhood', knows=[], holds=['spark (w_x05653) ×3']
Petronel Threefinger: goal='Find out how your neighbour is keeping', knows=[], holds=['spark (w_x05654) ×2']
Ansel the Lesser: goal='Share a memory of the street', knows=[], holds=['spark (w_x05655) ×5']
Ede Crake: goal='Hear news from your kin', knows=[], holds=['spark (w_x05656) ×2']
Sef Tarn: goal='Keep your clothes dry', knows=[], holds=['spark (w_x05657) ×7']
Noll of Cinder Row: goal='Get the penny you were promised for the horse', knows=[], holds=['spark (w_x05658) ×2']
Ede of the Slip: goal='Keep the household blankets in good order', knows=[], holds=['spark (w_x05659) ×3']
Gile the Lesser: goal='Keep the household blankets in good order', knows=[], holds=['spark (w_x05660) ×5']
Segwin of Cinder Row: goal='Beg or find a meal today', knows=[], holds=['spark (w_x05661) ×7']
Osanne of the Bellstand: goal='Find a salve for your hands', knows=[], holds=['spark (w_x05662) ×2']
Petronel of the Needle: goal='Keep the household blankets in good order', knows=[], holds=['spark (w_x05663) ×2']
Averil Skell: goal='Keep the household blankets in good order', knows=[], holds=['spark (w_x05664) ×4']
Rohese Coldhands: goal='Keep your clothes dry', knows=[], holds=['spark (w_x05665) ×5']
Aldith Fitch: goal='Enjoy a little peace in your neighbourhood', knows=[], holds=['spark (w_x05666) ×3']
Osanne Wetalms: goal='Get your sleeping corner back', knows=[], holds=['spark (w_x05667) ×2']
Noll Copp: goal='Hear news from your kin', knows=[], holds=['spark (w_x05668) ×4']
Hamel Upstream: goal='Keep the household blankets in good order', knows=[], holds=['spark (w_x05669) ×7']
Averil of Cinder Row: goal='Hear news from your kin', knows=[], holds=['spark (w_x05670) ×2']
Dob Ashe: goal='Hear news from your kin', knows=[], holds=['spark (w_x05671) ×3']
Clemence Hawser: goal='Share a memory of the street', knows=[], holds=['spark (w_x05672) ×5']
Ib of the Tenters: goal='Keep the household blankets in good order', knows=[], holds=['spark (w_x05673) ×5']
Rohese Threefinger: goal='Get your sleeping corner back', knows=[], holds=['spark (w_x05674) ×3']
Betriss Salter: goal='Keep the household blankets in good order', knows=[], holds=['spark (w_x05675) ×5']
Rohese of the Shambles: goal='Enjoy a little peace in your neighbourhood', knows=[], holds=['spark (w_x05676) ×2']
Dunstan Salter: goal='Keep the household blankets in good order', knows=[], holds=['spark (w_x05677) ×7']
Grigor Upstream: goal='Enjoy a little peace in your neighbourhood', knows=[], holds=['spark (w_x05678) ×6']
Segwin Crake: goal='Find a quiet frontage where you are welcome', knows=[], holds=['spark (w_x05679) ×2']
Rohese Wetalms: goal='Keep the household blankets in good order', knows=[], holds=['spark (w_x05680) ×7']
Betriss of the Low Bridge: goal='Keep your clothes dry', knows=[], holds=['spark (w_x05681) ×5']
Petronel Ashe: goal='Find somewhere you will be left alone', knows=[], holds=['spark (w_x05682) ×2']
Hamel Ferrant: goal='Keep the household blankets in good order', knows=[], holds=['spark (w_x05683) ×3']
Colm of the Tenters: goal='Find a salve for your hands', knows=[], holds=['spark (w_x05684) ×5']
Idonea Brant: goal='Enjoy a little peace in your neighbourhood', knows=[], holds=['spark (w_x05685) ×5']
Betriss of the Bellstand: goal='Enjoy a little peace in your neighbourhood', knows=[], holds=['spark (w_x05686) ×5']
Cobb of the Needle: goal='Find somewhere to dry your blanket', knows=[], holds=['spark (w_x05687) ×5']
Ansel Ashe: goal='Hear news from your kin', knows=[], holds=['spark (w_x05688) ×5']
Nan of the Low Bridge: goal="Get taken on for a day's work", knows=[], holds=['spark (w_x05689) ×7']
Noll Rasp: goal='Find out how your neighbour is keeping', knows=[], holds=['spark (w_x05690) ×2']
Petronel Sparr: goal='Share a memory of the street', knows=[], holds=['spark (w_x05691) ×3']
Jonet of Cinder Row: goal='Enjoy a little peace in your neighbourhood', knows=[], holds=['spark (w_x05692) ×4']
Pin Quern: goal='Hear news from your kin', knows=[], holds=['spark (w_x05693) ×2']
Renn of the Tenters: goal='Find out how your neighbour is keeping', knows=[], holds=['spark (w_x05694) ×6']
Nan Hawser: goal="Get taken on for a day's work", knows=[], holds=['spark (w_x05695) ×4']
Segwin of the Tenters: goal='Keep your clothes dry', knows=[], holds=['spark (w_x05696) ×2']
Colm Ferrant: goal='Find out how your neighbour is keeping', knows=[], holds=['spark (w_x05697) ×7']
Dob Pike: goal='Share a memory of the street', knows=[], holds=['spark (w_x05698) ×2']
Jos Alder: goal='Hear news from your kin', knows=[], holds=['spark (w_x05699) ×6']
Sibbe Salter: goal='Keep the household blankets in good order', knows=[], holds=['spark (w_x05700) ×3']
Aldith Dorn: goal='Keep your clothes dry', knows=[], holds=['spark (w_x05701) ×5']
Ib Alder: goal='Share a memory of the street', knows=[], holds=['spark (w_x05702) ×2']
Tib of the Shambles: goal='Keep your clothes dry', knows=[], holds=['spark (w_x05703) ×3']
Dunstan of the Tenters: goal='Hear news from your kin', knows=[], holds=['spark (w_x05704) ×7']
Jonet of the Tenters: goal='Keep your clothes dry', knows=[], holds=['spark (w_x05705) ×3']
Dunstan of the Low Bridge: goal='Find a quiet frontage where you are welcome', knows=[], holds=['spark (w_x05706) ×5']
Aubin of the Slip: goal='Keep the household blankets in good order', knows=[], holds=['spark (w_x05707) ×5']
Ede of the Needle: goal='Hear news from your kin', knows=[], holds=['spark (w_x05708) ×3']
Segwin the Lesser: goal='Find something to put on your feet', knows=[], holds=['spark (w_x05709) ×7']
Colm Roper: goal='Find a salve for your hands', knows=[], holds=['spark (w_x05710) ×2']
Cobb Copp: goal='Replace your lost alms bowl', knows=[], holds=['spark (w_x05711) ×7']
Renn Marle: goal='Find out how your neighbour is keeping', knows=[], holds=['spark (w_x05712) ×5']
Ib Latchkey: goal='Find somewhere you will be left alone', knows=[], holds=['spark (w_x05713) ×3']
Idonea of Ostrelle: goal='Share a memory of the street', knows=[], holds=['spark (w_x05714) ×5']
Bertran of the Shambles: goal='Enjoy a little peace in your neighbourhood', knows=[], holds=['spark (w_x05715) ×3']
Tib Coldhands: goal='Find somewhere to dry your blanket', knows=[], holds=['spark (w_x05716) ×6']
Sef Hobbe: goal='Hear news from your kin', knows=[], holds=['spark (w_x05717) ×2']
Gile Wetalms: goal='Find a salve for your hands', knows=[], holds=['spark (w_x05718) ×5']
Cobb of the Bellstand: goal='Keep your clothes dry', knows=[], holds=['spark (w_x05719) ×4']
Rohese Tarn: goal='Keep the household blankets in good order', knows=[], holds=['spark (w_x05720) ×2']
Dunstan Ferrant: goal='Enjoy a little peace in your neighbourhood', knows=[], holds=['spark (w_x05721) ×4']
Noll Fitch: goal='Find out how your neighbour is keeping', knows=[], holds=['spark (w_x05722) ×5']
Grigor Quern: goal='Hear news from your kin', knows=[], holds=['spark (w_x05723) ×7']
Bertran the Long: goal='Hear news from your kin', knows=[], holds=['spark (w_x05724) ×4']
Grigor Upstream: goal='Keep the household blankets in good order', knows=[], holds=['spark (w_x05725) ×2']
Ansel the Long: goal='Hear news from your kin', knows=[], holds=['spark (w_x05726) ×6']
Corin the Long: goal='Keep your clothes dry', knows=[], holds=['spark (w_x05727) ×4']
Lise Wetalms: goal='Keep your clothes dry', knows=[], holds=['spark (w_x05728) ×6']
Rohese Copp: goal='Keep the household blankets in good order', knows=[], holds=['spark (w_x05729) ×6']
Ansel Roper: goal='Enjoy a little peace in your neighbourhood', knows=[], holds=['spark (w_x05730) ×3']
Tib Coldhands: goal='Hear news from your kin', knows=[], holds=['spark (w_x05731) ×5']
Aldith Brant: goal='Find out how your neighbour is keeping', knows=[], holds=['spark (w_x05732) ×4']
Jonet Quern: goal='Find a salve for your hands', knows=[], holds=['spark (w_x05733) ×5']
Betriss Crake: goal='Share a memory of the street', knows=[], holds=['spark (w_x05734) ×6']
Cobb of the Gutter Steps: goal='Keep your clothes dry', knows=[], holds=['spark (w_x05735) ×5']
Dob Hawser: goal='Find something to put on your feet', knows=[], holds=['spark (w_x05736) ×5']
Hamel Rasp: goal='Get your sleeping corner back', knows=[], holds=['spark (w_x05737) ×7']
Idonea Stott: goal='Keep your clothes dry', knows=[], holds=['spark (w_x05738) ×4']
Tib Wetalms: goal='Find something to put on your feet', knows=[], holds=['spark (w_x05739) ×7']
Jonet Fitch: goal='Find out how your neighbour is keeping', knows=[], holds=['spark (w_x05740) ×6']
Idonea Roper: goal='Beg or find a meal today', knows=[], holds=['spark (w_x05741) ×5']
Dunstan Quern: goal='Enjoy a little peace in your neighbourhood', knows=[], holds=['spark (w_x05742) ×5']
Segwin Nineteen: goal='Hear news from your kin', knows=[], holds=['spark (w_x05743) ×4']
Ede Ashe: goal='Enjoy a little peace in your neighbourhood', knows=[], holds=['spark (w_x05744) ×2']
Renn Ferrant: goal='Keep the household blankets in good order', knows=[], holds=['spark (w_x05745) ×7']
Corin Skell: goal='Find a quiet frontage where you are welcome', knows=[], holds=['spark (w_x05746) ×5']
Aubin of the Gutter Steps: goal='Find somewhere to dry your blanket', knows=[], holds=['spark (w_x05747) ×2']
Grigor of the Low Bridge: goal='Find somewhere to dry your blanket', knows=[], holds=['spark (w_x05748) ×4']
Ib of the Gutter Steps: goal='Enjoy a little peace in your neighbourhood', knows=[], holds=['spark (w_x05749) ×3']
Osanne Upstream: goal='Share a memory of the street', knows=[], holds=['spark (w_x05750) ×5']
Jos Quern: goal='Get your sleeping corner back', knows=[], holds=['spark (w_x05751) ×5']
Sibbe Fitch: goal='Share a memory of the street', knows=[], holds=['spark (w_x05752) ×6']
Rohese Crake: goal='Share a memory of the street', knows=[], holds=['spark (w_x05753) ×5']
Tobin Hobbe: goal='Hear news from your kin', knows=[], holds=['spark (w_x05754) ×7']
Colm Scaffold: goal='Keep your clothes dry', knows=[], holds=['spark (w_x05755) ×7']
Bertran of Cinder Row: goal='Enjoy a little peace in your neighbourhood', knows=[], holds=['spark (w_x05756) ×7']
Renn Crake: goal='Keep your clothes dry', knows=[], holds=['spark (w_x05757) ×2']
Osanne Coldhands: goal='Hear news from your kin', knows=[], holds=['spark (w_x05758) ×6']
Nan of Ostrelle: goal='Keep your clothes dry', knows=[], holds=['spark (w_x05759) ×5']
Aldith Wetalms: goal='Share a memory of the street', knows=[], holds=['spark (w_x05760) ×2']
Petronel Dorn: goal='Keep the household blankets in good order', knows=[], holds=['spark (w_x05761) ×3']
Sibbe Threefinger: goal='Keep your clothes dry', knows=[], holds=['spark (w_x05762) ×2']
Gile Pike: goal='Enjoy a little peace in your neighbourhood', knows=[], holds=['spark (w_x05763) ×3']
Clemence Upstream: goal='Hear news from your kin', knows=[], holds=['spark (w_x05764) ×3']
Havise Tarn: goal='Enjoy a little peace in your neighbourhood', knows=[], holds=['spark (w_x05765) ×4']
Bertran Fitch: goal='Find somewhere to dry your blanket', knows=[], holds=['spark (w_x05766) ×3']
Pin Crake: goal='Get your sleeping corner back', knows=[], holds=['spark (w_x05767) ×6']
Aldith of the Bellstand: goal='Hear news from your kin', knows=[], holds=['spark (w_x05768) ×5']
Sef of the Needle: goal='Enjoy a little peace in your neighbourhood', knows=[], holds=['spark (w_x05769) ×7']
Bertran Fitch: goal='Keep the household blankets in good order', knows=[], holds=['spark (w_x05770) ×7']
Ansel Dorn: goal='Share a memory of the street', knows=[], holds=['spark (w_x05771) ×3']
Bertran Roper: goal='Hear news from your kin', knows=[], holds=['spark (w_x05772) ×7']
Sef of Ostrelle: goal='Share a memory of the street', knows=[], holds=['spark (w_x05773) ×4']
Petronel Stott: goal='Find something to put on your feet', knows=[], holds=['spark (w_x05774) ×5']
Corin Rasp: goal='Find somewhere to dry your blanket', knows=[], holds=['spark (w_x05775) ×5']
Nan Dorn: goal='Find out how your neighbour is keeping', knows=[], holds=['spark (w_x05776) ×7']
Gile Skell: goal='Replace your lost alms bowl', knows=[], holds=['spark (w_x05777) ×5']
Gile of Cinder Row: goal='Enjoy a little peace in your neighbourhood', knows=[], holds=['spark (w_x05778) ×7']
Sibbe Fitch: goal='Keep your clothes dry', knows=[], holds=['spark (w_x05779) ×2']
Grigor Alder: goal='Keep the household blankets in good order', knows=[], holds=['spark (w_x05780) ×2']
Mote Marle: goal='Share a memory of the street', knows=[], holds=['spark (w_x05781) ×2']
Idonea of the Low Bridge: goal='Find a salve for your hands', knows=[], holds=['spark (w_x05782) ×4']
Ewart Rasp: goal='Keep the household blankets in good order', knows=[], holds=['spark (w_x05783) ×4']
Clemence Ferrant: goal='Enjoy a little peace in your neighbourhood', knows=[], holds=['spark (w_x05784) ×5']
Tib Salter: goal='Find a quiet frontage where you are welcome', knows=[], holds=['spark (w_x05785) ×2']
Betriss Fitch: goal="Get taken on for a day's work", knows=[], holds=['spark (w_x05786) ×5']
Colm Salter: goal='Keep your clothes dry', knows=[], holds=['spark (w_x05787) ×5']
Cobb of the Needle: goal='Find somewhere to dry your blanket', knows=[], holds=['spark (w_x05788) ×7']
Nan of Cinder Row: goal='Keep the household blankets in good order', knows=[], holds=['spark (w_x05789) ×7']
Betriss Ashe: goal='Keep the household blankets in good order', knows=[], holds=['spark (w_x05790) ×4']
Mote of the Shambles: goal='Get your sleeping corner back', knows=[], holds=['spark (w_x05791) ×5']
Ede Hobbe: goal='Share a memory of the street', knows=[], holds=['spark (w_x05792) ×6']
Dob Tarn: goal='Hear news from your kin', knows=[], holds=['spark (w_x05793) ×5']
Averil of the Low Bridge: goal='Enjoy a little peace in your neighbourhood', knows=[], holds=['spark (w_x05794) ×7']
Idonea Brant: goal='Find somewhere you will be left alone', knows=[], holds=['spark (w_x05795) ×2']
Jos Salter: goal='Hear news from your kin', knows=[], holds=['spark (w_x05796) ×4']
Ewart Nineteen: goal='Hear news from your kin', knows=[], holds=['spark (w_x05797) ×6']
Ede Salter: goal='Share a memory of the street', knows=[], holds=['spark (w_x05798) ×5']
Lise Tarn: goal='Get your sleeping corner back', knows=[], holds=['spark (w_x05799) ×5']
Tobin Marle: goal='Keep the household blankets in good order', knows=[], holds=['spark (w_x05800) ×3']
Petronel Hawser: goal='Find something to put on your feet', knows=[], holds=['spark (w_x05801) ×5']
Dob Upstream: goal='Keep your clothes dry', knows=[], holds=['spark (w_x05802) ×2']
Idonea the Lesser: goal='Get your sleeping corner back', knows=[], holds=['spark (w_x05803) ×3']
Mote Roper: goal='Find out how your neighbour is keeping', knows=[], holds=['spark (w_x05804) ×5']
Colm Hawser: goal='Enjoy a little peace in your neighbourhood', knows=[], holds=['spark (w_x05805) ×5']
Ib Hobbe: goal='Keep your clothes dry', knows=[], holds=['spark (w_x05806) ×6']
Colm Quern: goal='Find out how your neighbour is keeping', knows=[], holds=['spark (w_x05807) ×2']
Corin Hawser: goal='Find something to put on your feet', knows=[], holds=['spark (w_x05808) ×4']
Tib Dorn: goal='Keep the household blankets in good order', knows=[], holds=['spark (w_x05809) ×4']
Idonea Coldhands: goal='Keep the household blankets in good order', knows=[], holds=['spark (w_x05810) ×4']
Lise the Long: goal='Keep the household blankets in good order', knows=[], holds=['spark (w_x05811) ×5']
Sef of the Slip: goal='Get the penny you were promised for the horse', knows=[], holds=['spark (w_x05812) ×7']
Aubin Quern: goal='Find somewhere to dry your blanket', knows=[], holds=['spark (w_x05813) ×5']
Nan Tarn: goal='Share a memory of the street', knows=[], holds=['spark (w_x05814) ×5']
Clemence of Cinder Row: goal='Enjoy a little peace in your neighbourhood', knows=[], holds=['spark (w_x05815) ×2']
Mote Crake: goal='Enjoy a little peace in your neighbourhood', knows=[], holds=['spark (w_x05816) ×2']
Jonet Copp: goal='Share a memory of the street', knows=[], holds=['spark (w_x05817) ×4']
Gile of the Low Bridge: goal='Enjoy a little peace in your neighbourhood', knows=[], holds=['spark (w_x05818) ×4']
Averil Brant: goal='Share a memory of the street', knows=[], holds=['spark (w_x05819) ×2']
Lise Rasp: goal='Keep the household blankets in good order', knows=[], holds=['spark (w_x05820) ×7']
Aldith of the Needle: goal='Find out how your neighbour is keeping', knows=[], holds=['spark (w_x05821) ×7']
Idonea of the Tenters: goal='Keep the household blankets in good order', knows=[], holds=['spark (w_x05822) ×4']
Idonea Sparr: goal='Beg or find a meal today', knows=[], holds=['spark (w_x05823) ×7']
Renn Vell: goal='Find out how your neighbour is keeping', knows=[], holds=['spark (w_x05824) ×2']
Bertran of the Low Bridge: goal='Keep the household blankets in good order', knows=[], holds=['spark (w_x05825) ×2']
Gile Salter: goal='Hear news from your kin', knows=[], holds=['spark (w_x05826) ×5']
Colm Threefinger: goal='Find a quiet frontage where you are welcome', knows=[], holds=['spark (w_x05827) ×3']
Gile of the Bellstand: goal='Replace your lost alms bowl', knows=[], holds=['spark (w_x05828) ×7']
Grigor Fitch: goal='Beg or find a meal today', knows=[], holds=['spark (w_x05829) ×6']
Ansel of the Slip: goal='Hear news from your kin', knows=[], holds=['spark (w_x05830) ×7']
Aldith Nineteen: goal='Keep the household blankets in good order', knows=[], holds=['spark (w_x05831) ×7']
Averil of the Slip: goal='Enjoy a little peace in your neighbourhood', knows=[], holds=['spark (w_x05832) ×4']
Cobb Dorn: goal='Enjoy a little peace in your neighbourhood', knows=[], holds=['spark (w_x05833) ×3']
Grigor Fitch: goal='Enjoy a little peace in your neighbourhood', knows=[], holds=['spark (w_x05834) ×6']
Hamel Ferrant: goal='Hear news from your kin', knows=[], holds=['spark (w_x05835) ×3']
Grigor of the Low Bridge: goal='Keep your clothes dry', knows=[], holds=['spark (w_x05836) ×5']
Lise of the Tenters: goal='Share a memory of the street', knows=[], holds=['spark (w_x05837) ×4']
Renn Hobbe: goal='Hear news from your kin', knows=[], holds=['spark (w_x05838) ×3']
Betriss Dorn: goal='Beg or find a meal today', knows=[], holds=['spark (w_x05839) ×2']
Jos of the Tenters: goal='Keep your clothes dry', knows=[], holds=['spark (w_x05840) ×6']
Jonet Salter: goal='Find out how your neighbour is keeping', knows=[], holds=['spark (w_x05841) ×3']
Averil of the Shambles: goal='Find a quiet frontage where you are welcome', knows=[], holds=['spark (w_x05842) ×2']
Betriss of the Bellstand: goal='Keep the household blankets in good order', knows=[], holds=['spark (w_x05843) ×7']
Osanne Salter: goal='Keep the household blankets in good order', knows=[], holds=['spark (w_x05844) ×2']
Mote Ferrant: goal='Find out how your neighbour is keeping', knows=[], holds=['spark (w_x05845) ×3']
Clemence Hawser: goal='Find somewhere to dry your blanket', knows=[], holds=['spark (w_x05846) ×6']
Tib Brant: goal='Keep the household blankets in good order', knows=[], holds=['spark (w_x05847) ×6']
Gile of the Slip: goal='Find out how your neighbour is keeping', knows=[], holds=['spark (w_x05848) ×4']
Pin of the Low Bridge: goal='Replace your lost alms bowl', knows=[], holds=['spark (w_x05849) ×2']
Havise of the Low Bridge: goal='Share a memory of the street', knows=[], holds=['spark (w_x05850) ×4']
Jos of the Slip: goal='Share a memory of the street', knows=[], holds=['spark (w_x05851) ×6']
Pin Wetalms: goal='Keep the household blankets in good order', knows=[], holds=['spark (w_x05852) ×4']
Grigor Marle: goal='Keep your clothes dry', knows=[], holds=['spark (w_x05853) ×6']
Tobin Coldhands: goal='Find out how your neighbour is keeping', knows=[], holds=['spark (w_x05854) ×5']
Lise Hawser: goal='Enjoy a little peace in your neighbourhood', knows=[], holds=['spark (w_x05855) ×3']
Clemence Coldhands: goal='Get the penny you were promised for the horse', knows=[], holds=['spark (w_x05856) ×3']
Lise of the Shambles: goal='Enjoy a little peace in your neighbourhood', knows=[], holds=['spark (w_x05857) ×3']
Sibbe Vell: goal="Get taken on for a day's work", knows=[], holds=['spark (w_x05858) ×5']
Renn Sparr: goal='Enjoy a little peace in your neighbourhood', knows=[], holds=['spark (w_x05859) ×7']
Osanne Crake: goal='Find out how your neighbour is keeping', knows=[], holds=['spark (w_x05860) ×5']
Ansel of the Shambles: goal='Keep your clothes dry', knows=[], holds=['spark (w_x05861) ×3']
Lise of the Bellstand: goal='Hear news from your kin', knows=[], holds=['spark (w_x05862) ×4']
Petronel Hobbe: goal='Hear news from your kin', knows=[], holds=['spark (w_x05863) ×7']
Mote of Cinder Row: goal='Share a memory of the street', knows=[], holds=['spark (w_x05864) ×2']
Hamel Quern: goal='Share a memory of the street', knows=[], holds=['spark (w_x05865) ×2']
Ib the Lesser: goal='Share a memory of the street', knows=[], holds=['spark (w_x05866) ×6']
Jos Coldhands: goal='Keep your clothes dry', knows=[], holds=['spark (w_x05867) ×7']
Renn Crake: goal='Keep your clothes dry', knows=[], holds=['spark (w_x05868) ×6']
Bertran Latchkey: goal='Hear news from your kin', knows=[], holds=['spark (w_x05869) ×3']
Ib Salter: goal='Enjoy a little peace in your neighbourhood', knows=[], holds=['spark (w_x05870) ×7']
Colm Ferrant: goal='Get your sleeping corner back', knows=[], holds=['spark (w_x05871) ×5']
Sef Dorn: goal='Keep your clothes dry', knows=[], holds=['spark (w_x05872) ×5']
Rohese Latchkey: goal='Find something to put on your feet', knows=[], holds=['spark (w_x05873) ×7']
Ewart Rasp: goal='Keep the household blankets in good order', knows=[], holds=['spark (w_x05874) ×3']
Rohese Stott: goal='Find out how your neighbour is keeping', knows=[], holds=['spark (w_x05875) ×7']
Havise Scaffold: goal='Keep your clothes dry', knows=[], holds=['spark (w_x05876) ×7']
Betriss Dorn: goal='Enjoy a little peace in your neighbourhood', knows=[], holds=['spark (w_x05877) ×5']
Rohese Shortmeasure: goal='Get your sleeping corner back', knows=[], holds=['spark (w_x05878) ×7']
Rohese of the Tenters: goal='Find something to put on your feet', knows=[], holds=['spark (w_x05879) ×4']
Jonet Hawser: goal='Hear news from your kin', knows=[], holds=['spark (w_x05880) ×3']
Ansel Sparr: goal='Hear news from your kin', knows=[], holds=['spark (w_x05881) ×7']
Ansel Roper: goal='Share a memory of the street', knows=[], holds=['spark (w_x05882) ×5']
Jonet of the Slip: goal='Get your sleeping corner back', knows=[], holds=['spark (w_x05883) ×6']
Gile Vell: goal='Get the penny you were promised for the horse', knows=[], holds=['spark (w_x05884) ×3']
Tobin Coldhands: goal='Share a memory of the street', knows=[], holds=['spark (w_x05885) ×3']
Idonea Marle: goal='Find out how your neighbour is keeping', knows=[], holds=['spark (w_x05886) ×2']
Segwin of the Shambles: goal='Keep your clothes dry', knows=[], holds=['spark (w_x05887) ×6']
Jos the Lesser: goal='Enjoy a little peace in your neighbourhood', knows=[], holds=['spark (w_x05888) ×7']
Noll of the Needle: goal='Find somewhere to dry your blanket', knows=[], holds=['spark (w_x05889) ×7']
Hamel of the Gutter Steps: goal='Share a memory of the street', knows=[], holds=['spark (w_x05890) ×6']
Jos Sparr: goal='Beg or find a meal today', knows=[], holds=['spark (w_x05891) ×2']
Havise Upstream: goal='Beg or find a meal today', knows=[], holds=['spark (w_x05892) ×6']
Sibbe Dorn: goal='Enjoy a little peace in your neighbourhood', knows=[], holds=['spark (w_x05893) ×4']
Idonea Wetalms: goal='Keep the household blankets in good order', knows=[], holds=['spark (w_x05894) ×2']
Grigor Salter: goal='Find a quiet frontage where you are welcome', knows=[], holds=['spark (w_x05895) ×3']
Grigor Ashe: goal='Share a memory of the street', knows=[], holds=['spark (w_x05896) ×3']
Petronel Ashe: goal='Enjoy a little peace in your neighbourhood', knows=[], holds=['spark (w_x05897) ×4']
Aubin of the Needle: goal='Hear news from your kin', knows=[], holds=['spark (w_x05898) ×4']
Jos Rasp: goal='Find out how your neighbour is keeping', knows=[], holds=['spark (w_x05899) ×3']
Sef Roper: goal='Keep your clothes dry', knows=[], holds=['spark (w_x05900) ×3']
Jonet Roper: goal='Replace your lost alms bowl', knows=[], holds=['spark (w_x05901) ×7']
Hamel Brant: goal='Keep your clothes dry', knows=[], holds=['spark (w_x05902) ×7']
Dob Skell: goal='Keep your clothes dry', knows=[], holds=['spark (w_x05903) ×4']
Jonet Dorn: goal='Share a memory of the street', knows=[], holds=['spark (w_x05904) ×5']
Pin Alder: goal='Hear news from your kin', knows=[], holds=['spark (w_x05905) ×4']
Averil of the Bellstand: goal='Enjoy a little peace in your neighbourhood', knows=[], holds=['spark (w_x05906) ×7']
Osanne Upstream: goal='Keep the household blankets in good order', knows=[], holds=['spark (w_x05907) ×7']
Sef Alder: goal='Find something to put on your feet', knows=[], holds=['spark (w_x05908) ×4']
Ansel Coldhands: goal='Hear news from your kin', knows=[], holds=['spark (w_x05909) ×2']
Ewart of the Gutter Steps: goal='Get your sleeping corner back', knows=[], holds=['spark (w_x05910) ×2']
Jos Vell: goal='Keep the household blankets in good order', knows=[], holds=['spark (w_x05911) ×7']
Ansel Salter: goal='Hear news from your kin', knows=[], holds=['spark (w_x05912) ×3']
Tib Hobbe: goal='Enjoy a little peace in your neighbourhood', knows=[], holds=['spark (w_x05913) ×7']
Segwin Salter: goal='Find a salve for your hands', knows=[], holds=['spark (w_x05914) ×7']
Ede Nineteen: goal='Keep the household blankets in good order', knows=[], holds=['spark (w_x05915) ×6']
Grigor Hawser: goal='Keep the household blankets in good order', knows=[], holds=['spark (w_x05916) ×3']
Havise of the Slip: goal='Share a memory of the street', knows=[], holds=['spark (w_x05917) ×4']
Bertran Coldhands: goal='Get your sleeping corner back', knows=[], holds=['spark (w_x05918) ×6']
Dob Coldhands: goal='Keep the household blankets in good order', knows=[], holds=['spark (w_x05919) ×3']
Havise of the Tenters: goal='Find out how your neighbour is keeping', knows=[], holds=['spark (w_x05920) ×2']
Dob Latchkey: goal='Get the penny you were promised for the horse', knows=[], holds=['spark (w_x05921) ×3']
Noll of the Bellstand: goal='Replace your lost alms bowl', knows=[], holds=['spark (w_x05922) ×5']
Segwin Fitch: goal='Keep your clothes dry', knows=[], holds=['spark (w_x05923) ×7']
Grigor Quern: goal='Share a memory of the street', knows=[], holds=['spark (w_x05924) ×5']
Clemence Sparr: goal='Hear news from your kin', knows=[], holds=['spark (w_x05925) ×4']
Mote Threefinger: goal="Get taken on for a day's work", knows=[], holds=['spark (w_x05926) ×2']
Noll Nineteen: goal='Enjoy a little peace in your neighbourhood', knows=[], holds=['spark (w_x05927) ×2']
Noll of the Low Bridge: goal='Keep your clothes dry', knows=[], holds=['spark (w_x05928) ×3']
Idonea Nineteen: goal='Keep your clothes dry', knows=[], holds=['spark (w_x05929) ×3']
Cobb Salter: goal='Find out how your neighbour is keeping', knows=[], holds=['spark (w_x05930) ×4']
Rohese of the Bellstand: goal='Beg or find a meal today', knows=[], holds=['spark (w_x05931) ×2']
Rohese the Lesser: goal='Share a memory of the street', knows=[], holds=['spark (w_x05932) ×3']
Osanne of the Tenters: goal='Get the penny you were promised for the horse', knows=[], holds=['spark (w_x05933) ×5']
Noll of the Tenters: goal='Share a memory of the street', knows=[], holds=['spark (w_x05934) ×6']
Pin Fitch: goal='Find a salve for your hands', knows=[], holds=['spark (w_x05935) ×5']
Averil of the Low Bridge: goal='Keep your clothes dry', knows=[], holds=['spark (w_x05936) ×6']
Ib Hobbe: goal='Share a memory of the street', knows=[], holds=['spark (w_x05937) ×7']
Hamel Brant: goal='Share a memory of the street', knows=[], holds=['spark (w_x05938) ×7']
Petronel Brant: goal='Keep the household blankets in good order', knows=[], holds=['spark (w_x05939) ×7']
Grigor of the Bellstand: goal='Keep the household blankets in good order', knows=[], holds=['spark (w_x05940) ×3']
Ib Skell: goal='Share a memory of the street', knows=[], holds=['spark (w_x05941) ×4']
Sef Upstream: goal='Keep the household blankets in good order', knows=[], holds=['spark (w_x05942) ×2']
Jonet Salter: goal='Keep your clothes dry', knows=[], holds=['spark (w_x05943) ×6']
Petronel Crake: goal='Get the penny you were promised for the horse', knows=[], holds=['spark (w_x05944) ×6']
Ib Crake: goal='Find something to put on your feet', knows=[], holds=['spark (w_x05945) ×4']
Mote Crake: goal='Replace your lost alms bowl', knows=[], holds=['spark (w_x05946) ×4']
Petronel Ashe: goal='Share a memory of the street', knows=[], holds=['spark (w_x05947) ×6']
Ede Tarn: goal='Find out how your neighbour is keeping', knows=[], holds=['spark (w_x05948) ×6']
Ede Nineteen: goal='Find something to put on your feet', knows=[], holds=['spark (w_x05949) ×4']
Aldith Ashe: goal='Keep your clothes dry', knows=[], holds=['spark (w_x05950) ×2']
Idonea Crake: goal='Share a memory of the street', knows=[], holds=['spark (w_x05951) ×7']
Averil of the Needle: goal='Enjoy a little peace in your neighbourhood', knows=[], holds=['spark (w_x05952) ×2']
Jonet Shortmeasure: goal='Share a memory of the street', knows=[], holds=['spark (w_x05953) ×4']
Havise Fitch: goal='Find out how your neighbour is keeping', knows=[], holds=['spark (w_x05954) ×7']
Ewart Copp: goal='Find out how your neighbour is keeping', knows=[], holds=['spark (w_x05955) ×6']
Ib Sparr: goal='Hear news from your kin', knows=[], holds=['spark (w_x05956) ×5']
Nan Fitch: goal='Keep the household blankets in good order', knows=[], holds=['spark (w_x05957) ×6']
Pin Pike: goal='Find out how your neighbour is keeping', knows=[], holds=['spark (w_x05958) ×4']
Cobb Coldhands: goal='Beg or find a meal today', knows=[], holds=['spark (w_x05959) ×6']
Mote Ferrant: goal='Find something to put on your feet', knows=[], holds=['spark (w_x05960) ×7']
Lise of the Bellstand: goal='Share a memory of the street', knows=[], holds=['spark (w_x05961) ×4']
Sef Threefinger: goal='Hear news from your kin', knows=[], holds=['spark (w_x05962) ×4']
Jonet Hobbe: goal='Keep the household blankets in good order', knows=[], holds=['spark (w_x05963) ×4']
Ewart Ashe: goal='Find something to put on your feet', knows=[], holds=['spark (w_x05964) ×7']
Aldith of the Bellstand: goal='Keep the household blankets in good order', knows=[], holds=['spark (w_x05965) ×4']
Dob of the Low Bridge: goal='Find somewhere you will be left alone', knows=[], holds=['spark (w_x05966) ×5']
Cobb Sparr: goal='Share a memory of the street', knows=[], holds=['spark (w_x05967) ×2']
Rohese of Ostrelle: goal='Find out how your neighbour is keeping', knows=[], holds=['spark (w_x05968) ×6']
Averil Dorn: goal='Keep your clothes dry', knows=[], holds=['spark (w_x05969) ×6']
Ewart the Lesser: goal='Find something to put on your feet', knows=[], holds=['spark (w_x05970) ×4']
Sibbe Tarn: goal='Get the penny you were promised for the horse', knows=[], holds=['spark (w_x05971) ×4']
Rohese Stott: goal='Get the penny you were promised for the horse', knows=[], holds=['spark (w_x05972) ×7']
Nan Wetalms: goal='Hear news from your kin', knows=[], holds=['spark (w_x05973) ×2']
Osanne Upstream: goal='Share a memory of the street', knows=[], holds=['spark (w_x05974) ×4']
Renn the Lesser: goal='Find somewhere you will be left alone', knows=[], holds=['spark (w_x05975) ×5']
Mote Copp: goal='Share a memory of the street', knows=[], holds=['spark (w_x05976) ×6']
Betriss Sparr: goal='Keep the household blankets in good order', knows=[], holds=['spark (w_x05977) ×4']
Petronel Pike: goal='Find out how your neighbour is keeping', knows=[], holds=['spark (w_x05978) ×3']
Averil of the Bellstand: goal='Hear news from your kin', knows=[], holds=['spark (w_x05979) ×5']
Sibbe Latchkey: goal='Hear news from your kin', knows=[], holds=['spark (w_x05980) ×6']
Corin Vell: goal='Find a salve for your hands', knows=[], holds=['spark (w_x05981) ×2']
Gile Stott: goal='Keep the household blankets in good order', knows=[], holds=['spark (w_x05982) ×7']
Aldith of the Needle: goal='Enjoy a little peace in your neighbourhood', knows=[], holds=['spark (w_x05983) ×5']
Tib Shortmeasure: goal='Get your sleeping corner back', knows=[], holds=['spark (w_x05984) ×7']
Hamel Nineteen: goal='Find a salve for your hands', knows=[], holds=['spark (w_x05985) ×3']
Betriss Marle: goal='Share a memory of the street', knows=[], holds=['spark (w_x05986) ×5']
Ib Fitch: goal='Find something to put on your feet', knows=[], holds=['spark (w_x05987) ×7']
Betriss of Ostrelle: goal='Keep your clothes dry', knows=[], holds=['spark (w_x05988) ×6']
Clemence Alder: goal='Find a salve for your hands', knows=[], holds=['spark (w_x05989) ×4']
Idonea of Cinder Row: goal='Hear news from your kin', knows=[], holds=['spark (w_x05990) ×6']
Jonet Copp: goal='Hear news from your kin', knows=[], holds=['spark (w_x05991) ×3']
Mote Alder: goal='Hear news from your kin', knows=[], holds=['spark (w_x05992) ×6']
Betriss Salter: goal='Keep the household blankets in good order', knows=[], holds=['spark (w_x05993) ×2']
Sibbe Tarn: goal='Keep the household blankets in good order', knows=[], holds=['spark (w_x05994) ×2']
Aldith of the Low Bridge: goal='Find something to put on your feet', knows=[], holds=['spark (w_x05995) ×6']
Noll of the Low Bridge: goal='Hear news from your kin', knows=[], holds=['spark (w_x05996) ×2']
Jonet Scaffold: goal='Keep the household blankets in good order', knows=[], holds=['spark (w_x05997) ×4']
Pin Alder: goal='Keep the household blankets in good order', knows=[], holds=['spark (w_x05998) ×4']
Sibbe Threefinger: goal='Find somewhere you will be left alone', knows=[], holds=['spark (w_x05999) ×3']
Averil of the Bellstand: goal='Keep your clothes dry', knows=[], holds=['spark (w_x06000) ×7']
Sef of the Low Bridge: goal='Keep your clothes dry', knows=[], holds=['spark (w_x06001) ×5']
Rohese Shortmeasure: goal='Find something to put on your feet', knows=[], holds=['spark (w_x06002) ×2']
Averil Upstream: goal='Hear news from your kin', knows=[], holds=['spark (w_x06003) ×4']
Gile Wetalms: goal='Find out how your neighbour is keeping', knows=[], holds=['spark (w_x06004) ×5']
Dunstan of the Bellstand: goal='Find a quiet frontage where you are welcome', knows=[], holds=['spark (w_x06005) ×5']
Aubin of Cinder Row: goal='Keep the household blankets in good order', knows=[], holds=['spark (w_x06006) ×4']
Idonea Marle: goal='Replace your lost alms bowl', knows=[], holds=['spark (w_x06007) ×2']
Petronel Skell: goal='Enjoy a little peace in your neighbourhood', knows=[], holds=['spark (w_x06008) ×5']
Cobb Coldhands: goal='Hear news from your kin', knows=[], holds=['spark (w_x06009) ×3']
Renn Alder: goal='Share a memory of the street', knows=[], holds=['spark (w_x06010) ×5']
Aubin Dorn: goal='Keep your clothes dry', knows=[], holds=['spark (w_x06011) ×2']
Pin Tarn: goal='Share a memory of the street', knows=[], holds=['spark (w_x06012) ×4']
Betriss of the Slip: goal='Keep your clothes dry', knows=[], holds=['spark (w_x06013) ×4']
Ede Sparr: goal='Find out how your neighbour is keeping', knows=[], holds=['spark (w_x06014) ×5']
Corin Stott: goal='Hear news from your kin', knows=[], holds=['spark (w_x06015) ×6']
Ansel the Long: goal='Keep your clothes dry', knows=[], holds=['spark (w_x06016) ×4']
Corin Copp: goal='Keep your clothes dry', knows=[], holds=['spark (w_x06017) ×6']
Petronel Skell: goal='Hear news from your kin', knows=[], holds=['spark (w_x06018) ×6']
Idonea of Cinder Row: goal='Share a memory of the street', knows=[], holds=['spark (w_x06019) ×5']
Aubin Copp: goal="Get taken on for a day's work", knows=[], holds=['spark (w_x06020) ×2']
Hamel Brant: goal='Share a memory of the street', knows=[], holds=['spark (w_x06021) ×4']
Ansel Salter: goal='Hear news from your kin', knows=[], holds=['spark (w_x06022) ×4']
Tib Nineteen: goal='Hear news from your kin', knows=[], holds=['spark (w_x06023) ×4']
Mote Brant: goal='Enjoy a little peace in your neighbourhood', knows=[], holds=['spark (w_x06024) ×5']
Tib Marle: goal='Enjoy a little peace in your neighbourhood', knows=[], holds=['spark (w_x06025) ×6']
Jos Hawser: goal='Enjoy a little peace in your neighbourhood', knows=[], holds=['spark (w_x06026) ×3']
Renn Pike: goal='Hear news from your kin', knows=[], holds=['spark (w_x06027) ×6']
Petronel Roper: goal='Find out how your neighbour is keeping', knows=[], holds=['spark (w_x06028) ×2']
Betriss Ashe: goal='Find out how your neighbour is keeping', knows=[], holds=['spark (w_x06029) ×6']
Pin of the Needle: goal='Find a quiet frontage where you are welcome', knows=[], holds=['spark (w_x06030) ×2']
Rohese Sparr: goal='Share a memory of the street', knows=[], holds=['spark (w_x06031) ×4']
Gile Pike: goal="Get taken on for a day's work", knows=[], holds=['spark (w_x06032) ×4']
Cobb Salter: goal='Share a memory of the street', knows=[], holds=['spark (w_x06033) ×7']
Betriss of the Bellstand: goal='Enjoy a little peace in your neighbourhood', knows=[], holds=['spark (w_x06034) ×7']
Lise Marle: goal='Enjoy a little peace in your neighbourhood', knows=[], holds=['spark (w_x06035) ×6']
Jonet Threefinger: goal='Find out how your neighbour is keeping', knows=[], holds=['spark (w_x06036) ×4']
Corin Fitch: goal='Replace your lost alms bowl', knows=[], holds=['spark (w_x06037) ×7']
Hamel Roper: goal='Keep your clothes dry', knows=[], holds=['spark (w_x06038) ×4']
Renn Ashe: goal='Share a memory of the street', knows=[], holds=['spark (w_x06039) ×2']
Ede Dorn: goal='Keep your clothes dry', knows=[], holds=['spark (w_x06040) ×5']
Dunstan of the Shambles: goal='Find out how your neighbour is keeping', knows=[], holds=['spark (w_x06041) ×4']
Tib of the Needle: goal='Keep your clothes dry', knows=[], holds=['spark (w_x06042) ×5']
Havise Nineteen: goal='Keep your clothes dry', knows=[], holds=['spark (w_x06043) ×6']
Nan Copp: goal='Enjoy a little peace in your neighbourhood', knows=[], holds=['spark (w_x06044) ×3']
Petronel Latchkey: goal="Get taken on for a day's work", knows=[], holds=['spark (w_x06045) ×6']
Cobb Scaffold: goal='Keep the household blankets in good order', knows=[], holds=['spark (w_x06046) ×2']
Jos Dorn: goal='Beg or find a meal today', knows=[], holds=['spark (w_x06047) ×3']
Hamel of the Gutter Steps: goal='Enjoy a little peace in your neighbourhood', knows=[], holds=['spark (w_x06048) ×3']
Jonet the Lesser: goal='Hear news from your kin', knows=[], holds=['spark (w_x06049) ×5']
Colm Crake: goal='Find a salve for your hands', knows=[], holds=['spark (w_x06050) ×6']
Corin Vell: goal='Keep the household blankets in good order', knows=[], holds=['spark (w_x06051) ×6']
Mote Wetalms: goal='Keep the household blankets in good order', knows=[], holds=['spark (w_x06052) ×4']
Grigor of the Low Bridge: goal='Find out how your neighbour is keeping', knows=[], holds=['spark (w_x06053) ×4']
Bertran Fitch: goal="Get taken on for a day's work", knows=[], holds=['spark (w_x06054) ×2']
Betriss Dorn: goal='Get the penny you were promised for the horse', knows=[], holds=['spark (w_x06055) ×7']
Grigor of Ostrelle: goal='Enjoy a little peace in your neighbourhood', knows=[], holds=['spark (w_x06056) ×3']
Ib of the Gutter Steps: goal='Keep your clothes dry', knows=[], holds=['spark (w_x06057) ×4']
Osanne of the Needle: goal='Keep the household blankets in good order', knows=[], holds=['spark (w_x06058) ×3']
Dunstan Sparr: goal='Beg or find a meal today', knows=[], holds=['spark (w_x06059) ×4']
Osanne Vell: goal='Find somewhere you will be left alone', knows=[], holds=['spark (w_x06060) ×3']
Clemence Ferrant: goal='Enjoy a little peace in your neighbourhood', knows=[], holds=['spark (w_x06061) ×2']
Ede Scaffold: goal='Keep the household blankets in good order', knows=[], holds=['spark (w_x06062) ×7']
Noll of the Gutter Steps: goal='Enjoy a little peace in your neighbourhood', knows=[], holds=['spark (w_x06063) ×5']
Tobin Dorn: goal='Hear news from your kin', knows=[], holds=['spark (w_x06064) ×3']
Sef Tarn: goal='Hear news from your kin', knows=[], holds=['spark (w_x06065) ×4']
Havise Wetalms: goal='Beg or find a meal today', knows=[], holds=['spark (w_x06066) ×7']
Renn Pike: goal='Beg or find a meal today', knows=[], holds=['spark (w_x06067) ×3']
Ansel Brant: goal='Get your sleeping corner back', knows=[], holds=['spark (w_x06068) ×5']
Pin Hobbe: goal='Find a quiet frontage where you are welcome', knows=[], holds=['spark (w_x06069) ×7']
Ib Upstream: goal='Keep your clothes dry', knows=[], holds=['spark (w_x06070) ×2']
Petronel Coldhands: goal='Keep your clothes dry', knows=[], holds=['spark (w_x06071) ×4']
Averil Shortmeasure: goal='Get the penny you were promised for the horse', knows=[], holds=['spark (w_x06072) ×7']
Rohese of the Gutter Steps: goal='Find somewhere you will be left alone', knows=[], holds=['spark (w_x06073) ×6']
Jos Alder: goal='Enjoy a little peace in your neighbourhood', knows=[], holds=['spark (w_x06074) ×2']
Jos Copp: goal='Replace your lost alms bowl', knows=[], holds=['spark (w_x06075) ×4']
Jonet Nineteen: goal='Share a memory of the street', knows=[], holds=['spark (w_x06076) ×7']
Corin Tarn: goal='Find a quiet frontage where you are welcome', knows=[], holds=['spark (w_x06077) ×5']
Noll Stott: goal='Keep your clothes dry', knows=[], holds=['spark (w_x06078) ×5']
Colm Marle: goal='Find something to put on your feet', knows=[], holds=['spark (w_x06079) ×4']
Dob Tarn: goal='Find a quiet frontage where you are welcome', knows=[], holds=['spark (w_x06080) ×2']
Bertran Vell: goal='Keep your clothes dry', knows=[], holds=['spark (w_x06081) ×6']
Clemence Crake: goal='Find somewhere to dry your blanket', knows=[], holds=['spark (w_x06082) ×3']
Tib of Cinder Row: goal='Keep your clothes dry', knows=[], holds=['spark (w_x06083) ×6']
Noll Hawser: goal='Find a salve for your hands', knows=[], holds=['spark (w_x06084) ×3']
Ewart Salter: goal='Find out how your neighbour is keeping', knows=[], holds=['spark (w_x06085) ×2']
Cobb the Long: goal='Keep the household blankets in good order', knows=[], holds=['spark (w_x06086) ×7']
Sef Scaffold: goal='Share a memory of the street', knows=[], holds=['spark (w_x06087) ×2']
Tib of the Bellstand: goal='Share a memory of the street', knows=[], holds=['spark (w_x06088) ×4']
Renn Hawser: goal='Share a memory of the street', knows=[], holds=['spark (w_x06089) ×6']
Osanne Fitch: goal='Get the penny you were promised for the horse', knows=[], holds=['spark (w_x06090) ×5']
Idonea Sparr: goal='Keep the household blankets in good order', knows=[], holds=['spark (w_x06091) ×2']
Nan Upstream: goal='Enjoy a little peace in your neighbourhood', knows=[], holds=['spark (w_x06092) ×6']
Lise the Lesser: goal='Keep your clothes dry', knows=[], holds=['spark (w_x06093) ×4']
Ansel Threefinger: goal='Enjoy a little peace in your neighbourhood', knows=[], holds=['spark (w_x06094) ×7']
Averil Crake: goal='Get the penny you were promised for the horse', knows=[], holds=['spark (w_x06095) ×2']
Colm of the Slip: goal='Enjoy a little peace in your neighbourhood', knows=[], holds=['spark (w_x06096) ×6']
Tib Copp: goal='Enjoy a little peace in your neighbourhood', knows=[], holds=['spark (w_x06097) ×4']
Corin Dorn: goal='Keep your clothes dry', knows=[], holds=['spark (w_x06098) ×5']
Dunstan of the Shambles: goal='Keep the household blankets in good order', knows=[], holds=['spark (w_x06099) ×5']
Petronel Roper: goal='Share a memory of the street', knows=[], holds=['spark (w_x06100) ×7']
Gile the Long: goal='Keep the household blankets in good order', knows=[], holds=['spark (w_x06101) ×6']
Dunstan of Ostrelle: goal='Find somewhere you will be left alone', knows=[], holds=['spark (w_x06102) ×6']
Dob of the Bellstand: goal='Share a memory of the street', knows=[], holds=['spark (w_x06103) ×2']
Jonet of the Slip: goal='Get your sleeping corner back', knows=[], holds=['spark (w_x06104) ×2']
Mote Upstream: goal='Share a memory of the street', knows=[], holds=['spark (w_x06105) ×6']
Jonet of the Shambles: goal='Find a salve for your hands', knows=[], holds=['spark (w_x06106) ×7']
Osanne Pike: goal='Find out how your neighbour is keeping', knows=[], holds=['spark (w_x06107) ×3']
Tib of the Slip: goal='Find out how your neighbour is keeping', knows=[], holds=['spark (w_x06108) ×7']
Rohese of the Needle: goal='Find somewhere you will be left alone', knows=[], holds=['spark (w_x06109) ×6']
Jonet Ashe: goal='Beg or find a meal today', knows=[], holds=['spark (w_x06110) ×3']
Colm of the Shambles: goal="Get taken on for a day's work", knows=[], holds=['spark (w_x06111) ×7']
Colm of the Slip: goal='Enjoy a little peace in your neighbourhood', knows=[], holds=['spark (w_x06112) ×7']
Petronel Fitch: goal='Enjoy a little peace in your neighbourhood', knows=[], holds=['spark (w_x06113) ×2']
Jos Tarn: goal='Replace your lost alms bowl', knows=[], holds=['spark (w_x06114) ×5']
Grigor Ferrant: goal='Find out how your neighbour is keeping', knows=[], holds=['spark (w_x06115) ×5']
Jonet Salter: goal='Find out how your neighbour is keeping', knows=[], holds=['spark (w_x06116) ×2']
Gile Coldhands: goal='Enjoy a little peace in your neighbourhood', knows=[], holds=['spark (w_x06117) ×5']
Ib of the Tenters: goal='Keep your clothes dry', knows=[], holds=['spark (w_x06118) ×5']
Grigor Copp: goal='Keep the household blankets in good order', knows=[], holds=['spark (w_x06119) ×3']
Havise of the Gutter Steps: goal='Share a memory of the street', knows=[], holds=['spark (w_x06120) ×3']
Noll Salter: goal='Enjoy a little peace in your neighbourhood', knows=[], holds=['spark (w_x06121) ×6']
Havise of the Low Bridge: goal='Share a memory of the street', knows=[], holds=['spark (w_x06122) ×4']
Colm Quern: goal='Find somewhere to dry your blanket', knows=[], holds=['spark (w_x06123) ×3']
Sef Coldhands: goal='Replace your lost alms bowl', knows=[], holds=['spark (w_x06124) ×6']
Tib Nineteen: goal='Keep your clothes dry', knows=[], holds=['spark (w_x06125) ×4']
Lise Sparr: goal='Share a memory of the street', knows=[], holds=['spark (w_x06126) ×5']
Tib Dorn: goal='Keep the household blankets in good order', knows=[], holds=['spark (w_x06127) ×2']
Havise Hawser: goal='Hear news from your kin', knows=[], holds=['spark (w_x06128) ×3']
Aubin of Cinder Row: goal='Keep your clothes dry', knows=[], holds=['spark (w_x06129) ×6']
Ede Pike: goal='Enjoy a little peace in your neighbourhood', knows=[], holds=['spark (w_x06130) ×7']
Osanne Skell: goal='Enjoy a little peace in your neighbourhood', knows=[], holds=['spark (w_x06131) ×7']
Ede Sparr: goal='Enjoy a little peace in your neighbourhood', knows=[], holds=['spark (w_x06132) ×5']
Clemence of Ostrelle: goal='Keep your clothes dry', knows=[], holds=['spark (w_x06133) ×2']
Jonet of the Tenters: goal='Share a memory of the street', knows=[], holds=['spark (w_x06134) ×6']
Pin Brant: goal='Keep the household blankets in good order', knows=[], holds=['spark (w_x06135) ×2']
Clemence Nineteen: goal='Find out how your neighbour is keeping', knows=[], holds=['spark (w_x06136) ×7']
Ib of the Needle: goal="Get taken on for a day's work", knows=[], holds=['spark (w_x06137) ×6']
Bertran the Lesser: goal='Keep your clothes dry', knows=[], holds=['spark (w_x06138) ×2']
Sibbe of Ostrelle: goal='Hear news from your kin', knows=[], holds=['spark (w_x06139) ×3']
Tib Quern: goal='Get the penny you were promised for the horse', knows=[], holds=['spark (w_x06140) ×2']
Renn of Ostrelle: goal='Hear news from your kin', knows=[], holds=['spark (w_x06141) ×2']
Dunstan Wetalms: goal='Keep your clothes dry', knows=[], holds=['spark (w_x06142) ×3']
Noll Salter: goal='Find a quiet frontage where you are welcome', knows=[], holds=['spark (w_x06143) ×6']
Clemence Rasp: goal='Keep your clothes dry', knows=[], holds=['spark (w_x06144) ×2']
Idonea of Ostrelle: goal='Get the penny you were promised for the horse', knows=[], holds=['spark (w_x06145) ×4']
Havise Ashe: goal="Get taken on for a day's work", knows=[], holds=['spark (w_x06146) ×6']
Ewart of the Slip: goal='Find somewhere you will be left alone', knows=[], holds=['spark (w_x06147) ×4']
Jonet of the Tenters: goal='Keep your clothes dry', knows=[], holds=['spark (w_x06148) ×7']
Corin Tarn: goal='Find a quiet frontage where you are welcome', knows=[], holds=['spark (w_x06149) ×7']
Dob the Long: goal='Keep your clothes dry', knows=[], holds=['spark (w_x06150) ×6']
Cobb of the Shambles: goal='Hear news from your kin', knows=[], holds=['spark (w_x06151) ×2']
Sibbe Nineteen: goal='Find a salve for your hands', knows=[], holds=['spark (w_x06152) ×7']
Renn Upstream: goal='Find a quiet frontage where you are welcome', knows=[], holds=['spark (w_x06153) ×3']
Ib Sparr: goal='Keep the household blankets in good order', knows=[], holds=['spark (w_x06154) ×2']
Corin Salter: goal='Find somewhere you will be left alone', knows=[], holds=['spark (w_x06155) ×7']
Sef Fitch: goal='Enjoy a little peace in your neighbourhood', knows=[], holds=['spark (w_x06156) ×6']
Petronel Roper: goal='Find out how your neighbour is keeping', knows=[], holds=['spark (w_x06157) ×5']
Hamel Coldhands: goal='Keep your clothes dry', knows=[], holds=['spark (w_x06158) ×3']
Sibbe Copp: goal='Find out how your neighbour is keeping', knows=[], holds=['spark (w_x06159) ×5']
Bertran of the Tenters: goal='Keep the household blankets in good order', knows=[], holds=['spark (w_x06160) ×2']
Petronel Sparr: goal='Find out how your neighbour is keeping', knows=[], holds=['spark (w_x06161) ×5']
Dunstan Vell: goal='Beg or find a meal today', knows=[], holds=['spark (w_x06162) ×3']
Jos Fitch: goal='Share a memory of the street', knows=[], holds=['spark (w_x06163) ×5']
Clemence Ashe: goal='Hear news from your kin', knows=[], holds=['spark (w_x06164) ×7']
Clemence Vell: goal='Get your sleeping corner back', knows=[], holds=['spark (w_x06165) ×3']
Aldith Coldhands: goal='Keep your clothes dry', knows=[], holds=['spark (w_x06166) ×6']
Nan Upstream: goal='Keep your clothes dry', knows=[], holds=['spark (w_x06167) ×4']
Petronel Hawser: goal='Keep the household blankets in good order', knows=[], holds=['spark (w_x06168) ×6']
Gile Shortmeasure: goal='Find out how your neighbour is keeping', knows=[], holds=['spark (w_x06169) ×3']
Dob the Lesser: goal='Enjoy a little peace in your neighbourhood', knows=[], holds=['spark (w_x06170) ×3']
Idonea Hobbe: goal='Get your sleeping corner back', knows=[], holds=['spark (w_x06171) ×7']
Mote the Lesser: goal='Keep the household blankets in good order', knows=[], holds=['spark (w_x06172) ×6']
Havise Fitch: goal="Get taken on for a day's work", knows=[], holds=['spark (w_x06173) ×6']
Pin Latchkey: goal='Keep the household blankets in good order', knows=[], holds=['spark (w_x06174) ×4']
Ansel Ashe: goal='Get the penny you were promised for the horse', knows=[], holds=['spark (w_x06175) ×5']
Grigor Rasp: goal='Share a memory of the street', knows=[], holds=['spark (w_x06176) ×4']
Betriss of the Bellstand: goal='Hear news from your kin', knows=[], holds=['spark (w_x06177) ×7']
Ib Rasp: goal='Enjoy a little peace in your neighbourhood', knows=[], holds=['spark (w_x06178) ×4']
Jos of the Gutter Steps: goal='Find out how your neighbour is keeping', knows=[], holds=['spark (w_x06179) ×2']
Grigor Pike: goal='Enjoy a little peace in your neighbourhood', knows=[], holds=['spark (w_x06180) ×7']
Clemence Crake: goal='Hear news from your kin', knows=[], holds=['spark (w_x06181) ×2']
Segwin Tarn: goal='Share a memory of the street', knows=[], holds=['spark (w_x06182) ×7']
Segwin Shortmeasure: goal='Find out how your neighbour is keeping', knows=[], holds=['spark (w_x06183) ×7']
Petronel Copp: goal='Share a memory of the street', knows=[], holds=['spark (w_x06184) ×2']
Rohese Shortmeasure: goal='Keep the household blankets in good order', knows=[], holds=['spark (w_x06185) ×4']
Grigor Brant: goal='Find something to put on your feet', knows=[], holds=['spark (w_x06186) ×6']
Idonea Quern: goal='Hear news from your kin', knows=[], holds=['spark (w_x06187) ×2']
Jos of Cinder Row: goal='Share a memory of the street', knows=[], holds=['spark (w_x06188) ×2']
Nan Nineteen: goal='Get the penny you were promised for the horse', knows=[], holds=['spark (w_x06189) ×4']
Ansel Copp: goal='Enjoy a little peace in your neighbourhood', knows=[], holds=['spark (w_x06190) ×6']
Dunstan Ferrant: goal='Find somewhere you will be left alone', knows=[], holds=['spark (w_x06191) ×3']
Renn Pike: goal='Keep your clothes dry', knows=[], holds=['spark (w_x06192) ×6']
Ede Rasp: goal="Get taken on for a day's work", knows=[], holds=['spark (w_x06193) ×2']
Betriss Latchkey: goal='Keep the household blankets in good order', knows=[], holds=['spark (w_x06194) ×3']
Bertran Fitch: goal='Share a memory of the street', knows=[], holds=['spark (w_x06195) ×4']
Ib Fitch: goal="Get taken on for a day's work", knows=[], holds=['spark (w_x06196) ×3']
Ib Marle: goal='Get your sleeping corner back', knows=[], holds=['spark (w_x06197) ×7']
Hamel Scaffold: goal='Keep the household blankets in good order', knows=[], holds=['spark (w_x06198) ×6']
Segwin Vell: goal='Find a salve for your hands', knows=[], holds=['spark (w_x06199) ×6']
Dob Ferrant: goal='Find somewhere to dry your blanket', knows=[], holds=['spark (w_x06200) ×4']
Tib Crake: goal="Get taken on for a day's work", knows=[], holds=['spark (w_x06201) ×4']
Tobin of the Shambles: goal='Hear news from your kin', knows=[], holds=['spark (w_x06202) ×3']
Ewart Salter: goal='Enjoy a little peace in your neighbourhood', knows=[], holds=['spark (w_x06203) ×2']
Ansel Sparr: goal='Keep the household blankets in good order', knows=[], holds=['spark (w_x06204) ×6']
Segwin Pike: goal='Keep your clothes dry', knows=[], holds=['spark (w_x06205) ×7']
Betriss Rasp: goal='Share a memory of the street', knows=[], holds=['spark (w_x06206) ×4']
Ede Threefinger: goal='Share a memory of the street', knows=[], holds=['spark (w_x06207) ×7']
Tib Crake: goal='Find somewhere you will be left alone', knows=[], holds=['spark (w_x06208) ×2']
Lise of the Tenters: goal='Hear news from your kin', knows=[], holds=['spark (w_x06209) ×5']
Dunstan Hawser: goal='Find somewhere to dry your blanket', knows=[], holds=['spark (w_x06210) ×7']
Colm Threefinger: goal='Enjoy a little peace in your neighbourhood', knows=[], holds=['spark (w_x06211) ×3']
Petronel of the Needle: goal='Share a memory of the street', knows=[], holds=['spark (w_x06212) ×4']
Aubin of the Tenters: goal='Find something to put on your feet', knows=[], holds=['spark (w_x06213) ×3']
Clemence Skell: goal='Enjoy a little peace in your neighbourhood', knows=[], holds=['spark (w_x06214) ×3']
Bertran Sparr: goal='Enjoy a little peace in your neighbourhood', knows=[], holds=['spark (w_x06215) ×2']
Nan of the Bellstand: goal='Enjoy a little peace in your neighbourhood', knows=[], holds=['spark (w_x06216) ×3']
Segwin Upstream: goal='Enjoy a little peace in your neighbourhood', knows=[], holds=['spark (w_x06217) ×6']
Mote of Ostrelle: goal='Replace your lost alms bowl', knows=[], holds=['spark (w_x06218) ×2']
Petronel of the Low Bridge: goal='Get the penny you were promised for the horse', knows=[], holds=['spark (w_x06219) ×3']
Cobb Pike: goal='Share a memory of the street', knows=[], holds=['spark (w_x06220) ×7']
Lise Hawser: goal='Share a memory of the street', knows=[], holds=['spark (w_x06221) ×4']
Petronel Brant: goal='Keep your clothes dry', knows=[], holds=['spark (w_x06222) ×3']
Jonet of the Slip: goal='Keep the household blankets in good order', knows=[], holds=['spark (w_x06223) ×5']
Betriss Vell: goal='Hear news from your kin', knows=[], holds=['spark (w_x06224) ×5']
Aldith Scaffold: goal='Find somewhere you will be left alone', knows=[], holds=['spark (w_x06225) ×4']
Pin Roper: goal='Hear news from your kin', knows=[], holds=['spark (w_x06226) ×7']
Renn Latchkey: goal='Enjoy a little peace in your neighbourhood', knows=[], holds=['spark (w_x06227) ×2']
Petronel Pike: goal='Keep the household blankets in good order', knows=[], holds=['spark (w_x06228) ×2']
Tib Latchkey: goal='Keep the household blankets in good order', knows=[], holds=['spark (w_x06229) ×5']
Lise Latchkey: goal='Beg or find a meal today', knows=[], holds=['spark (w_x06230) ×7']
Ib Quern: goal='Share a memory of the street', knows=[], holds=['spark (w_x06231) ×5']
Petronel of the Tenters: goal='Enjoy a little peace in your neighbourhood', knows=[], holds=['spark (w_x06232) ×6']
Nan of the Needle: goal='Keep the household blankets in good order', knows=[], holds=['spark (w_x06233) ×7']
Aldith Wetalms: goal='Find out how your neighbour is keeping', knows=[], holds=['spark (w_x06234) ×3']
Clemence Latchkey: goal='Find a quiet frontage where you are welcome', knows=[], holds=['spark (w_x06235) ×7']
Havise Hawser: goal='Share a memory of the street', knows=[], holds=['spark (w_x06236) ×5']
Segwin the Lesser: goal='Keep the household blankets in good order', knows=[], holds=['spark (w_x06237) ×3']
Cobb of the Needle: goal='Keep the household blankets in good order', knows=[], holds=['spark (w_x06238) ×7']
Nan Hobbe: goal='Keep your clothes dry', knows=[], holds=['spark (w_x06239) ×2']
Havise Roper: goal="Get taken on for a day's work", knows=[], holds=['spark (w_x06240) ×4']
Corin Ferrant: goal='Enjoy a little peace in your neighbourhood', knows=[], holds=['spark (w_x06241) ×2']
Segwin Pike: goal='Find out how your neighbour is keeping', knows=[], holds=['spark (w_x06242) ×2']
Dob the Long: goal='Share a memory of the street', knows=[], holds=['spark (w_x06243) ×6']
Segwin the Long: goal='Share a memory of the street', knows=[], holds=['spark (w_x06244) ×6']
Aubin Ashe: goal='Beg or find a meal today', knows=[], holds=['spark (w_x06245) ×4']
Ede Skell: goal='Hear news from your kin', knows=[], holds=['spark (w_x06246) ×6']
Jonet Roper: goal='Find something to put on your feet', knows=[], holds=['spark (w_x06247) ×2']
Aubin Skell: goal='Get the penny you were promised for the horse', knows=[], holds=['spark (w_x06248) ×7']
Jonet Threefinger: goal='Find a salve for your hands', knows=[], holds=['spark (w_x06249) ×3']
Ib Dorn: goal='Keep the household blankets in good order', knows=[], holds=['spark (w_x06250) ×4']
Clemence Pike: goal='Find something to put on your feet', knows=[], holds=['spark (w_x06251) ×2']
Mote of the Needle: goal='Find out how your neighbour is keeping', knows=[], holds=['spark (w_x06252) ×4']
Petronel Skell: goal='Enjoy a little peace in your neighbourhood', knows=[], holds=['spark (w_x06253) ×4']
Petronel Quern: goal='Keep your clothes dry', knows=[], holds=['spark (w_x06254) ×5']
Lise Brant: goal='Hear news from your kin', knows=[], holds=['spark (w_x06255) ×7']
Idonea Marle: goal='Keep your clothes dry', knows=[], holds=['spark (w_x06256) ×6']
Tib of the Low Bridge: goal='Get your sleeping corner back', knows=[], holds=['spark (w_x06257) ×3']
Renn Ferrant: goal='Share a memory of the street', knows=[], holds=['spark (w_x06258) ×6']
Nan the Long: goal='Hear news from your kin', knows=[], holds=['spark (w_x06259) ×5']
Sibbe of the Shambles: goal='Keep the household blankets in good order', knows=[], holds=['spark (w_x06260) ×4']
Clemence Pike: goal='Keep the household blankets in good order', knows=[], holds=['spark (w_x06261) ×2']
Dob the Long: goal='Enjoy a little peace in your neighbourhood', knows=[], holds=['spark (w_x06262) ×6']
Jonet Coldhands: goal='Hear news from your kin', knows=[], holds=['spark (w_x06263) ×3']
Pin Upstream: goal='Enjoy a little peace in your neighbourhood', knows=[], holds=['spark (w_x06264) ×4']
Havise Alder: goal='Keep your clothes dry', knows=[], holds=['spark (w_x06265) ×7']
Grigor of the Needle: goal='Share a memory of the street', knows=[], holds=['spark (w_x06266) ×2']
Tib Nineteen: goal='Enjoy a little peace in your neighbourhood', knows=[], holds=['spark (w_x06267) ×6']
Osanne Shortmeasure: goal='Keep the household blankets in good order', knows=[], holds=['spark (w_x06268) ×4']
Segwin Pike: goal='Enjoy a little peace in your neighbourhood', knows=[], holds=['spark (w_x06269) ×4']
Gile Scaffold: goal='Share a memory of the street', knows=[], holds=['spark (w_x06270) ×7']
Pin of the Shambles: goal='Keep your clothes dry', knows=[], holds=['spark (w_x06271) ×5']
Cobb Skell: goal='Keep the household blankets in good order', knows=[], holds=['spark (w_x06272) ×7']
Petronel of the Bellstand: goal='Hear news from your kin', knows=[], holds=['spark (w_x06273) ×3']
Rohese Alder: goal='Beg or find a meal today', knows=[], holds=['spark (w_x06274) ×2']
Clemence Hawser: goal='Find a salve for your hands', knows=[], holds=['spark (w_x06275) ×3']
Gile Skell: goal='Find out how your neighbour is keeping', knows=[], holds=['spark (w_x06276) ×4']
Corin of the Tenters: goal='Replace your lost alms bowl', knows=[], holds=['spark (w_x06277) ×4']
Dob Ashe: goal='Keep the household blankets in good order', knows=[], holds=['spark (w_x06278) ×7']
Ib Alder: goal='Keep the household blankets in good order', knows=[], holds=['spark (w_x06279) ×7']
Nan Rasp: goal="Get taken on for a day's work", knows=[], holds=['spark (w_x06280) ×7']
Lise of the Low Bridge: goal='Share a memory of the street', knows=[], holds=['spark (w_x06281) ×5']
Segwin Sparr: goal='Share a memory of the street', knows=[], holds=['spark (w_x06282) ×5']
Bertran of Cinder Row: goal='Hear news from your kin', knows=[], holds=['spark (w_x06283) ×4']
Lise Latchkey: goal='Keep your clothes dry', knows=[], holds=['spark (w_x06284) ×7']
Cobb the Long: goal='Find out how your neighbour is keeping', knows=[], holds=['spark (w_x06285) ×7']
Idonea Upstream: goal='Keep your clothes dry', knows=[], holds=['spark (w_x06286) ×2']
Tobin Stott: goal='Find a salve for your hands', knows=[], holds=['spark (w_x06287) ×3']
Dunstan Wetalms: goal='Hear news from your kin', knows=[], holds=['spark (w_x06288) ×2']
Tib of the Slip: goal='Hear news from your kin', knows=[], holds=['spark (w_x06289) ×3']
Idonea of the Tenters: goal='Keep the household blankets in good order', knows=[], holds=['spark (w_x06290) ×5']
Lise of the Needle: goal='Find a quiet frontage where you are welcome', knows=[], holds=['spark (w_x06291) ×2']
Gile Nineteen: goal='Find out how your neighbour is keeping', knows=[], holds=['spark (w_x06292) ×6']
Aldith of the Shambles: goal='Find somewhere you will be left alone', knows=[], holds=['spark (w_x06293) ×7']
Pin of the Slip: goal='Find out how your neighbour is keeping', knows=[], holds=['spark (w_x06294) ×5']
Ede Latchkey: goal='Beg or find a meal today', knows=[], holds=['spark (w_x06295) ×7']
Renn Fitch: goal='Find a quiet frontage where you are welcome', knows=[], holds=['spark (w_x06296) ×7']
Gile Ferrant: goal='Hear news from your kin', knows=[], holds=['spark (w_x06297) ×2']
Sibbe Wetalms: goal='Find out how your neighbour is keeping', knows=[], holds=['spark (w_x06298) ×3']
Renn Rasp: goal='Share a memory of the street', knows=[], holds=['spark (w_x06299) ×6']
Hamel of Ostrelle: goal='Share a memory of the street', knows=[], holds=['spark (w_x06300) ×7']
Sibbe of the Shambles: goal='Enjoy a little peace in your neighbourhood', knows=[], holds=['spark (w_x06301) ×3']
Dob Pike: goal='Find a salve for your hands', knows=[], holds=['spark (w_x06302) ×5']
Bertran of the Gutter Steps: goal='Keep your clothes dry', knows=[], holds=['spark (w_x06303) ×6']
Dunstan Quern: goal='Share a memory of the street', knows=[], holds=['spark (w_x06304) ×2']
Hamel Sparr: goal='Keep your clothes dry', knows=[], holds=['spark (w_x06305) ×3']
Jonet of Cinder Row: goal='Find out how your neighbour is keeping', knows=[], holds=['spark (w_x06306) ×6']
Gile Tarn: goal='Enjoy a little peace in your neighbourhood', knows=[], holds=['spark (w_x06307) ×3']
Averil Crake: goal='Hear news from your kin', knows=[], holds=['spark (w_x06308) ×6']
Cobb Shortmeasure: goal='Keep the household blankets in good order', knows=[], holds=['spark (w_x06309) ×4']
Nan Latchkey: goal='Find out how your neighbour is keeping', knows=[], holds=['spark (w_x06310) ×6']
Aubin the Long: goal='Keep the household blankets in good order', knows=[], holds=['spark (w_x06311) ×3']
Nan the Long: goal='Find a quiet frontage where you are welcome', knows=[], holds=['spark (w_x06312) ×6']
Sef Sparr: goal='Keep your clothes dry', knows=[], holds=['spark (w_x06313) ×4']
Ansel Rasp: goal='Enjoy a little peace in your neighbourhood', knows=[], holds=['spark (w_x06314) ×5']
Ansel Latchkey: goal='Enjoy a little peace in your neighbourhood', knows=[], holds=['spark (w_x06315) ×4']
Sibbe Quern: goal='Enjoy a little peace in your neighbourhood', knows=[], holds=['spark (w_x06316) ×3']
Aubin Pike: goal='Enjoy a little peace in your neighbourhood', knows=[], holds=['spark (w_x06317) ×5']
Jos of the Tenters: goal='Share a memory of the street', knows=[], holds=['spark (w_x06318) ×4']
Jos Upstream: goal='Find somewhere you will be left alone', knows=[], holds=['spark (w_x06319) ×4']
Averil Hawser: goal="Get taken on for a day's work", knows=[], holds=['spark (w_x06320) ×6']
Renn Dorn: goal='Keep your clothes dry', knows=[], holds=['spark (w_x06321) ×6']
Sibbe Skell: goal='Keep your clothes dry', knows=[], holds=['spark (w_x06322) ×4']
Ewart Shortmeasure: goal='Keep your clothes dry', knows=[], holds=['spark (w_x06323) ×3']
Aldith Brant: goal='Keep your clothes dry', knows=[], holds=['spark (w_x06324) ×7']
Petronel Rasp: goal='Find somewhere to dry your blanket', knows=[], holds=['spark (w_x06325) ×3']
Ede Vell: goal="Get taken on for a day's work", knows=[], holds=['spark (w_x06326) ×2']
Ib Threefinger: goal='Enjoy a little peace in your neighbourhood', knows=[], holds=['spark (w_x06327) ×3']
Havise Skell: goal='Find something to put on your feet', knows=[], holds=['spark (w_x06328) ×7']
Ib Nineteen: goal='Share a memory of the street', knows=[], holds=['spark (w_x06329) ×2']
Sibbe Quern: goal='Find out how your neighbour is keeping', knows=[], holds=['spark (w_x06330) ×4']
Dunstan Latchkey: goal='Keep the household blankets in good order', knows=[], holds=['spark (w_x06331) ×6']
Averil Scaffold: goal='Keep your clothes dry', knows=[], holds=['spark (w_x06332) ×7']
Jonet Wetalms: goal='Share a memory of the street', knows=[], holds=['spark (w_x06333) ×5']
Grigor Sparr: goal='Find out how your neighbour is keeping', knows=[], holds=['spark (w_x06334) ×7']
Colm Rasp: goal='Find a salve for your hands', knows=[], holds=['spark (w_x06335) ×5']
Noll Tarn: goal='Keep your clothes dry', knows=[], holds=['spark (w_x06336) ×6']
Mote the Long: goal='Share a memory of the street', knows=[], holds=['spark (w_x06337) ×7']
Segwin Latchkey: goal='Beg or find a meal today', knows=[], holds=['spark (w_x06338) ×4']
Ansel of the Low Bridge: goal='Find out how your neighbour is keeping', knows=[], holds=['spark (w_x06339) ×7']
Bertran Skell: goal='Hear news from your kin', knows=[], holds=['spark (w_x06340) ×7']
Jonet Pike: goal='Get your sleeping corner back', knows=[], holds=['spark (w_x06341) ×5']
Jonet of Ostrelle: goal='Share a memory of the street', knows=[], holds=['spark (w_x06342) ×5']
Mote Rasp: goal='Find something to put on your feet', knows=[], holds=['spark (w_x06343) ×3']
Aubin of the Low Bridge: goal='Find out how your neighbour is keeping', knows=[], holds=['spark (w_x06344) ×5']
Segwin Sparr: goal='Keep your clothes dry', knows=[], holds=['spark (w_x06345) ×4']
Noll of the Gutter Steps: goal='Hear news from your kin', knows=[], holds=['spark (w_x06346) ×2']
Mote Hawser: goal='Keep your clothes dry', knows=[], holds=['spark (w_x06347) ×7']
Renn of Cinder Row: goal='Find out how your neighbour is keeping', knows=[], holds=['spark (w_x06348) ×5']
Havise Stott: goal='Keep your clothes dry', knows=[], holds=['spark (w_x06349) ×3']
Grigor Copp: goal='Find out how your neighbour is keeping', knows=[], holds=['spark (w_x06350) ×5']
Dunstan Scaffold: goal='Hear news from your kin', knows=[], holds=['spark (w_x06351) ×2']
Tib Fitch: goal='Hear news from your kin', knows=[], holds=['spark (w_x06352) ×2']
Ansel Crake: goal='Get your sleeping corner back', knows=[], holds=['spark (w_x06353) ×5']
Rohese Ashe: goal='Keep your clothes dry', knows=[], holds=['spark (w_x06354) ×3']
Hamel of the Shambles: goal='Replace your lost alms bowl', knows=[], holds=['spark (w_x06355) ×7']
Cobb Quern: goal='Hear news from your kin', knows=[], holds=['spark (w_x06356) ×5']
Lise of the Tenters: goal='Hear news from your kin', knows=[], holds=['spark (w_x06357) ×3']
Corin Salter: goal='Find somewhere you will be left alone', knows=[], holds=['spark (w_x06358) ×4']
Idonea Marle: goal='Share a memory of the street', knows=[], holds=['spark (w_x06359) ×2']
Rohese Nineteen: goal='Find out how your neighbour is keeping', knows=[], holds=['spark (w_x06360) ×2']
Rohese Threefinger: goal='Find out how your neighbour is keeping', knows=[], holds=['spark (w_x06361) ×3']
Osanne Copp: goal='Find something to put on your feet', knows=[], holds=['spark (w_x06362) ×5']
Averil Hawser: goal='Keep the household blankets in good order', knows=[], holds=['spark (w_x06363) ×5']
Bertran Ashe: goal='Find out how your neighbour is keeping', knows=[], holds=['spark (w_x06364) ×5']
Sibbe of the Bellstand: goal="Get taken on for a day's work", knows=[], holds=['spark (w_x06365) ×3']
Noll Crake: goal='Share a memory of the street', knows=[], holds=['spark (w_x06366) ×3']
Lise Fitch: goal='Find out how your neighbour is keeping', knows=[], holds=['spark (w_x06367) ×5']
Pin Brant: goal='Keep your clothes dry', knows=[], holds=['spark (w_x06368) ×4']
Clemence of Ostrelle: goal='Enjoy a little peace in your neighbourhood', knows=[], holds=['spark (w_x06369) ×6']
Aldith Copp: goal='Hear news from your kin', knows=[], holds=['spark (w_x06370) ×2']
Rohese Tarn: goal='Keep the household blankets in good order', knows=[], holds=['spark (w_x06371) ×3']
Dob of the Shambles: goal='Hear news from your kin', knows=[], holds=['spark (w_x06372) ×2']
Jonet the Lesser: goal='Get your sleeping corner back', knows=[], holds=['spark (w_x06373) ×6']
Havise Dorn: goal='Keep the household blankets in good order', knows=[], holds=['spark (w_x06374) ×5']
Jos Hawser: goal='Keep your clothes dry', knows=[], holds=['spark (w_x06375) ×5']
Averil Copp: goal='Share a memory of the street', knows=[], holds=['spark (w_x06376) ×2']
Aldith Dorn: goal='Hear news from your kin', knows=[], holds=['spark (w_x06377) ×4']
Grigor Scaffold: goal='Find out how your neighbour is keeping', knows=[], holds=['spark (w_x06378) ×3']
Clemence Salter: goal='Share a memory of the street', knows=[], holds=['spark (w_x06379) ×2']
Osanne Marle: goal='Find a quiet frontage where you are welcome', knows=[], holds=['spark (w_x06380) ×3']
Sibbe of the Shambles: goal='Share a memory of the street', knows=[], holds=['spark (w_x06381) ×7']
Hamel Wetalms: goal='Find something to put on your feet', knows=[], holds=['spark (w_x06382) ×3']
Ansel Crake: goal='Keep your clothes dry', knows=[], holds=['spark (w_x06383) ×3']
Aubin Roper: goal="Get taken on for a day's work", knows=[], holds=['spark (w_x06384) ×2']
Betriss of Ostrelle: goal='Keep the household blankets in good order', knows=[], holds=['spark (w_x06385) ×5']
Averil Skell: goal='Find somewhere to dry your blanket', knows=[], holds=['spark (w_x06386) ×6']
Jos Rasp: goal='Find a salve for your hands', knows=[], holds=['spark (w_x06387) ×6']
Pin of the Tenters: goal='Share a memory of the street', knows=[], holds=['spark (w_x06388) ×6']
Nan Copp: goal='Find out how your neighbour is keeping', knows=[], holds=['spark (w_x06389) ×7']
Averil the Lesser: goal='Enjoy a little peace in your neighbourhood', knows=[], holds=['spark (w_x06390) ×7']
Cobb Crake: goal='Find somewhere you will be left alone', knows=[], holds=['spark (w_x06391) ×3']
Pin of the Slip: goal='Find a quiet frontage where you are welcome', knows=[], holds=['spark (w_x06392) ×4']
Grigor Ferrant: goal='Share a memory of the street', knows=[], holds=['spark (w_x06393) ×4']
Averil Wetalms: goal='Enjoy a little peace in your neighbourhood', knows=[], holds=['spark (w_x06394) ×3']
Segwin Threefinger: goal='Find out how your neighbour is keeping', knows=[], holds=['spark (w_x06395) ×2']
Ewart Quern: goal="Get taken on for a day's work", knows=[], holds=['spark (w_x06396) ×2']
Ib Tarn: goal='Hear news from your kin', knows=[], holds=['spark (w_x06397) ×3']
Renn of the Gutter Steps: goal='Find a quiet frontage where you are welcome', knows=[], holds=['spark (w_x06398) ×5']
Idonea Ashe: goal='Share a memory of the street', knows=[], holds=['spark (w_x06399) ×4']
Dob Hobbe: goal='Find a quiet frontage where you are welcome', knows=[], holds=['spark (w_x06400) ×2']
Averil Wetalms: goal='Enjoy a little peace in your neighbourhood', knows=[], holds=['spark (w_x06401) ×5']
Corin Wetalms: goal='Share a memory of the street', knows=[], holds=['spark (w_x06402) ×5']
Bertran Ashe: goal="Get taken on for a day's work", knows=[], holds=['spark (w_x06403) ×7']
Mote Brant: goal='Share a memory of the street', knows=[], holds=['spark (w_x06404) ×2']
Ib Marle: goal='Beg or find a meal today', knows=[], holds=['spark (w_x06405) ×3']
Corin Crake: goal='Share a memory of the street', knows=[], holds=['spark (w_x06406) ×4']
Rohese Pike: goal='Hear news from your kin', knows=[], holds=['spark (w_x06407) ×5']
Aldith Ferrant: goal='Enjoy a little peace in your neighbourhood', knows=[], holds=['spark (w_x06408) ×5']
Averil of the Shambles: goal='Enjoy a little peace in your neighbourhood', knows=[], holds=['spark (w_x06409) ×7']
Sibbe Crake: goal='Hear news from your kin', knows=[], holds=['spark (w_x06410) ×4']
Nan Quern: goal='Keep your clothes dry', knows=[], holds=['spark (w_x06411) ×4']
Pin of the Slip: goal='Share a memory of the street', knows=[], holds=['spark (w_x06412) ×3']
Ewart Coldhands: goal='Find a salve for your hands', knows=[], holds=['spark (w_x06413) ×7']
Nan Crake: goal='Enjoy a little peace in your neighbourhood', knows=[], holds=['spark (w_x06414) ×3']
Idonea Salter: goal='Find somewhere to dry your blanket', knows=[], holds=['spark (w_x06415) ×2']
Bertran Scaffold: goal='Keep the household blankets in good order', knows=[], holds=['spark (w_x06416) ×3']
Ede Dorn: goal='Share a memory of the street', knows=[], holds=['spark (w_x06417) ×5']
Lise Quern: goal='Find out how your neighbour is keeping', knows=[], holds=['spark (w_x06418) ×5']
Sef the Lesser: goal='Hear news from your kin', knows=[], holds=['spark (w_x06419) ×7']
Rohese Stott: goal='Find out how your neighbour is keeping', knows=[], holds=['spark (w_x06420) ×6']
Renn of the Tenters: goal='Enjoy a little peace in your neighbourhood', knows=[], holds=['spark (w_x06421) ×5']
Bertran Ferrant: goal='Enjoy a little peace in your neighbourhood', knows=[], holds=['spark (w_x06422) ×6']
Dunstan Tarn: goal='Share a memory of the street', knows=[], holds=['spark (w_x06423) ×2']
Dob Ashe: goal='Share a memory of the street', knows=[], holds=['spark (w_x06424) ×2']
Averil Pike: goal='Keep your clothes dry', knows=[], holds=['spark (w_x06425) ×7']
Dunstan of the Needle: goal='Keep your clothes dry', knows=[], holds=['spark (w_x06426) ×3']
Petronel Upstream: goal='Hear news from your kin', knows=[], holds=['spark (w_x06427) ×2']
Averil Hobbe: goal='Hear news from your kin', knows=[], holds=['spark (w_x06428) ×6']
Tib of the Needle: goal='Share a memory of the street', knows=[], holds=['spark (w_x06429) ×2']
Averil Sparr: goal='Enjoy a little peace in your neighbourhood', knows=[], holds=['spark (w_x06430) ×7']
Averil the Long: goal='Find something to put on your feet', knows=[], holds=['spark (w_x06431) ×5']
Sef of the Bellstand: goal='Enjoy a little peace in your neighbourhood', knows=[], holds=['spark (w_x06432) ×7']
Averil the Lesser: goal='Keep your clothes dry', knows=[], holds=['spark (w_x06433) ×5']
Corin Latchkey: goal='Keep the household blankets in good order', knows=[], holds=['spark (w_x06434) ×7']
Noll Copp: goal='Keep your clothes dry', knows=[], holds=['spark (w_x06435) ×2']
Renn of the Gutter Steps: goal='Enjoy a little peace in your neighbourhood', knows=[], holds=['spark (w_x06436) ×6']
Grigor of the Low Bridge: goal='Keep your clothes dry', knows=[], holds=['spark (w_x06437) ×2']
Ansel Fitch: goal='Share a memory of the street', knows=[], holds=['spark (w_x06438) ×3']
Dob Pike: goal='Find out how your neighbour is keeping', knows=[], holds=['spark (w_x06439) ×3']
Renn of Cinder Row: goal='Share a memory of the street', knows=[], holds=['spark (w_x06440) ×4']
Tib Ashe: goal='Find somewhere to dry your blanket', knows=[], holds=['spark (w_x06441) ×4']
Lise the Long: goal='Find something to put on your feet', knows=[], holds=['spark (w_x06442) ×2']
Havise Upstream: goal='Beg or find a meal today', knows=[], holds=['spark (w_x06443) ×5']
Colm the Lesser: goal='Share a memory of the street', knows=[], holds=['spark (w_x06444) ×2']
Sibbe Alder: goal='Keep your clothes dry', knows=[], holds=['spark (w_x06445) ×7']
Bertran Fitch: goal='Enjoy a little peace in your neighbourhood', knows=[], holds=['spark (w_x06446) ×6']
Aldith Sparr: goal='Hear news from your kin', knows=[], holds=['spark (w_x06447) ×3']
Clemence Marle: goal='Enjoy a little peace in your neighbourhood', knows=[], holds=['spark (w_x06448) ×4']
Tib Hobbe: goal='Keep the household blankets in good order', knows=[], holds=['spark (w_x06449) ×7']
Corin Nineteen: goal='Find out how your neighbour is keeping', knows=[], holds=['spark (w_x06450) ×7']
Ewart of the Shambles: goal='Keep the household blankets in good order', knows=[], holds=['spark (w_x06451) ×6']
Colm of the Needle: goal='Find a salve for your hands', knows=[], holds=['spark (w_x06452) ×6']
Pin of the Bellstand: goal='Keep your clothes dry', knows=[], holds=['spark (w_x06453) ×7']
Segwin Ashe: goal='Find something to put on your feet', knows=[], holds=['spark (w_x06454) ×2']
Ede Roper: goal='Share a memory of the street', knows=[], holds=['spark (w_x06455) ×5']
Dunstan Tarn: goal='Keep the household blankets in good order', knows=[], holds=['spark (w_x06456) ×4']
Nan Coldhands: goal='Beg or find a meal today', knows=[], holds=['spark (w_x06457) ×7']
Pin Dorn: goal='Enjoy a little peace in your neighbourhood', knows=[], holds=['spark (w_x06458) ×3']
Dob Roper: goal="Get taken on for a day's work", knows=[], holds=['spark (w_x06459) ×6']
Hamel Nineteen: goal='Enjoy a little peace in your neighbourhood', knows=[], holds=['spark (w_x06460) ×5']
Betriss of the Needle: goal='Keep your clothes dry', knows=[], holds=['spark (w_x06461) ×6']
Sibbe Rasp: goal='Keep your clothes dry', knows=[], holds=['spark (w_x06462) ×3']
Aubin Skell: goal='Keep the household blankets in good order', knows=[], holds=['spark (w_x06463) ×5']
Clemence Marle: goal='Keep your clothes dry', knows=[], holds=['spark (w_x06464) ×6']
Ewart Upstream: goal='Find out how your neighbour is keeping', knows=[], holds=['spark (w_x06465) ×6']
Cobb Stott: goal='Keep the household blankets in good order', knows=[], holds=['spark (w_x06466) ×7']
Havise Dorn: goal='Find out how your neighbour is keeping', knows=[], holds=['spark (w_x06467) ×4']
Colm Wetalms: goal='Share a memory of the street', knows=[], holds=['spark (w_x06468) ×2']
Ewart Crake: goal='Enjoy a little peace in your neighbourhood', knows=[], holds=['spark (w_x06469) ×2']
Nan Quern: goal='Find out how your neighbour is keeping', knows=[], holds=['spark (w_x06470) ×6']
Jonet Hobbe: goal='Enjoy a little peace in your neighbourhood', knows=[], holds=['spark (w_x06471) ×4']
Segwin Ferrant: goal='Keep your clothes dry', knows=[], holds=['spark (w_x06472) ×2']
Lise Coldhands: goal='Keep your clothes dry', knows=[], holds=['spark (w_x06473) ×5']
Tib of Ostrelle: goal='Keep your clothes dry', knows=[], holds=['spark (w_x06474) ×3']
Sef Hawser: goal='Keep your clothes dry', knows=[], holds=['spark (w_x06475) ×5']
Tib Salter: goal='Hear news from your kin', knows=[], holds=['spark (w_x06476) ×7']
Sibbe Fitch: goal='Enjoy a little peace in your neighbourhood', knows=[], holds=['spark (w_x06477) ×2']
Aubin Stott: goal='Beg or find a meal today', knows=[], holds=['spark (w_x06478) ×3']
Jos Rasp: goal='Hear news from your kin', knows=[], holds=['spark (w_x06479) ×5']
Averil Tarn: goal='Share a memory of the street', knows=[], holds=['spark (w_x06480) ×6']
Nan Tarn: goal='Get the penny you were promised for the horse', knows=[], holds=['spark (w_x06481) ×3']
Aubin Roper: goal='Get the penny you were promised for the horse', knows=[], holds=['spark (w_x06482) ×3']
Grigor Latchkey: goal='Find out how your neighbour is keeping', knows=[], holds=['spark (w_x06483) ×3']
Sibbe Wetalms: goal='Find out how your neighbour is keeping', knows=[], holds=['spark (w_x06484) ×4']
Jonet Dorn: goal='Hear news from your kin', knows=[], holds=['spark (w_x06485) ×7']
Dunstan Wetalms: goal='Find out how your neighbour is keeping', knows=[], holds=['spark (w_x06486) ×3']
Betriss Upstream: goal='Enjoy a little peace in your neighbourhood', knows=[], holds=['spark (w_x06487) ×6']
Sibbe Hawser: goal='Keep your clothes dry', knows=[], holds=['spark (w_x06488) ×4']
Corin Crake: goal='Share a memory of the street', knows=[], holds=['spark (w_x06489) ×2']
Jonet Salter: goal='Find out how your neighbour is keeping', knows=[], holds=['spark (w_x06490) ×6']
Bertran Ashe: goal='Hear news from your kin', knows=[], holds=['spark (w_x06491) ×3']
Aldith Roper: goal='Enjoy a little peace in your neighbourhood', knows=[], holds=['spark (w_x06492) ×3']
Corin Hobbe: goal='Keep your clothes dry', knows=[], holds=['spark (w_x06493) ×4']
Sef Roper: goal='Share a memory of the street', knows=[], holds=['spark (w_x06494) ×5']
Ewart Shortmeasure: goal='Share a memory of the street', knows=[], holds=['spark (w_x06495) ×5']
Jos Sparr: goal='Find a salve for your hands', knows=[], holds=['spark (w_x06496) ×4']
Nan Tarn: goal='Share a memory of the street', knows=[], holds=['spark (w_x06497) ×4']
Betriss Marle: goal='Find a quiet frontage where you are welcome', knows=[], holds=['spark (w_x06498) ×4']
Clemence Alder: goal='Enjoy a little peace in your neighbourhood', knows=[], holds=['spark (w_x06499) ×3']
Renn Ferrant: goal='Share a memory of the street', knows=[], holds=['spark (w_x06500) ×6']
Lise Wetalms: goal='Find out how your neighbour is keeping', knows=[], holds=['spark (w_x06501) ×6']
Clemence Copp: goal='Keep your clothes dry', knows=[], holds=['spark (w_x06502) ×3']
Tib of the Slip: goal='Keep your clothes dry', knows=[], holds=['spark (w_x06503) ×5']
Tobin the Long: goal='Hear news from your kin', knows=[], holds=['spark (w_x06504) ×2']
Averil of Ostrelle: goal='Find out how your neighbour is keeping', knows=[], holds=['spark (w_x06505) ×5']
Dunstan Upstream: goal='Keep your clothes dry', knows=[], holds=['spark (w_x06506) ×4']
Pin the Long: goal='Hear news from your kin', knows=[], holds=['spark (w_x06507) ×5']
Sibbe of the Bellstand: goal='Keep your clothes dry', knows=[], holds=['spark (w_x06508) ×4']
Gile Salter: goal='Find a quiet frontage where you are welcome', knows=[], holds=['spark (w_x06509) ×3']
Mote of Cinder Row: goal='Find out how your neighbour is keeping', knows=[], holds=['spark (w_x06510) ×3']
Dunstan Crake: goal='Keep the household blankets in good order', knows=[], holds=['spark (w_x06511) ×4']
Nan Pike: goal='Keep the household blankets in good order', knows=[], holds=['spark (w_x06512) ×3']
Idonea Pike: goal='Hear news from your kin', knows=[], holds=['spark (w_x06513) ×5']
Jonet the Lesser: goal='Enjoy a little peace in your neighbourhood', knows=[], holds=['spark (w_x06514) ×2']
Petronel of the Needle: goal='Enjoy a little peace in your neighbourhood', knows=[], holds=['spark (w_x06515) ×3']
Grigor of Cinder Row: goal='Get your sleeping corner back', knows=[], holds=['spark (w_x06516) ×2']
Dunstan Skell: goal='Beg or find a meal today', knows=[], holds=['spark (w_x06517) ×4']
Sibbe Ashe: goal='Keep your clothes dry', knows=[], holds=['spark (w_x06518) ×5']
Aubin Wetalms: goal='Hear news from your kin', knows=[], holds=['spark (w_x06519) ×3']
Sef the Long: goal='Keep your clothes dry', knows=[], holds=['spark (w_x06520) ×5']
Ede Nineteen: goal='Find something to put on your feet', knows=[], holds=['spark (w_x06521) ×7']
Nan of the Bellstand: goal='Find a quiet frontage where you are welcome', knows=[], holds=['spark (w_x06522) ×2']
Pin Ferrant: goal='Find out how your neighbour is keeping', knows=[], holds=['spark (w_x06523) ×6']
Hamel Alder: goal='Find somewhere you will be left alone', knows=[], holds=['spark (w_x06524) ×3']
Havise Coldhands: goal='Hear news from your kin', knows=[], holds=['spark (w_x06525) ×6']
Tobin of Ostrelle: goal='Find out how your neighbour is keeping', knows=[], holds=['spark (w_x06526) ×3']
Ib of the Bellstand: goal='Enjoy a little peace in your neighbourhood', knows=[], holds=['spark (w_x06527) ×3']
Clemence of the Needle: goal='Hear news from your kin', knows=[], holds=['spark (w_x06528) ×6']
Renn Salter: goal='Enjoy a little peace in your neighbourhood', knows=[], holds=['spark (w_x06529) ×7']
Pin Crake: goal='Keep the household blankets in good order', knows=[], holds=['spark (w_x06530) ×4']
Sef Tarn: goal='Keep your clothes dry', knows=[], holds=['spark (w_x06531) ×7']
Grigor Brant: goal='Find out how your neighbour is keeping', knows=[], holds=['spark (w_x06532) ×2']
Nan Scaffold: goal='Keep the household blankets in good order', knows=[], holds=['spark (w_x06533) ×2']
Hamel Ferrant: goal='Share a memory of the street', knows=[], holds=['spark (w_x06534) ×3']
Averil Crake: goal='Find out how your neighbour is keeping', knows=[], holds=['spark (w_x06535) ×3']
Sef Copp: goal='Keep the household blankets in good order', knows=[], holds=['spark (w_x06536) ×7']
Jonet the Long: goal='Find something to put on your feet', knows=[], holds=['spark (w_x06537) ×3']
Havise Pike: goal='Replace your lost alms bowl', knows=[], holds=['spark (w_x06538) ×5']
Rohese Dorn: goal='Hear news from your kin', knows=[], holds=['spark (w_x06539) ×5']
Aldith Hobbe: goal='Find out how your neighbour is keeping', knows=[], holds=['spark (w_x06540) ×2']
Clemence Salter: goal='Hear news from your kin', knows=[], holds=['spark (w_x06541) ×3']
Pin Nineteen: goal='Share a memory of the street', knows=[], holds=['spark (w_x06542) ×4']
Betriss Hobbe: goal='Keep your clothes dry', knows=[], holds=['spark (w_x06543) ×5']
Aldith Brant: goal='Keep your clothes dry', knows=[], holds=['spark (w_x06544) ×6']
Colm Rasp: goal='Keep your clothes dry', knows=[], holds=['spark (w_x06545) ×5']
Grigor Copp: goal='Find out how your neighbour is keeping', knows=[], holds=['spark (w_x06546) ×7']
Dunstan Dorn: goal="Get taken on for a day's work", knows=[], holds=['spark (w_x06547) ×4']
Pin Quern: goal='Get the penny you were promised for the horse', knows=[], holds=['spark (w_x06548) ×7']
Petronel Crake: goal='Enjoy a little peace in your neighbourhood', knows=[], holds=['spark (w_x06549) ×7']
Grigor Crake: goal='Share a memory of the street', knows=[], holds=['spark (w_x06550) ×6']
Clemence of the Bellstand: goal="Get taken on for a day's work", knows=[], holds=['spark (w_x06551) ×4']
Jos Threefinger: goal='Share a memory of the street', knows=[], holds=['spark (w_x06552) ×6']
Mote Shortmeasure: goal='Keep your clothes dry', knows=[], holds=['spark (w_x06553) ×7']
Tib Vell: goal='Keep your clothes dry', knows=[], holds=['spark (w_x06554) ×6']
Dob of Ostrelle: goal='Get the penny you were promised for the horse', knows=[], holds=['spark (w_x06555) ×2']
Pin of the Bellstand: goal='Find out how your neighbour is keeping', knows=[], holds=['spark (w_x06556) ×4']
Jonet of the Tenters: goal='Find out how your neighbour is keeping', knows=[], holds=['spark (w_x06557) ×5']
Bertran of the Gutter Steps: goal='Find out how your neighbour is keeping', knows=[], holds=['spark (w_x06558) ×2']
Dob of Cinder Row: goal='Keep your clothes dry', knows=[], holds=['spark (w_x06559) ×5']
Clemence of Cinder Row: goal='Hear news from your kin', knows=[], holds=['spark (w_x06560) ×2']
Jos Upstream: goal='Keep your clothes dry', knows=[], holds=['spark (w_x06561) ×3']
Corin Alder: goal='Hear news from your kin', knows=[], holds=['spark (w_x06562) ×3']
Petronel Hawser: goal='Share a memory of the street', knows=[], holds=['spark (w_x06563) ×7']
Jonet Upstream: goal='Keep your clothes dry', knows=[], holds=['spark (w_x06564) ×2']
Nan Vell: goal='Hear news from your kin', knows=[], holds=['spark (w_x06565) ×3']
Mote of the Low Bridge: goal='Hear news from your kin', knows=[], holds=['spark (w_x06566) ×6']
Havise of the Gutter Steps: goal='Hear news from your kin', knows=[], holds=['spark (w_x06567) ×7']
Osanne Hobbe: goal='Hear news from your kin', knows=[], holds=['spark (w_x06568) ×5']
Colm Upstream: goal='Find somewhere to dry your blanket', knows=[], holds=['spark (w_x06569) ×3']
Petronel Hobbe: goal='Share a memory of the street', knows=[], holds=['spark (w_x06570) ×3']
Rohese Nineteen: goal='Share a memory of the street', knows=[], holds=['spark (w_x06571) ×5']
Ewart Dorn: goal='Find somewhere to dry your blanket', knows=[], holds=['spark (w_x06572) ×5']
Osanne of the Needle: goal='Keep the household blankets in good order', knows=[], holds=['spark (w_x06573) ×4']
Noll Rasp: goal='Enjoy a little peace in your neighbourhood', knows=[], holds=['spark (w_x06574) ×6']
Osanne Nineteen: goal='Enjoy a little peace in your neighbourhood', knows=[], holds=['spark (w_x06575) ×5']
Pin Threefinger: goal='Enjoy a little peace in your neighbourhood', knows=[], holds=['spark (w_x06576) ×3']
Aldith Roper: goal='Enjoy a little peace in your neighbourhood', knows=[], holds=['spark (w_x06577) ×2']
Bertran Hawser: goal='Find out how your neighbour is keeping', knows=[], holds=['spark (w_x06578) ×4']
Jonet of the Gutter Steps: goal='Keep the household blankets in good order', knows=[], holds=['spark (w_x06579) ×3']
Tobin Nineteen: goal='Find somewhere to dry your blanket', knows=[], holds=['spark (w_x06580) ×5']
Petronel Latchkey: goal='Keep your clothes dry', knows=[], holds=['spark (w_x06581) ×2']
Hamel Coldhands: goal='Enjoy a little peace in your neighbourhood', knows=[], holds=['spark (w_x06582) ×4']
Noll Hawser: goal='Find out how your neighbour is keeping', knows=[], holds=['spark (w_x06583) ×2']
Dunstan Roper: goal='Keep your clothes dry', knows=[], holds=['spark (w_x06584) ×3']
Ewart Stott: goal='Hear news from your kin', knows=[], holds=['spark (w_x06585) ×7']
Tib of Ostrelle: goal='Find somewhere you will be left alone', knows=[], holds=['spark (w_x06586) ×5']
Clemence the Lesser: goal='Enjoy a little peace in your neighbourhood', knows=[], holds=['spark (w_x06587) ×4']
Noll Hobbe: goal='Replace your lost alms bowl', knows=[], holds=['spark (w_x06588) ×4']
Betriss Tarn: goal="Get taken on for a day's work", knows=[], holds=['spark (w_x06589) ×7']
Hamel Skell: goal='Keep the household blankets in good order', knows=[], holds=['spark (w_x06590) ×2']
Renn Quern: goal='Find out how your neighbour is keeping', knows=[], holds=['spark (w_x06591) ×6']
Lise Fitch: goal='Enjoy a little peace in your neighbourhood', knows=[], holds=['spark (w_x06592) ×6']
Aubin Pike: goal='Hear news from your kin', knows=[], holds=['spark (w_x06593) ×2']
Nan Marle: goal='Hear news from your kin', knows=[], holds=['spark (w_x06594) ×3']
Rohese Hawser: goal="Get taken on for a day's work", knows=[], holds=['spark (w_x06595) ×7']
Osanne Pike: goal='Hear news from your kin', knows=[], holds=['spark (w_x06596) ×6']
Pin Upstream: goal='Share a memory of the street', knows=[], holds=['spark (w_x06597) ×6']
Colm Roper: goal='Hear news from your kin', knows=[], holds=['spark (w_x06598) ×3']
Ansel of the Needle: goal='Keep your clothes dry', knows=[], holds=['spark (w_x06599) ×2']
Averil Coldhands: goal='Beg or find a meal today', knows=[], holds=['spark (w_x06600) ×4']
Rohese Dorn: goal='Keep the household blankets in good order', knows=[], holds=['spark (w_x06601) ×2']
Petronel Wetalms: goal='Keep the household blankets in good order', knows=[], holds=['spark (w_x06602) ×2']
Aubin of the Tenters: goal='Keep your clothes dry', knows=[], holds=['spark (w_x06603) ×2']
Jos the Long: goal='Keep the household blankets in good order', knows=[], holds=['spark (w_x06604) ×3']
Betriss Rasp: goal='Keep your clothes dry', knows=[], holds=['spark (w_x06605) ×4']
Betriss Pike: goal='Enjoy a little peace in your neighbourhood', knows=[], holds=['spark (w_x06606) ×3']
Segwin Fitch: goal='Find a quiet frontage where you are welcome', knows=[], holds=['spark (w_x06607) ×3']
Grigor Crake: goal='Keep the household blankets in good order', knows=[], holds=['spark (w_x06608) ×5']
Havise of the Shambles: goal='Share a memory of the street', knows=[], holds=['spark (w_x06609) ×2']
Bertran Stott: goal='Keep the household blankets in good order', knows=[], holds=['spark (w_x06610) ×2']
Nan Stott: goal='Keep your clothes dry', knows=[], holds=['spark (w_x06611) ×2']
Cobb Ashe: goal='Keep your clothes dry', knows=[], holds=['spark (w_x06612) ×2']
Hamel of the Tenters: goal='Find a quiet frontage where you are welcome', knows=[], holds=['spark (w_x06613) ×3']
Sibbe of the Shambles: goal='Enjoy a little peace in your neighbourhood', knows=[], holds=['spark (w_x06614) ×6']
Sef of the Needle: goal='Enjoy a little peace in your neighbourhood', knows=[], holds=['spark (w_x06615) ×7']
Rohese Roper: goal='Enjoy a little peace in your neighbourhood', knows=[], holds=['spark (w_x06616) ×3']
Havise of the Slip: goal='Hear news from your kin', knows=[], holds=['spark (w_x06617) ×2']
Havise Alder: goal='Find something to put on your feet', knows=[], holds=['spark (w_x06618) ×7']
Corin of the Tenters: goal='Keep the household blankets in good order', knows=[], holds=['spark (w_x06619) ×5']
Tobin Alder: goal='Keep the household blankets in good order', knows=[], holds=['spark (w_x06620) ×3']
Ewart Skell: goal='Find a salve for your hands', knows=[], holds=['spark (w_x06621) ×7']
Bertran Dorn: goal='Keep the household blankets in good order', knows=[], holds=['spark (w_x06622) ×5']
Sef the Lesser: goal='Get the penny you were promised for the horse', knows=[], holds=['spark (w_x06623) ×5']
Averil Hawser: goal='Hear news from your kin', knows=[], holds=['spark (w_x06624) ×2']
Ede Brant: goal='Get your sleeping corner back', knows=[], holds=['spark (w_x06625) ×7']
Tobin Hobbe: goal='Keep the household blankets in good order', knows=[], holds=['spark (w_x06626) ×7']
Osanne Crake: goal='Keep the household blankets in good order', knows=[], holds=['spark (w_x06627) ×2']
Petronel of Cinder Row: goal='Hear news from your kin', knows=[], holds=['spark (w_x06628) ×3']
Dunstan Upstream: goal='Keep your clothes dry', knows=[], holds=['spark (w_x06629) ×6']
Betriss of Cinder Row: goal='Share a memory of the street', knows=[], holds=['spark (w_x06630) ×7']
Petronel Shortmeasure: goal='Hear news from your kin', knows=[], holds=['spark (w_x06631) ×4']
Clemence Ashe: goal='Find out how your neighbour is keeping', knows=[], holds=['spark (w_x06632) ×7']
Idonea Copp: goal='Hear news from your kin', knows=[], holds=['spark (w_x06633) ×3']
Sef Crake: goal='Enjoy a little peace in your neighbourhood', knows=[], holds=['spark (w_x06634) ×2']
Clemence Crake: goal='Keep the household blankets in good order', knows=[], holds=['spark (w_x06635) ×4']
Aldith Nineteen: goal='Enjoy a little peace in your neighbourhood', knows=[], holds=['spark (w_x06636) ×5']
Sef the Long: goal='Enjoy a little peace in your neighbourhood', knows=[], holds=['spark (w_x06637) ×5']
Dunstan Brant: goal='Keep your clothes dry', knows=[], holds=['spark (w_x06638) ×5']
Ewart of the Gutter Steps: goal='Find somewhere to dry your blanket', knows=[], holds=['spark (w_x06639) ×7']
Jonet Copp: goal='Enjoy a little peace in your neighbourhood', knows=[], holds=['spark (w_x06640) ×4']
Lise of the Tenters: goal='Get the penny you were promised for the horse', knows=[], holds=['spark (w_x06641) ×4']
Pin Dorn: goal='Find out how your neighbour is keeping', knows=[], holds=['spark (w_x06642) ×2']
Betriss Brant: goal='Share a memory of the street', knows=[], holds=['spark (w_x06643) ×4']
Betriss Fitch: goal='Get your sleeping corner back', knows=[], holds=['spark (w_x06644) ×3']
Sef of the Low Bridge: goal='Hear news from your kin', knows=[], holds=['spark (w_x06645) ×4']
Osanne Threefinger: goal='Find a quiet frontage where you are welcome', knows=[], holds=['spark (w_x06646) ×3']
Pin Upstream: goal='Keep your clothes dry', knows=[], holds=['spark (w_x06647) ×3']
Averil Nineteen: goal='Hear news from your kin', knows=[], holds=['spark (w_x06648) ×4']
Tib the Lesser: goal='Keep the household blankets in good order', knows=[], holds=['spark (w_x06649) ×7']
Pin of the Gutter Steps: goal='Keep your clothes dry', knows=[], holds=['spark (w_x06650) ×6']
Bertran Marle: goal='Enjoy a little peace in your neighbourhood', knows=[], holds=['spark (w_x06651) ×6']
Tobin of the Low Bridge: goal='Keep the household blankets in good order', knows=[], holds=['spark (w_x06652) ×3']
Segwin Nineteen: goal='Share a memory of the street', knows=[], holds=['spark (w_x06653) ×3']
Corin Threefinger: goal='Enjoy a little peace in your neighbourhood', knows=[], holds=['spark (w_x06654) ×6']
Cobb Alder: goal='Keep the household blankets in good order', knows=[], holds=['spark (w_x06655) ×4']
Dunstan Nineteen: goal='Keep your clothes dry', knows=[], holds=['spark (w_x06656) ×6']
Noll Ashe: goal='Get the penny you were promised for the horse', knows=[], holds=['spark (w_x06657) ×3']
Aldith Crake: goal='Enjoy a little peace in your neighbourhood', knows=[], holds=['spark (w_x06658) ×5']
Sibbe Fitch: goal='Find out how your neighbour is keeping', knows=[], holds=['spark (w_x06659) ×4']
Tib Threefinger: goal='Find out how your neighbour is keeping', knows=[], holds=['spark (w_x06660) ×3']
Cobb Roper: goal='Share a memory of the street', knows=[], holds=['spark (w_x06661) ×3']
Jos Pike: goal='Share a memory of the street', knows=[], holds=['spark (w_x06662) ×4']
Ewart Pike: goal='Enjoy a little peace in your neighbourhood', knows=[], holds=['spark (w_x06663) ×2']
Noll Vell: goal='Find somewhere you will be left alone', knows=[], holds=['spark (w_x06664) ×2']
Pin Ashe: goal='Hear news from your kin', knows=[], holds=['spark (w_x06665) ×6']
Lise of the Slip: goal='Enjoy a little peace in your neighbourhood', knows=[], holds=['spark (w_x06666) ×4']
Corin the Long: goal='Keep the household blankets in good order', knows=[], holds=['spark (w_x06667) ×6']
Osanne of the Slip: goal='Hear news from your kin', knows=[], holds=['spark (w_x06668) ×2']
Betriss Pike: goal='Enjoy a little peace in your neighbourhood', knows=[], holds=['spark (w_x06669) ×5']
Aubin Salter: goal='Share a memory of the street', knows=[], holds=['spark (w_x06670) ×6']
Nan Dorn: goal='Keep the household blankets in good order', knows=[], holds=['spark (w_x06671) ×3']
Osanne of the Shambles: goal='Keep the household blankets in good order', knows=[], holds=['spark (w_x06672) ×7']
Havise Latchkey: goal='Keep the household blankets in good order', knows=[], holds=['spark (w_x06673) ×6']
Averil Rasp: goal='Keep your clothes dry', knows=[], holds=['spark (w_x06674) ×3']
Segwin Stott: goal='Share a memory of the street', knows=[], holds=['spark (w_x06675) ×7']
Jos Sparr: goal='Hear news from your kin', knows=[], holds=['spark (w_x06676) ×5']
Bertran of Ostrelle: goal='Keep your clothes dry', knows=[], holds=['spark (w_x06677) ×7']
Sibbe Threefinger: goal='Share a memory of the street', knows=[], holds=['spark (w_x06678) ×7']
Idonea the Long: goal='Hear news from your kin', knows=[], holds=['spark (w_x06679) ×3']
Bertran Nineteen: goal='Share a memory of the street', knows=[], holds=['spark (w_x06680) ×2']
Ansel Hobbe: goal='Enjoy a little peace in your neighbourhood', knows=[], holds=['spark (w_x06681) ×4']
Averil of the Needle: goal='Find something to put on your feet', knows=[], holds=['spark (w_x06682) ×6']
Mote Copp: goal='Find a salve for your hands', knows=[], holds=['spark (w_x06683) ×3']
Rohese Crake: goal='Find out how your neighbour is keeping', knows=[], holds=['spark (w_x06684) ×4']
Rohese of the Gutter Steps: goal='Find out how your neighbour is keeping', knows=[], holds=['spark (w_x06685) ×7']
Jonet Coldhands: goal='Replace your lost alms bowl', knows=[], holds=['spark (w_x06686) ×5']
Petronel Latchkey: goal='Keep your clothes dry', knows=[], holds=['spark (w_x06687) ×5']
Tib of Cinder Row: goal='Find out how your neighbour is keeping', knows=[], holds=['spark (w_x06688) ×5']
Idonea Wetalms: goal='Enjoy a little peace in your neighbourhood', knows=[], holds=['spark (w_x06689) ×2']
Osanne Roper: goal='Enjoy a little peace in your neighbourhood', knows=[], holds=['spark (w_x06690) ×7']
Bertran of the Needle: goal='Hear news from your kin', knows=[], holds=['spark (w_x06691) ×5']
Segwin Rasp: goal='Keep your clothes dry', knows=[], holds=['spark (w_x06692) ×3']
Gile of the Shambles: goal='Share a memory of the street', knows=[], holds=['spark (w_x06693) ×4']
Gile Copp: goal='Hear news from your kin', knows=[], holds=['spark (w_x06694) ×4']
Betriss Skell: goal='Keep your clothes dry', knows=[], holds=['spark (w_x06695) ×2']
Ewart Copp: goal='Enjoy a little peace in your neighbourhood', knows=[], holds=['spark (w_x06696) ×7']
Osanne the Lesser: goal='Find a quiet frontage where you are welcome', knows=[], holds=['spark (w_x06697) ×5']
Havise Brant: goal='Find out how your neighbour is keeping', knows=[], holds=['spark (w_x06698) ×2']
Pin Skell: goal='Find out how your neighbour is keeping', knows=[], holds=['spark (w_x06699) ×6']
Aldith Alder: goal='Keep your clothes dry', knows=[], holds=['spark (w_x06700) ×2']
Havise Brant: goal='Keep your clothes dry', knows=[], holds=['spark (w_x06701) ×5']
Jonet of the Tenters: goal='Keep your clothes dry', knows=[], holds=['spark (w_x06702) ×7']
Clemence the Lesser: goal='Keep the household blankets in good order', knows=[], holds=['spark (w_x06703) ×4']
Dunstan Pike: goal='Keep your clothes dry', knows=[], holds=['spark (w_x06704) ×2']
Petronel Crake: goal='Hear news from your kin', knows=[], holds=['spark (w_x06705) ×3']
Corin of the Gutter Steps: goal='Find somewhere you will be left alone', knows=[], holds=['spark (w_x06706) ×3']
Gile Wetalms: goal='Keep the household blankets in good order', knows=[], holds=['spark (w_x06707) ×7']
Sef Tarn: goal='Keep the household blankets in good order', knows=[], holds=['spark (w_x06708) ×4']
Averil Hobbe: goal='Share a memory of the street', knows=[], holds=['spark (w_x06709) ×7']
Dunstan of the Shambles: goal='Find somewhere to dry your blanket', knows=[], holds=['spark (w_x06710) ×5']
Grigor of Ostrelle: goal='Find something to put on your feet', knows=[], holds=['spark (w_x06711) ×5']
Pin of the Tenters: goal='Hear news from your kin', knows=[], holds=['spark (w_x06712) ×6']
Jonet of the Slip: goal='Hear news from your kin', knows=[], holds=['spark (w_x06713) ×2']
Aldith Roper: goal='Enjoy a little peace in your neighbourhood', knows=[], holds=['spark (w_x06714) ×2']
Havise Skell: goal='Share a memory of the street', knows=[], holds=['spark (w_x06715) ×6']
Mote Upstream: goal='Share a memory of the street', knows=[], holds=['spark (w_x06716) ×6']
Nan of the Slip: goal='Find a quiet frontage where you are welcome', knows=[], holds=['spark (w_x06717) ×2']
Idonea Wetalms: goal='Keep your clothes dry', knows=[], holds=['spark (w_x06718) ×7']
Mote Quern: goal='Find out how your neighbour is keeping', knows=[], holds=['spark (w_x06719) ×5']
Jos Nineteen: goal='Enjoy a little peace in your neighbourhood', knows=[], holds=['spark (w_x06720) ×6']
Betriss Ashe: goal='Keep the household blankets in good order', knows=[], holds=['spark (w_x06721) ×7']
Betriss Alder: goal='Keep your clothes dry', knows=[], holds=['spark (w_x06722) ×2']
Nan of the Shambles: goal='Keep the household blankets in good order', knows=[], holds=['spark (w_x06723) ×6']
Sef Coldhands: goal='Hear news from your kin', knows=[], holds=['spark (w_x06724) ×5']
Mote Fitch: goal='Hear news from your kin', knows=[], holds=['spark (w_x06725) ×5']
Pin Hawser: goal='Find out how your neighbour is keeping', knows=[], holds=['spark (w_x06726) ×7']
Cobb of the Needle: goal='Find a quiet frontage where you are welcome', knows=[], holds=['spark (w_x06727) ×2']
Aldith Rasp: goal='Hear news from your kin', knows=[], holds=['spark (w_x06728) ×7']
Sef Latchkey: goal='Find out how your neighbour is keeping', knows=[], holds=['spark (w_x06729) ×5']
Jos Ferrant: goal='Hear news from your kin', knows=[], holds=['spark (w_x06730) ×5']
Petronel of the Slip: goal='Find out how your neighbour is keeping', knows=[], holds=['spark (w_x06731) ×6']
Dob Sparr: goal='Beg or find a meal today', knows=[], holds=['spark (w_x06732) ×6']
Ansel Rasp: goal='Enjoy a little peace in your neighbourhood', knows=[], holds=['spark (w_x06733) ×5']
Dob Fitch: goal='Find something to put on your feet', knows=[], holds=['spark (w_x06734) ×6']
Ib Ashe: goal='Enjoy a little peace in your neighbourhood', knows=[], holds=['spark (w_x06735) ×2']
Dob of the Slip: goal='Get the penny you were promised for the horse', knows=[], holds=['spark (w_x06736) ×5']
Sibbe Wetalms: goal='Find out how your neighbour is keeping', knows=[], holds=['spark (w_x06737) ×2']
Cobb of the Needle: goal='Find out how your neighbour is keeping', knows=[], holds=['spark (w_x06738) ×6']
Sef Fitch: goal='Get the penny you were promised for the horse', knows=[], holds=['spark (w_x06739) ×5']
Cobb Pike: goal='Hear news from your kin', knows=[], holds=['spark (w_x06740) ×7']
Mote Ferrant: goal='Get the penny you were promised for the horse', knows=[], holds=['spark (w_x06741) ×7']
Ib of the Low Bridge: goal='Enjoy a little peace in your neighbourhood', knows=[], holds=['spark (w_x06742) ×6']
Cobb of the Shambles: goal='Beg or find a meal today', knows=[], holds=['spark (w_x06743) ×2']
Sibbe Salter: goal='Find something to put on your feet', knows=[], holds=['spark (w_x06744) ×4']
Nan Alder: goal='Share a memory of the street', knows=[], holds=['spark (w_x06745) ×4']
Tib Skell: goal='Keep your clothes dry', knows=[], holds=['spark (w_x06746) ×3']
Bertran Scaffold: goal="Get taken on for a day's work", knows=[], holds=['spark (w_x06747) ×4']
Mote of the Bellstand: goal='Enjoy a little peace in your neighbourhood', knows=[], holds=['spark (w_x06748) ×4']
Dunstan Vell: goal='Share a memory of the street', knows=[], holds=['spark (w_x06749) ×3']
Sef Wetalms: goal='Keep your clothes dry', knows=[], holds=['spark (w_x06750) ×4']
Havise of the Shambles: goal='Find out how your neighbour is keeping', knows=[], holds=['spark (w_x06751) ×7']
Colm of the Shambles: goal='Enjoy a little peace in your neighbourhood', knows=[], holds=['spark (w_x06752) ×2']
Dunstan Alder: goal='Keep the household blankets in good order', knows=[], holds=['spark (w_x06753) ×7']
Gile Rasp: goal="Get taken on for a day's work", knows=[], holds=['spark (w_x06754) ×5']
Jos Wetalms: goal='Find somewhere to dry your blanket', knows=[], holds=['spark (w_x06755) ×2']
Osanne Alder: goal='Share a memory of the street', knows=[], holds=['spark (w_x06756) ×7']
Tobin of Cinder Row: goal='Share a memory of the street', knows=[], holds=['spark (w_x06757) ×7']
Averil Hobbe: goal='Get the penny you were promised for the horse', knows=[], holds=['spark (w_x06758) ×3']
Pin of Cinder Row: goal='Keep the household blankets in good order', knows=[], holds=['spark (w_x06759) ×6']
Rohese of Ostrelle: goal='Enjoy a little peace in your neighbourhood', knows=[], holds=['spark (w_x06760) ×7']
Nan of the Tenters: goal='Enjoy a little peace in your neighbourhood', knows=[], holds=['spark (w_x06761) ×4']
Lise Roper: goal='Beg or find a meal today', knows=[], holds=['spark (w_x06762) ×4']
Jonet of the Gutter Steps: goal='Share a memory of the street', knows=[], holds=['spark (w_x06763) ×3']
Jonet Dorn: goal='Find out how your neighbour is keeping', knows=[], holds=['spark (w_x06764) ×2']
Ewart of the Gutter Steps: goal='Beg or find a meal today', knows=[], holds=['spark (w_x06765) ×6']
Osanne Pike: goal='Keep your clothes dry', knows=[], holds=['spark (w_x06766) ×6']
Sef Tarn: goal='Share a memory of the street', knows=[], holds=['spark (w_x06767) ×7']
Aldith the Lesser: goal='Enjoy a little peace in your neighbourhood', knows=[], holds=['spark (w_x06768) ×7']
Osanne Shortmeasure: goal='Find out how your neighbour is keeping', knows=[], holds=['spark (w_x06769) ×4']
Cobb Alder: goal='Enjoy a little peace in your neighbourhood', knows=[], holds=['spark (w_x06770) ×6']
Ede Vell: goal='Enjoy a little peace in your neighbourhood', knows=[], holds=['spark (w_x06771) ×7']
Gile Quern: goal='Find something to put on your feet', knows=[], holds=['spark (w_x06772) ×6']
Havise of the Needle: goal='Find somewhere to dry your blanket', knows=[], holds=['spark (w_x06773) ×5']
Gile Stott: goal='Enjoy a little peace in your neighbourhood', knows=[], holds=['spark (w_x06774) ×4']
Sef the Long: goal='Enjoy a little peace in your neighbourhood', knows=[], holds=['spark (w_x06775) ×7']
Bertran Brant: goal='Hear news from your kin', knows=[], holds=['spark (w_x06776) ×6']
Jonet of the Shambles: goal='Keep the household blankets in good order', knows=[], holds=['spark (w_x06777) ×2']
Mote Crake: goal="Get taken on for a day's work", knows=[], holds=['spark (w_x06778) ×2']
Ewart of the Slip: goal='Beg or find a meal today', knows=[], holds=['spark (w_x06779) ×6']
Dob Roper: goal='Keep the household blankets in good order', knows=[], holds=['spark (w_x06780) ×2']
Tib Vell: goal='Share a memory of the street', knows=[], holds=['spark (w_x06781) ×6']
Ewart of the Needle: goal='Hear news from your kin', knows=[], holds=['spark (w_x06782) ×4']
Bertran Vell: goal='Keep the household blankets in good order', knows=[], holds=['spark (w_x06783) ×2']
Nan Scaffold: goal='Keep the household blankets in good order', knows=[], holds=['spark (w_x06784) ×2']
Ede Fitch: goal='Find out how your neighbour is keeping', knows=[], holds=['spark (w_x06785) ×5']
Averil Hobbe: goal='Find out how your neighbour is keeping', knows=[], holds=['spark (w_x06786) ×5']
Havise Copp: goal='Enjoy a little peace in your neighbourhood', knows=[], holds=['spark (w_x06787) ×4']
Gile Hawser: goal='Hear news from your kin', knows=[], holds=['spark (w_x06788) ×2']
Ansel Wetalms: goal='Find something to put on your feet', knows=[], holds=['spark (w_x06789) ×6']
Tobin Coldhands: goal='Enjoy a little peace in your neighbourhood', knows=[], holds=['spark (w_x06790) ×2']
Ansel the Lesser: goal='Keep your clothes dry', knows=[], holds=['spark (w_x06791) ×2']
Renn the Long: goal='Find out how your neighbour is keeping', knows=[], holds=['spark (w_x06792) ×3']
Ewart Fitch: goal='Hear news from your kin', knows=[], holds=['spark (w_x06793) ×7']
Hamel Ferrant: goal='Hear news from your kin', knows=[], holds=['spark (w_x06794) ×4']
Osanne Threefinger: goal='Keep your clothes dry', knows=[], holds=['spark (w_x06795) ×4']
Tobin Shortmeasure: goal='Find something to put on your feet', knows=[], holds=['spark (w_x06796) ×2']
Aldith Skell: goal='Enjoy a little peace in your neighbourhood', knows=[], holds=['spark (w_x06797) ×6']
Bertran Vell: goal='Hear news from your kin', knows=[], holds=['spark (w_x06798) ×4']
Noll Pike: goal='Find out how your neighbour is keeping', knows=[], holds=['spark (w_x06799) ×7']
Tib Copp: goal='Keep the household blankets in good order', knows=[], holds=['spark (w_x06800) ×3']
Sibbe Scaffold: goal='Get your sleeping corner back', knows=[], holds=['spark (w_x06801) ×4']
Tobin Upstream: goal="Get taken on for a day's work", knows=[], holds=['spark (w_x06802) ×5']
Havise Latchkey: goal='Find a quiet frontage where you are welcome', knows=[], holds=['spark (w_x06803) ×7']
Jonet of the Bellstand: goal='Find out how your neighbour is keeping', knows=[], holds=['spark (w_x06804) ×4']
Renn Scaffold: goal='Enjoy a little peace in your neighbourhood', knows=[], holds=['spark (w_x06805) ×4']
Tobin Pike: goal='Keep the household blankets in good order', knows=[], holds=['spark (w_x06806) ×3']
Rohese Roper: goal='Share a memory of the street', knows=[], holds=['spark (w_x06807) ×2']
Lise Shortmeasure: goal='Find out how your neighbour is keeping', knows=[], holds=['spark (w_x06808) ×4']
Segwin Sparr: goal='Keep the household blankets in good order', knows=[], holds=['spark (w_x06809) ×2']
Cobb Brant: goal='Keep your clothes dry', knows=[], holds=['spark (w_x06810) ×7']
Petronel Coldhands: goal='Find out how your neighbour is keeping', knows=[], holds=['spark (w_x06811) ×2']
Jos Rasp: goal='Share a memory of the street', knows=[], holds=['spark (w_x06812) ×4']
Dob Threefinger: goal='Share a memory of the street', knows=[], holds=['spark (w_x06813) ×5']
Clemence Marle: goal='Keep your clothes dry', knows=[], holds=['spark (w_x06814) ×7']
Aubin of the Bellstand: goal='Find out how your neighbour is keeping', knows=[], holds=['spark (w_x06815) ×4']
Sibbe Stott: goal='Get the penny you were promised for the horse', knows=[], holds=['spark (w_x06816) ×2']
Hamel Dorn: goal='Find a quiet frontage where you are welcome', knows=[], holds=['spark (w_x06817) ×3']
Rohese of the Tenters: goal='Keep the household blankets in good order', knows=[], holds=['spark (w_x06818) ×2']
Betriss Crake: goal='Get your sleeping corner back', knows=[], holds=['spark (w_x06819) ×5']
Dob of the Shambles: goal='Hear news from your kin', knows=[], holds=['spark (w_x06820) ×7']
Dob Stott: goal='Enjoy a little peace in your neighbourhood', knows=[], holds=['spark (w_x06821) ×2']
Mote of the Needle: goal='Enjoy a little peace in your neighbourhood', knows=[], holds=['spark (w_x06822) ×2']
Ansel Dorn: goal='Share a memory of the street', knows=[], holds=['spark (w_x06823) ×4']
Hamel Stott: goal='Share a memory of the street', knows=[], holds=['spark (w_x06824) ×3']
Jonet of the Needle: goal='Hear news from your kin', knows=[], holds=['spark (w_x06825) ×6']
Segwin of the Slip: goal='Find out how your neighbour is keeping', knows=[], holds=['spark (w_x06826) ×4']
Osanne Marle: goal='Enjoy a little peace in your neighbourhood', knows=[], holds=['spark (w_x06827) ×7']
Sibbe of Cinder Row: goal='Enjoy a little peace in your neighbourhood', knows=[], holds=['spark (w_x06828) ×4']
Ede the Long: goal='Find somewhere you will be left alone', knows=[], holds=['spark (w_x06829) ×6']
Dunstan of the Shambles: goal='Find a quiet frontage where you are welcome', knows=[], holds=['spark (w_x06830) ×4']
Cobb Upstream: goal='Find a quiet frontage where you are welcome', knows=[], holds=['spark (w_x06831) ×5']
Hamel Quern: goal='Enjoy a little peace in your neighbourhood', knows=[], holds=['spark (w_x06832) ×6']
Renn Marle: goal='Enjoy a little peace in your neighbourhood', knows=[], holds=['spark (w_x06833) ×2']
Gile Stott: goal='Hear news from your kin', knows=[], holds=['spark (w_x06834) ×6']
Nan Wetalms: goal='Share a memory of the street', knows=[], holds=['spark (w_x06835) ×2']
Idonea Latchkey: goal='Keep the household blankets in good order', knows=[], holds=['spark (w_x06836) ×3']
Bertran Stott: goal='Enjoy a little peace in your neighbourhood', knows=[], holds=['spark (w_x06837) ×5']
Noll of the Tenters: goal='Find something to put on your feet', knows=[], holds=['spark (w_x06838) ×3']
Grigor Upstream: goal='Keep your clothes dry', knows=[], holds=['spark (w_x06839) ×5']
Pin Hobbe: goal='Enjoy a little peace in your neighbourhood', knows=[], holds=['spark (w_x06840) ×6']
Rohese the Lesser: goal='Keep your clothes dry', knows=[], holds=['spark (w_x06841) ×6']
Betriss Scaffold: goal='Keep your clothes dry', knows=[], holds=['spark (w_x06842) ×5']
Nan Vell: goal='Keep your clothes dry', knows=[], holds=['spark (w_x06843) ×7']
Clemence Vell: goal="Get taken on for a day's work", knows=[], holds=['spark (w_x06844) ×5']
Averil Fitch: goal='Enjoy a little peace in your neighbourhood', knows=[], holds=['spark (w_x06845) ×5']
Rohese Pike: goal='Keep the household blankets in good order', knows=[], holds=['spark (w_x06846) ×5']
Havise Latchkey: goal='Find a quiet frontage where you are welcome', knows=[], holds=['spark (w_x06847) ×2']
Aubin the Long: goal='Keep your clothes dry', knows=[], holds=['spark (w_x06848) ×7']
Petronel Coldhands: goal='Hear news from your kin', knows=[], holds=['spark (w_x06849) ×6']
Dunstan Shortmeasure: goal='Find a quiet frontage where you are welcome', knows=[], holds=['spark (w_x06850) ×3']
Petronel the Lesser: goal='Hear news from your kin', knows=[], holds=['spark (w_x06851) ×6']
Petronel of the Needle: goal='Find a quiet frontage where you are welcome', knows=[], holds=['spark (w_x06852) ×7']
Bertran Roper: goal='Keep your clothes dry', knows=[], holds=['spark (w_x06853) ×3']
Sef Brant: goal='Hear news from your kin', knows=[], holds=['spark (w_x06854) ×4']
Jos Roper: goal='Find somewhere to dry your blanket', knows=[], holds=['spark (w_x06855) ×4']
Havise of the Tenters: goal='Get your sleeping corner back', knows=[], holds=['spark (w_x06856) ×6']
Ib of the Tenters: goal='Keep the household blankets in good order', knows=[], holds=['spark (w_x06857) ×4']
Dob of the Needle: goal='Keep your clothes dry', knows=[], holds=['spark (w_x06858) ×5']
Dob Fitch: goal='Beg or find a meal today', knows=[], holds=['spark (w_x06859) ×2']
Ansel Vell: goal='Keep the household blankets in good order', knows=[], holds=['spark (w_x06860) ×7']
Renn Rasp: goal='Enjoy a little peace in your neighbourhood', knows=[], holds=['spark (w_x06861) ×4']
Pin Roper: goal='Keep your clothes dry', knows=[], holds=['spark (w_x06862) ×3']
Bertran Latchkey: goal='Replace your lost alms bowl', knows=[], holds=['spark (w_x06863) ×3']
Rohese Wetalms: goal='Hear news from your kin', knows=[], holds=['spark (w_x06864) ×3']
Havise of the Slip: goal='Keep the household blankets in good order', knows=[], holds=['spark (w_x06865) ×2']
Ansel Alder: goal='Find out how your neighbour is keeping', knows=[], holds=['spark (w_x06866) ×3']
Bertran Alder: goal='Share a memory of the street', knows=[], holds=['spark (w_x06867) ×5']
Sef Salter: goal='Replace your lost alms bowl', knows=[], holds=['spark (w_x06868) ×3']
Nan Threefinger: goal='Find a salve for your hands', knows=[], holds=['spark (w_x06869) ×3']
Colm of the Needle: goal='Find somewhere to dry your blanket', knows=[], holds=['spark (w_x06870) ×4']
Tobin Rasp: goal='Find somewhere to dry your blanket', knows=[], holds=['spark (w_x06871) ×2']
Dob Marle: goal='Find out how your neighbour is keeping', knows=[], holds=['spark (w_x06872) ×7']
Corin Roper: goal='Enjoy a little peace in your neighbourhood', knows=[], holds=['spark (w_x06873) ×7']
Osanne the Long: goal='Enjoy a little peace in your neighbourhood', knows=[], holds=['spark (w_x06874) ×5']
Sibbe Salter: goal='Hear news from your kin', knows=[], holds=['spark (w_x06875) ×2']
Grigor Hawser: goal='Keep your clothes dry', knows=[], holds=['spark (w_x06876) ×7']
Noll Dorn: goal='Hear news from your kin', knows=[], holds=['spark (w_x06877) ×7']
Rohese of Ostrelle: goal='Enjoy a little peace in your neighbourhood', knows=[], holds=['spark (w_x06878) ×6']
Averil the Long: goal='Hear news from your kin', knows=[], holds=['spark (w_x06879) ×5']
Sibbe Alder: goal='Hear news from your kin', knows=[], holds=['spark (w_x06880) ×2']
Tib Brant: goal='Enjoy a little peace in your neighbourhood', knows=[], holds=['spark (w_x06881) ×3']
Jos Pike: goal='Find somewhere to dry your blanket', knows=[], holds=['spark (w_x06882) ×3']
Ede Hawser: goal='Enjoy a little peace in your neighbourhood', knows=[], holds=['spark (w_x06883) ×5']
Aubin Stott: goal='Enjoy a little peace in your neighbourhood', knows=[], holds=['spark (w_x06884) ×6']
Pin Roper: goal='Hear news from your kin', knows=[], holds=['spark (w_x06885) ×7']
Ede Tarn: goal='Share a memory of the street', knows=[], holds=['spark (w_x06886) ×5']
Dob Latchkey: goal='Share a memory of the street', knows=[], holds=['spark (w_x06887) ×5']
Bertran Ferrant: goal='Keep your clothes dry', knows=[], holds=['spark (w_x06888) ×6']
Havise Hawser: goal='Enjoy a little peace in your neighbourhood', knows=[], holds=['spark (w_x06889) ×3']
Noll of Ostrelle: goal='Find somewhere to dry your blanket', knows=[], holds=['spark (w_x06890) ×2']
Renn the Lesser: goal='Share a memory of the street', knows=[], holds=['spark (w_x06891) ×2']
Ib of the Slip: goal='Share a memory of the street', knows=[], holds=['spark (w_x06892) ×3']
Colm the Lesser: goal='Keep the household blankets in good order', knows=[], holds=['spark (w_x06893) ×5']
Jonet Latchkey: goal='Share a memory of the street', knows=[], holds=['spark (w_x06894) ×2']
Hamel Copp: goal='Share a memory of the street', knows=[], holds=['spark (w_x06895) ×3']
Jos Roper: goal='Enjoy a little peace in your neighbourhood', knows=[], holds=['spark (w_x06896) ×3']
Cobb Fitch: goal='Find out how your neighbour is keeping', knows=[], holds=['spark (w_x06897) ×3']
Clemence Ashe: goal='Find out how your neighbour is keeping', knows=[], holds=['spark (w_x06898) ×3']
Ib Hawser: goal='Keep the household blankets in good order', knows=[], holds=['spark (w_x06899) ×2']
Rohese the Long: goal='Share a memory of the street', knows=[], holds=['spark (w_x06900) ×6']
Ib Sparr: goal='Enjoy a little peace in your neighbourhood', knows=[], holds=['spark (w_x06901) ×4']
Grigor Copp: goal='Hear news from your kin', knows=[], holds=['spark (w_x06902) ×5']
Sef Scaffold: goal='Enjoy a little peace in your neighbourhood', knows=[], holds=['spark (w_x06903) ×2']
Jonet of the Tenters: goal='Hear news from your kin', knows=[], holds=['spark (w_x06904) ×2']
Nan Scaffold: goal='Keep the household blankets in good order', knows=[], holds=['spark (w_x06905) ×3']
Rohese Coldhands: goal='Hear news from your kin', knows=[], holds=['spark (w_x06906) ×4']
Noll Pike: goal='Find something to put on your feet', knows=[], holds=['spark (w_x06907) ×3']
Rohese Stott: goal='Keep the household blankets in good order', knows=[], holds=['spark (w_x06908) ×5']
Rohese Skell: goal='Enjoy a little peace in your neighbourhood', knows=[], holds=['spark (w_x06909) ×6']
Dob Latchkey: goal='Enjoy a little peace in your neighbourhood', knows=[], holds=['spark (w_x06910) ×5']
Lise Copp: goal='Find out how your neighbour is keeping', knows=[], holds=['spark (w_x06911) ×6']
Osanne the Long: goal='Keep the household blankets in good order', knows=[], holds=['spark (w_x06912) ×7']
Jonet Ashe: goal='Enjoy a little peace in your neighbourhood', knows=[], holds=['spark (w_x06913) ×7']
Sibbe Vell: goal='Enjoy a little peace in your neighbourhood', knows=[], holds=['spark (w_x06914) ×7']
Idonea Nineteen: goal='Find out how your neighbour is keeping', knows=[], holds=['spark (w_x06915) ×7']
Jonet Ashe: goal='Hear news from your kin', knows=[], holds=['spark (w_x06916) ×3']
Ewart of Cinder Row: goal='Hear news from your kin', knows=[], holds=['spark (w_x06917) ×6']
Lise Latchkey: goal='Hear news from your kin', knows=[], holds=['spark (w_x06918) ×5']
Havise of Ostrelle: goal='Share a memory of the street', knows=[], holds=['spark (w_x06919) ×6']
Petronel the Lesser: goal='Find out how your neighbour is keeping', knows=[], holds=['spark (w_x06920) ×5']
Renn the Long: goal='Enjoy a little peace in your neighbourhood', knows=[], holds=['spark (w_x06921) ×6']
Grigor the Lesser: goal='Share a memory of the street', knows=[], holds=['spark (w_x06922) ×6']
Renn of Cinder Row: goal='Hear news from your kin', knows=[], holds=['spark (w_x06923) ×7']
Gile Coldhands: goal='Hear news from your kin', knows=[], holds=['spark (w_x06924) ×3']
Lise Tarn: goal='Hear news from your kin', knows=[], holds=['spark (w_x06925) ×4']
Gile of Ostrelle: goal='Hear news from your kin', knows=[], holds=['spark (w_x06926) ×5']
Clemence Skell: goal='Get the penny you were promised for the horse', knows=[], holds=['spark (w_x06927) ×7']
Noll Threefinger: goal='Keep your clothes dry', knows=[], holds=['spark (w_x06928) ×6']
Rohese Quern: goal='Keep your clothes dry', knows=[], holds=['spark (w_x06929) ×6']
Sef Wetalms: goal='Keep your clothes dry', knows=[], holds=['spark (w_x06930) ×3']
Rohese Dorn: goal='Hear news from your kin', knows=[], holds=['spark (w_x06931) ×6']
Segwin Stott: goal="Get taken on for a day's work", knows=[], holds=['spark (w_x06932) ×6']
Betriss Ferrant: goal='Find out how your neighbour is keeping', knows=[], holds=['spark (w_x06933) ×2']
Osanne Hawser: goal='Keep your clothes dry', knows=[], holds=['spark (w_x06934) ×7']
Ede the Lesser: goal='Share a memory of the street', knows=[], holds=['spark (w_x06935) ×4']
Ewart Sparr: goal='Keep the household blankets in good order', knows=[], holds=['spark (w_x06936) ×4']
Pin of Ostrelle: goal='Keep your clothes dry', knows=[], holds=['spark (w_x06937) ×7']
Aldith Crake: goal='Find a salve for your hands', knows=[], holds=['spark (w_x06938) ×7']
Segwin Hawser: goal='Enjoy a little peace in your neighbourhood', knows=[], holds=['spark (w_x06939) ×2']
Mote Sparr: goal='Get the penny you were promised for the horse', knows=[], holds=['spark (w_x06940) ×6']
Betriss of the Gutter Steps: goal='Enjoy a little peace in your neighbourhood', knows=[], holds=['spark (w_x06941) ×3']
Nan Threefinger: goal='Share a memory of the street', knows=[], holds=['spark (w_x06942) ×5']
Gile of the Gutter Steps: goal="Get taken on for a day's work", knows=[], holds=['spark (w_x06943) ×4']
Petronel Salter: goal='Hear news from your kin', knows=[], holds=['spark (w_x06944) ×7']
Lise of the Shambles: goal='Find a quiet frontage where you are welcome', knows=[], holds=['spark (w_x06945) ×2']
Segwin Salter: goal='Find out how your neighbour is keeping', knows=[], holds=['spark (w_x06946) ×3']
Aubin of the Tenters: goal='Hear news from your kin', knows=[], holds=['spark (w_x06947) ×7']
Dunstan of Cinder Row: goal="Get taken on for a day's work", knows=[], holds=['spark (w_x06948) ×4']
Ib Alder: goal='Keep the household blankets in good order', knows=[], holds=['spark (w_x06949) ×7']
Ib Hobbe: goal='Get your sleeping corner back', knows=[], holds=['spark (w_x06950) ×4']
Jos Threefinger: goal='Share a memory of the street', knows=[], holds=['spark (w_x06951) ×4']
Noll Nineteen: goal='Keep your clothes dry', knows=[], holds=['spark (w_x06952) ×2']
Mote Marle: goal='Find out how your neighbour is keeping', knows=[], holds=['spark (w_x06953) ×7']
Colm of the Tenters: goal='Keep the household blankets in good order', knows=[], holds=['spark (w_x06954) ×4']
Idonea Latchkey: goal='Keep your clothes dry', knows=[], holds=['spark (w_x06955) ×4']
Idonea Alder: goal='Enjoy a little peace in your neighbourhood', knows=[], holds=['spark (w_x06956) ×2']
Osanne Shortmeasure: goal='Hear news from your kin', knows=[], holds=['spark (w_x06957) ×7']
Dob Brant: goal='Share a memory of the street', knows=[], holds=['spark (w_x06958) ×4']
Petronel Roper: goal='Get the penny you were promised for the horse', knows=[], holds=['spark (w_x06959) ×4']
Averil of the Needle: goal='Share a memory of the street', knows=[], holds=['spark (w_x06960) ×5']
Lise of Ostrelle: goal='Enjoy a little peace in your neighbourhood', knows=[], holds=['spark (w_x06961) ×2']
Gile of the Gutter Steps: goal='Keep the household blankets in good order', knows=[], holds=['spark (w_x06962) ×6']
Hamel the Long: goal='Hear news from your kin', knows=[], holds=['spark (w_x06963) ×4']
Ede Brant: goal='Hear news from your kin', knows=[], holds=['spark (w_x06964) ×5']
Tib Pike: goal='Find out how your neighbour is keeping', knows=[], holds=['spark (w_x06965) ×5']
Grigor of the Low Bridge: goal='Share a memory of the street', knows=[], holds=['spark (w_x06966) ×2']
Dob Stott: goal='Find somewhere to dry your blanket', knows=[], holds=['spark (w_x06967) ×6']
Mote Roper: goal='Find somewhere to dry your blanket', knows=[], holds=['spark (w_x06968) ×3']
Jonet of the Tenters: goal='Enjoy a little peace in your neighbourhood', knows=[], holds=['spark (w_x06969) ×4']
Petronel Roper: goal='Keep the household blankets in good order', knows=[], holds=['spark (w_x06970) ×5']
Havise Copp: goal='Find out how your neighbour is keeping', knows=[], holds=['spark (w_x06971) ×4']
Sibbe Salter: goal='Enjoy a little peace in your neighbourhood', knows=[], holds=['spark (w_x06972) ×5']
Renn Ferrant: goal='Find somewhere to dry your blanket', knows=[], holds=['spark (w_x06973) ×5']
Havise Salter: goal='Enjoy a little peace in your neighbourhood', knows=[], holds=['spark (w_x06974) ×2']
Clemence Rasp: goal='Find out how your neighbour is keeping', knows=[], holds=['spark (w_x06975) ×3']
Ewart Nineteen: goal='Keep your clothes dry', knows=[], holds=['spark (w_x06976) ×7']
Havise Brant: goal='Find somewhere you will be left alone', knows=[], holds=['spark (w_x06977) ×5']
Petronel Ferrant: goal='Keep your clothes dry', knows=[], holds=['spark (w_x06978) ×2']
Tib of Ostrelle: goal='Keep your clothes dry', knows=[], holds=['spark (w_x06979) ×3']
Pin the Lesser: goal='Find out how your neighbour is keeping', knows=[], holds=['spark (w_x06980) ×5']
Osanne of Cinder Row: goal='Find a quiet frontage where you are welcome', knows=[], holds=['spark (w_x06981) ×6']
Pin Salter: goal='Keep your clothes dry', knows=[], holds=['spark (w_x06982) ×4']
Segwin of the Slip: goal='Keep the household blankets in good order', knows=[], holds=['spark (w_x06983) ×3']
Segwin Marle: goal='Enjoy a little peace in your neighbourhood', knows=[], holds=['spark (w_x06984) ×4']
Dob Tarn: goal='Share a memory of the street', knows=[], holds=['spark (w_x06985) ×7']
Nan Ashe: goal='Replace your lost alms bowl', knows=[], holds=['spark (w_x06986) ×5']
Averil Salter: goal='Enjoy a little peace in your neighbourhood', knows=[], holds=['spark (w_x06987) ×6']
Clemence Threefinger: goal='Hear news from your kin', knows=[], holds=['spark (w_x06988) ×6']
Osanne Fitch: goal='Share a memory of the street', knows=[], holds=['spark (w_x06989) ×4']
Corin Quern: goal='Hear news from your kin', knows=[], holds=['spark (w_x06990) ×2']
Noll Nineteen: goal='Share a memory of the street', knows=[], holds=['spark (w_x06991) ×2']
Corin Threefinger: goal='Find a salve for your hands', knows=[], holds=['spark (w_x06992) ×2']
Jonet Crake: goal='Get your sleeping corner back', knows=[], holds=['spark (w_x06993) ×6']
Ede Fitch: goal='Keep the household blankets in good order', knows=[], holds=['spark (w_x06994) ×5']
Noll the Lesser: goal='Share a memory of the street', knows=[], holds=['spark (w_x06995) ×2']
Ede Tarn: goal='Hear news from your kin', knows=[], holds=['spark (w_x06996) ×3']
Sibbe the Lesser: goal='Find somewhere to dry your blanket', knows=[], holds=['spark (w_x06997) ×6']
Osanne of Cinder Row: goal='Share a memory of the street', knows=[], holds=['spark (w_x06998) ×3']
Lise Fitch: goal='Share a memory of the street', knows=[], holds=['spark (w_x06999) ×7']
Nan Stott: goal='Find a salve for your hands', knows=[], holds=['spark (w_x07000) ×6']
Nan Pike: goal='Get the penny you were promised for the horse', knows=[], holds=['spark (w_x07001) ×6']
Sibbe Hawser: goal='Beg or find a meal today', knows=[], holds=['spark (w_x07002) ×2']
Sef Latchkey: goal='Keep the household blankets in good order', knows=[], holds=['spark (w_x07003) ×7']
Idonea of the Shambles: goal='Find somewhere you will be left alone', knows=[], holds=['spark (w_x07004) ×6']
Pin Sparr: goal='Find somewhere you will be left alone', knows=[], holds=['spark (w_x07005) ×6']
Betriss of Ostrelle: goal='Find a quiet frontage where you are welcome', knows=[], holds=['spark (w_x07006) ×5']
Bertran Skell: goal='Hear news from your kin', knows=[], holds=['spark (w_x07007) ×4']
Tib Vell: goal='Keep your clothes dry', knows=[], holds=['spark (w_x07008) ×3']
Sef Ashe: goal='Keep the household blankets in good order', knows=[], holds=['spark (w_x07009) ×5']
Ede Upstream: goal='Enjoy a little peace in your neighbourhood', knows=[], holds=['spark (w_x07010) ×3']
Sef Ashe: goal='Hear news from your kin', knows=[], holds=['spark (w_x07011) ×6']
Ede Nineteen: goal='Find out how your neighbour is keeping', knows=[], holds=['spark (w_x07012) ×5']
Renn Stott: goal='Find out how your neighbour is keeping', knows=[], holds=['spark (w_x07013) ×3']
Averil Marle: goal='Get the penny you were promised for the horse', knows=[], holds=['spark (w_x07014) ×3']
Idonea Nineteen: goal='Share a memory of the street', knows=[], holds=['spark (w_x07015) ×3']
Betriss Alder: goal='Keep your clothes dry', knows=[], holds=['spark (w_x07016) ×5']
Bertran Rasp: goal='Hear news from your kin', knows=[], holds=['spark (w_x07017) ×2']
Havise Scaffold: goal='Enjoy a little peace in your neighbourhood', knows=[], holds=['spark (w_x07018) ×2']
Jos Roper: goal='Enjoy a little peace in your neighbourhood', knows=[], holds=['spark (w_x07019) ×5']
Aldith Threefinger: goal='Keep the household blankets in good order', knows=[], holds=['spark (w_x07020) ×3']
Noll Shortmeasure: goal='Hear news from your kin', knows=[], holds=['spark (w_x07021) ×6']
Colm of the Gutter Steps: goal='Keep the household blankets in good order', knows=[], holds=['spark (w_x07022) ×2']
Lise Brant: goal='Find out how your neighbour is keeping', knows=[], holds=['spark (w_x07023) ×3']
Colm Tarn: goal='Enjoy a little peace in your neighbourhood', knows=[], holds=['spark (w_x07024) ×7']
Ede Scaffold: goal='Find somewhere to dry your blanket', knows=[], holds=['spark (w_x07025) ×7']
Averil Vell: goal='Keep the household blankets in good order', knows=[], holds=['spark (w_x07026) ×5']
Betriss Ashe: goal='Hear news from your kin', knows=[], holds=['spark (w_x07027) ×6']
Rohese the Lesser: goal='Find a salve for your hands', knows=[], holds=['spark (w_x07028) ×5']
Ewart Alder: goal='Find out how your neighbour is keeping', knows=[], holds=['spark (w_x07029) ×7']
Osanne Tarn: goal='Hear news from your kin', knows=[], holds=['spark (w_x07030) ×6']
Grigor of the Slip: goal='Keep your clothes dry', knows=[], holds=['spark (w_x07031) ×6']
Osanne Upstream: goal='Hear news from your kin', knows=[], holds=['spark (w_x07032) ×6']
Osanne Scaffold: goal='Find out how your neighbour is keeping', knows=[], holds=['spark (w_x07033) ×4']
Dunstan Roper: goal='Hear news from your kin', knows=[], holds=['spark (w_x07034) ×4']
Nan Wetalms: goal='Share a memory of the street', knows=[], holds=['spark (w_x07035) ×5']
Ewart of the Tenters: goal='Share a memory of the street', knows=[], holds=['spark (w_x07036) ×5']
Gile Sparr: goal='Enjoy a little peace in your neighbourhood', knows=[], holds=['spark (w_x07037) ×6']
Clemence Crake: goal='Keep your clothes dry', knows=[], holds=['spark (w_x07038) ×3']
Osanne Rasp: goal='Hear news from your kin', knows=[], holds=['spark (w_x07039) ×6']
Clemence Skell: goal='Find out how your neighbour is keeping', knows=[], holds=['spark (w_x07040) ×5']
Betriss Upstream: goal='Enjoy a little peace in your neighbourhood', knows=[], holds=['spark (w_x07041) ×5']
Sibbe Ferrant: goal='Find out how your neighbour is keeping', knows=[], holds=['spark (w_x07042) ×5']
Sef Rasp: goal='Keep the household blankets in good order', knows=[], holds=['spark (w_x07043) ×3']
Noll of the Gutter Steps: goal='Hear news from your kin', knows=[], holds=['spark (w_x07044) ×6']
Noll Rasp: goal='Enjoy a little peace in your neighbourhood', knows=[], holds=['spark (w_x07045) ×2']
Ansel Sparr: goal='Find a quiet frontage where you are welcome', knows=[], holds=['spark (w_x07046) ×7']
Aubin Scaffold: goal='Keep the household blankets in good order', knows=[], holds=['spark (w_x07047) ×7']
Cobb Sparr: goal='Keep your clothes dry', knows=[], holds=['spark (w_x07048) ×6']
Ewart Salter: goal='Keep your clothes dry', knows=[], holds=['spark (w_x07049) ×5']
Havise Upstream: goal='Hear news from your kin', knows=[], holds=['spark (w_x07050) ×7']
Tib of the Shambles: goal='Find out how your neighbour is keeping', knows=[], holds=['spark (w_x07051) ×7']
Osanne Marle: goal='Keep the household blankets in good order', knows=[], holds=['spark (w_x07052) ×4']
Jos the Long: goal='Beg or find a meal today', knows=[], holds=['spark (w_x07053) ×2']
Sibbe of Cinder Row: goal='Find a quiet frontage where you are welcome', knows=[], holds=['spark (w_x07054) ×7']
Pin Coldhands: goal='Replace your lost alms bowl', knows=[], holds=['spark (w_x07055) ×2']
Hamel Alder: goal='Keep your clothes dry', knows=[], holds=['spark (w_x07056) ×7']
Bertran Latchkey: goal='Find somewhere to dry your blanket', knows=[], holds=['spark (w_x07057) ×7']
Ansel Latchkey: goal='Share a memory of the street', knows=[], holds=['spark (w_x07058) ×4']
Aubin Ashe: goal='Find a salve for your hands', knows=[], holds=['spark (w_x07059) ×4']
Renn of the Shambles: goal='Enjoy a little peace in your neighbourhood', knows=[], holds=['spark (w_x07060) ×2']
Colm Copp: goal='Find out how your neighbour is keeping', knows=[], holds=['spark (w_x07061) ×2']
Dob Latchkey: goal='Hear news from your kin', knows=[], holds=['spark (w_x07062) ×4']
Jonet the Long: goal='Find something to put on your feet', knows=[], holds=['spark (w_x07063) ×3']
Sibbe the Lesser: goal='Keep the household blankets in good order', knows=[], holds=['spark (w_x07064) ×4']
Sibbe of the Gutter Steps: goal='Find a salve for your hands', knows=[], holds=['spark (w_x07065) ×7']
Betriss of the Tenters: goal='Keep your clothes dry', knows=[], holds=['spark (w_x07066) ×7']
Aldith Copp: goal='Keep the household blankets in good order', knows=[], holds=['spark (w_x07067) ×3']
Betriss the Lesser: goal='Hear news from your kin', knows=[], holds=['spark (w_x07068) ×4']
Osanne Vell: goal='Find something to put on your feet', knows=[], holds=['spark (w_x07069) ×7']
Segwin Vell: goal='Hear news from your kin', knows=[], holds=['spark (w_x07070) ×4']
Tib Alder: goal='Keep your clothes dry', knows=[], holds=['spark (w_x07071) ×2']
Ewart the Long: goal='Enjoy a little peace in your neighbourhood', knows=[], holds=['spark (w_x07072) ×5']
Hamel Stott: goal='Share a memory of the street', knows=[], holds=['spark (w_x07073) ×3']
Petronel the Long: goal='Hear news from your kin', knows=[], holds=['spark (w_x07074) ×7']
Lise of the Gutter Steps: goal='Enjoy a little peace in your neighbourhood', knows=[], holds=['spark (w_x07075) ×3']
Segwin Alder: goal='Keep your clothes dry', knows=[], holds=['spark (w_x07076) ×6']
Gile Alder: goal='Keep the household blankets in good order', knows=[], holds=['spark (w_x07077) ×6']
Corin Tarn: goal="Get taken on for a day's work", knows=[], holds=['spark (w_x07078) ×7']
Noll Dorn: goal='Get the penny you were promised for the horse', knows=[], holds=['spark (w_x07079) ×7']
Sef of the Gutter Steps: goal='Share a memory of the street', knows=[], holds=['spark (w_x07080) ×4']
Dunstan of Cinder Row: goal='Keep your clothes dry', knows=[], holds=['spark (w_x07081) ×7']
Aldith Vell: goal='Share a memory of the street', knows=[], holds=['spark (w_x07082) ×4']
Osanne Tarn: goal='Find somewhere you will be left alone', knows=[], holds=['spark (w_x07083) ×6']
Bertran of the Bellstand: goal='Share a memory of the street', knows=[], holds=['spark (w_x07084) ×4']
Hamel Fitch: goal='Enjoy a little peace in your neighbourhood', knows=[], holds=['spark (w_x07085) ×6']
Lise Salter: goal='Keep your clothes dry', knows=[], holds=['spark (w_x07086) ×3']
Dob of the Bellstand: goal='Hear news from your kin', knows=[], holds=['spark (w_x07087) ×3']
Osanne Marle: goal='Get your sleeping corner back', knows=[], holds=['spark (w_x07088) ×6']
Colm Roper: goal='Share a memory of the street', knows=[], holds=['spark (w_x07089) ×4']
Jonet Pike: goal='Hear news from your kin', knows=[], holds=['spark (w_x07090) ×7']
Betriss Copp: goal='Get your sleeping corner back', knows=[], holds=['spark (w_x07091) ×7']
Jos Vell: goal='Hear news from your kin', knows=[], holds=['spark (w_x07092) ×6']
Aubin Wetalms: goal='Find somewhere to dry your blanket', knows=[], holds=['spark (w_x07093) ×4']
Grigor the Lesser: goal='Hear news from your kin', knows=[], holds=['spark (w_x07094) ×7']
Rohese of the Tenters: goal='Share a memory of the street', knows=[], holds=['spark (w_x07095) ×7']
Idonea of the Low Bridge: goal='Share a memory of the street', knows=[], holds=['spark (w_x07096) ×2']
Mote Roper: goal='Find out how your neighbour is keeping', knows=[], holds=['spark (w_x07097) ×6']
Cobb Tarn: goal='Keep your clothes dry', knows=[], holds=['spark (w_x07098) ×4']
Renn Hobbe: goal='Hear news from your kin', knows=[], holds=['spark (w_x07099) ×6']
Ansel Upstream: goal='Find out how your neighbour is keeping', knows=[], holds=['spark (w_x07100) ×5']
Sef Vell: goal='Keep your clothes dry', knows=[], holds=['spark (w_x07101) ×5']
Clemence Rasp: goal='Find somewhere to dry your blanket', knows=[], holds=['spark (w_x07102) ×3']
Bertran Wetalms: goal='Hear news from your kin', knows=[], holds=['spark (w_x07103) ×3']
Osanne Tarn: goal='Enjoy a little peace in your neighbourhood', knows=[], holds=['spark (w_x07104) ×7']
Havise Shortmeasure: goal='Find out how your neighbour is keeping', knows=[], holds=['spark (w_x07105) ×3']
Corin Alder: goal='Enjoy a little peace in your neighbourhood', knows=[], holds=['spark (w_x07106) ×5']
Corin Rasp: goal='Keep your clothes dry', knows=[], holds=['spark (w_x07107) ×3']
Aldith Upstream: goal='Keep the household blankets in good order', knows=[], holds=['spark (w_x07108) ×3']
Petronel Sparr: goal='Find out how your neighbour is keeping', knows=[], holds=['spark (w_x07109) ×6']
Idonea of the Low Bridge: goal='Find out how your neighbour is keeping', knows=[], holds=['spark (w_x07110) ×2']
Sef Nineteen: goal='Find out how your neighbour is keeping', knows=[], holds=['spark (w_x07111) ×2']
Cobb Latchkey: goal='Enjoy a little peace in your neighbourhood', knows=[], holds=['spark (w_x07112) ×7']
Gile of Cinder Row: goal='Find out how your neighbour is keeping', knows=[], holds=['spark (w_x07113) ×2']
Lise of the Tenters: goal='Get your sleeping corner back', knows=[], holds=['spark (w_x07114) ×7']
Osanne Scaffold: goal='Find out how your neighbour is keeping', knows=[], holds=['spark (w_x07115) ×5']
Dunstan of Ostrelle: goal='Find out how your neighbour is keeping', knows=[], holds=['spark (w_x07116) ×4']
Rohese the Long: goal='Keep the household blankets in good order', knows=[], holds=['spark (w_x07117) ×3']
Havise Dorn: goal='Find out how your neighbour is keeping', knows=[], holds=['spark (w_x07118) ×3']
Renn Quern: goal='Find a quiet frontage where you are welcome', knows=[], holds=['spark (w_x07119) ×3']
Sibbe Scaffold: goal='Find a quiet frontage where you are welcome', knows=[], holds=['spark (w_x07120) ×7']
Corin Coldhands: goal='Get the penny you were promised for the horse', knows=[], holds=['spark (w_x07121) ×2']
Aubin of the Needle: goal='Hear news from your kin', knows=[], holds=['spark (w_x07122) ×3']
Idonea Fitch: goal='Keep the household blankets in good order', knows=[], holds=['spark (w_x07123) ×5']
Aldith Roper: goal='Keep your clothes dry', knows=[], holds=['spark (w_x07124) ×3']
Mote Ashe: goal='Keep the household blankets in good order', knows=[], holds=['spark (w_x07125) ×6']
Averil Upstream: goal='Enjoy a little peace in your neighbourhood', knows=[], holds=['spark (w_x07126) ×3']
Hamel Fitch: goal='Find somewhere you will be left alone', knows=[], holds=['spark (w_x07127) ×6']
Averil Stott: goal='Find out how your neighbour is keeping', knows=[], holds=['spark (w_x07128) ×6']
Noll of the Tenters: goal='Share a memory of the street', knows=[], holds=['spark (w_x07129) ×7']
Ede of Cinder Row: goal='Enjoy a little peace in your neighbourhood', knows=[], holds=['spark (w_x07130) ×3']
Petronel Stott: goal='Beg or find a meal today', knows=[], holds=['spark (w_x07131) ×6']
Colm of the Tenters: goal='Enjoy a little peace in your neighbourhood', knows=[], holds=['spark (w_x07132) ×5']
Ede of the Tenters: goal='Find somewhere to dry your blanket', knows=[], holds=['spark (w_x07133) ×2']
Averil of the Low Bridge: goal='Find out how your neighbour is keeping', knows=[], holds=['spark (w_x07134) ×3']
Colm Copp: goal='Keep the household blankets in good order', knows=[], holds=['spark (w_x07135) ×7']
Pin Marle: goal='Find out how your neighbour is keeping', knows=[], holds=['spark (w_x07136) ×3']
Ede Hawser: goal='Hear news from your kin', knows=[], holds=['spark (w_x07137) ×4']
Hamel Fitch: goal='Keep the household blankets in good order', knows=[], holds=['spark (w_x07138) ×7']
Aubin of the Gutter Steps: goal='Keep your clothes dry', knows=[], holds=['spark (w_x07139) ×2']
Dunstan Stott: goal='Keep your clothes dry', knows=[], holds=['spark (w_x07140) ×3']
Nan Crake: goal='Hear news from your kin', knows=[], holds=['spark (w_x07141) ×4']
Ewart Dorn: goal='Find somewhere to dry your blanket', knows=[], holds=['spark (w_x07142) ×5']
Aldith of the Low Bridge: goal='Hear news from your kin', knows=[], holds=['spark (w_x07143) ×4']
Corin the Long: goal='Find out how your neighbour is keeping', knows=[], holds=['spark (w_x07144) ×7']
Corin of the Slip: goal='Enjoy a little peace in your neighbourhood', knows=[], holds=['spark (w_x07145) ×2']
Pin Latchkey: goal='Find something to put on your feet', knows=[], holds=['spark (w_x07146) ×6']
Segwin of the Slip: goal='Enjoy a little peace in your neighbourhood', knows=[], holds=['spark (w_x07147) ×2']
Colm Crake: goal='Share a memory of the street', knows=[], holds=['spark (w_x07148) ×3']
Idonea Scaffold: goal="Get taken on for a day's work", knows=[], holds=['spark (w_x07149) ×4']
Segwin Copp: goal='Find out how your neighbour is keeping', knows=[], holds=['spark (w_x07150) ×4']
Gile Nineteen: goal='Share a memory of the street', knows=[], holds=['spark (w_x07151) ×7']
Ansel of Cinder Row: goal='Find out how your neighbour is keeping', knows=[], holds=['spark (w_x07152) ×3']
Rohese of the Shambles: goal='Find a salve for your hands', knows=[], holds=['spark (w_x07153) ×2']
Dunstan of the Needle: goal='Beg or find a meal today', knows=[], holds=['spark (w_x07154) ×7']
Noll Rasp: goal='Hear news from your kin', knows=[], holds=['spark (w_x07155) ×7']
Tobin Nineteen: goal='Find out how your neighbour is keeping', knows=[], holds=['spark (w_x07156) ×6']
Ansel of Ostrelle: goal='Find out how your neighbour is keeping', knows=[], holds=['spark (w_x07157) ×5']
Osanne Fitch: goal='Keep your clothes dry', knows=[], holds=['spark (w_x07158) ×2']
Betriss Sparr: goal='Find out how your neighbour is keeping', knows=[], holds=['spark (w_x07159) ×5']
Aldith Hawser: goal='Find a quiet frontage where you are welcome', knows=[], holds=['spark (w_x07160) ×4']
Pin the Lesser: goal='Share a memory of the street', knows=[], holds=['spark (w_x07161) ×5']
Aldith Shortmeasure: goal='Hear news from your kin', knows=[], holds=['spark (w_x07162) ×6']
Tobin Copp: goal='Keep your clothes dry', knows=[], holds=['spark (w_x07163) ×2']
Colm of Ostrelle: goal='Share a memory of the street', knows=[], holds=['spark (w_x07164) ×5']
Clemence Roper: goal='Share a memory of the street', knows=[], holds=['spark (w_x07165) ×3']
Dunstan Vell: goal='Find something to put on your feet', knows=[], holds=['spark (w_x07166) ×6']
Idonea the Lesser: goal='Keep your clothes dry', knows=[], holds=['spark (w_x07167) ×7']
Lise the Lesser: goal='Get your sleeping corner back', knows=[], holds=['spark (w_x07168) ×3']
Ewart Wetalms: goal='Beg or find a meal today', knows=[], holds=['spark (w_x07169) ×3']
Havise Roper: goal='Enjoy a little peace in your neighbourhood', knows=[], holds=['spark (w_x07170) ×5']
Ansel Dorn: goal='Find out how your neighbour is keeping', knows=[], holds=['spark (w_x07171) ×7']
Grigor Threefinger: goal='Keep the household blankets in good order', knows=[], holds=['spark (w_x07172) ×5']
Jonet Latchkey: goal='Enjoy a little peace in your neighbourhood', knows=[], holds=['spark (w_x07173) ×3']
Gile Brant: goal='Find somewhere to dry your blanket', knows=[], holds=['spark (w_x07174) ×3']
Rohese Ferrant: goal='Find out how your neighbour is keeping', knows=[], holds=['spark (w_x07175) ×2']
Pin Threefinger: goal='Keep your clothes dry', knows=[], holds=['spark (w_x07176) ×6']
Cobb Shortmeasure: goal='Find out how your neighbour is keeping', knows=[], holds=['spark (w_x07177) ×4']
Rohese Hawser: goal='Share a memory of the street', knows=[], holds=['spark (w_x07178) ×3']
Mote of the Low Bridge: goal='Keep the household blankets in good order', knows=[], holds=['spark (w_x07179) ×7']
Cobb Ashe: goal='Keep your clothes dry', knows=[], holds=['spark (w_x07180) ×5']
Idonea of Cinder Row: goal='Keep the household blankets in good order', knows=[], holds=['spark (w_x07181) ×6']
Rohese Tarn: goal='Get your sleeping corner back', knows=[], holds=['spark (w_x07182) ×7']
Jonet the Lesser: goal='Hear news from your kin', knows=[], holds=['spark (w_x07183) ×2']
Tib Ashe: goal='Get your sleeping corner back', knows=[], holds=['spark (w_x07184) ×6']
Sef Upstream: goal='Replace your lost alms bowl', knows=[], holds=['spark (w_x07185) ×2']
Idonea Alder: goal='Hear news from your kin', knows=[], holds=['spark (w_x07186) ×5']
Havise of the Low Bridge: goal='Share a memory of the street', knows=[], holds=['spark (w_x07187) ×7']
Ede of the Tenters: goal='Enjoy a little peace in your neighbourhood', knows=[], holds=['spark (w_x07188) ×3']
Tobin Fitch: goal='Keep your clothes dry', knows=[], holds=['spark (w_x07189) ×3']
Jos Scaffold: goal='Keep your clothes dry', knows=[], holds=['spark (w_x07190) ×3']
Dob Alder: goal='Find somewhere to dry your blanket', knows=[], holds=['spark (w_x07191) ×6']
Rohese Dorn: goal='Get your sleeping corner back', knows=[], holds=['spark (w_x07192) ×3']
Havise Salter: goal='Find a quiet frontage where you are welcome', knows=[], holds=['spark (w_x07193) ×2']
Ewart Copp: goal='Replace your lost alms bowl', knows=[], holds=['spark (w_x07194) ×5']
Idonea Wetalms: goal='Replace your lost alms bowl', knows=[], holds=['spark (w_x07195) ×7']
Rohese Brant: goal='Enjoy a little peace in your neighbourhood', knows=[], holds=['spark (w_x07196) ×3']
Renn Roper: goal='Keep your clothes dry', knows=[], holds=['spark (w_x07197) ×3']
Segwin Shortmeasure: goal='Keep your clothes dry', knows=[], holds=['spark (w_x07198) ×7']
Mote Copp: goal='Keep the household blankets in good order', knows=[], holds=['spark (w_x07199) ×2']
Ede of the Low Bridge: goal='Share a memory of the street', knows=[], holds=['spark (w_x07200) ×3']
Clemence Coldhands: goal="Get taken on for a day's work", knows=[], holds=['spark (w_x07201) ×3']
Nan of Ostrelle: goal='Keep the household blankets in good order', knows=[], holds=['spark (w_x07202) ×5']
Renn Marle: goal='Keep the household blankets in good order', knows=[], holds=['spark (w_x07203) ×7']
Corin Nineteen: goal='Keep the household blankets in good order', knows=[], holds=['spark (w_x07204) ×3']
Betriss Vell: goal='Share a memory of the street', knows=[], holds=['spark (w_x07205) ×2']
Hamel Crake: goal='Keep your clothes dry', knows=[], holds=['spark (w_x07206) ×5']
Sibbe Shortmeasure: goal='Find somewhere to dry your blanket', knows=[], holds=['spark (w_x07207) ×3']
Tib of the Bellstand: goal='Keep your clothes dry', knows=[], holds=['spark (w_x07208) ×2']
Hamel Marle: goal='Hear news from your kin', knows=[], holds=['spark (w_x07209) ×5']
Ewart of Cinder Row: goal='Share a memory of the street', knows=[], holds=['spark (w_x07210) ×3']
Segwin Coldhands: goal='Find out how your neighbour is keeping', knows=[], holds=['spark (w_x07211) ×4']
Idonea Roper: goal='Find out how your neighbour is keeping', knows=[], holds=['spark (w_x07212) ×5']
Nan Crake: goal='Get your sleeping corner back', knows=[], holds=['spark (w_x07213) ×5']
Pin Wetalms: goal='Hear news from your kin', knows=[], holds=['spark (w_x07214) ×7']
Aubin of Ostrelle: goal='Find out how your neighbour is keeping', knows=[], holds=['spark (w_x07215) ×3']
Nan Pike: goal='Find out how your neighbour is keeping', knows=[], holds=['spark (w_x07216) ×4']
Mote Marle: goal='Hear news from your kin', knows=[], holds=['spark (w_x07217) ×7']
Betriss Vell: goal='Hear news from your kin', knows=[], holds=['spark (w_x07218) ×2']
Havise Ferrant: goal='Keep the household blankets in good order', knows=[], holds=['spark (w_x07219) ×7']
Corin Crake: goal='Keep the household blankets in good order', knows=[], holds=['spark (w_x07220) ×5']
Cobb of the Tenters: goal='Keep the household blankets in good order', knows=[], holds=['spark (w_x07221) ×2']
Rohese Wetalms: goal='Beg or find a meal today', knows=[], holds=['spark (w_x07222) ×5']
Idonea Copp: goal='Find somewhere you will be left alone', knows=[], holds=['spark (w_x07223) ×2']
Rohese Rasp: goal='Keep your clothes dry', knows=[], holds=['spark (w_x07224) ×4']
Tobin Tarn: goal='Share a memory of the street', knows=[], holds=['spark (w_x07225) ×4']
Sibbe Copp: goal="Get taken on for a day's work", knows=[], holds=['spark (w_x07226) ×2']
Rohese Latchkey: goal='Keep the household blankets in good order', knows=[], holds=['spark (w_x07227) ×7']
Sibbe Latchkey: goal='Enjoy a little peace in your neighbourhood', knows=[], holds=['spark (w_x07228) ×5']
Betriss Fitch: goal='Keep the household blankets in good order', knows=[], holds=['spark (w_x07229) ×7']
Osanne Nineteen: goal='Enjoy a little peace in your neighbourhood', knows=[], holds=['spark (w_x07230) ×6']
Grigor the Lesser: goal='Keep your clothes dry', knows=[], holds=['spark (w_x07231) ×7']
Dunstan Fitch: goal="Get taken on for a day's work", knows=[], holds=['spark (w_x07232) ×7']
Ede Hawser: goal='Beg or find a meal today', knows=[], holds=['spark (w_x07233) ×4']
Rohese Pike: goal='Keep your clothes dry', knows=[], holds=['spark (w_x07234) ×7']
Betriss the Long: goal='Enjoy a little peace in your neighbourhood', knows=[], holds=['spark (w_x07235) ×6']
Betriss Ferrant: goal='Find out how your neighbour is keeping', knows=[], holds=['spark (w_x07236) ×5']
Hamel Quern: goal='Find out how your neighbour is keeping', knows=[], holds=['spark (w_x07237) ×2']
Ewart Brant: goal='Find out how your neighbour is keeping', knows=[], holds=['spark (w_x07238) ×5']
Osanne of the Gutter Steps: goal='Beg or find a meal today', knows=[], holds=['spark (w_x07239) ×2']
Dunstan of Cinder Row: goal='Hear news from your kin', knows=[], holds=['spark (w_x07240) ×7']
Ede of Cinder Row: goal='Beg or find a meal today', knows=[], holds=['spark (w_x07241) ×4']
Petronel Rasp: goal='Find somewhere you will be left alone', knows=[], holds=['spark (w_x07242) ×7']
Averil the Long: goal='Keep your clothes dry', knows=[], holds=['spark (w_x07243) ×5']
Sibbe Quern: goal='Find out how your neighbour is keeping', knows=[], holds=['spark (w_x07244) ×7']
Jonet Crake: goal='Find a salve for your hands', knows=[], holds=['spark (w_x07245) ×2']
Idonea Rasp: goal='Keep the household blankets in good order', knows=[], holds=['spark (w_x07246) ×7']
Rohese of the Gutter Steps: goal='Find out how your neighbour is keeping', knows=[], holds=['spark (w_x07247) ×3']
Ansel Quern: goal='Enjoy a little peace in your neighbourhood', knows=[], holds=['spark (w_x07248) ×5']
Idonea Coldhands: goal='Find out how your neighbour is keeping', knows=[], holds=['spark (w_x07249) ×2']
Aldith Rasp: goal='Enjoy a little peace in your neighbourhood', knows=[], holds=['spark (w_x07250) ×3']
Tib Alder: goal='Share a memory of the street', knows=[], holds=['spark (w_x07251) ×6']
Mote Brant: goal='Keep the household blankets in good order', knows=[], holds=['spark (w_x07252) ×4']
Havise Crake: goal='Hear news from your kin', knows=[], holds=['spark (w_x07253) ×5']
Tib of the Shambles: goal='Find something to put on your feet', knows=[], holds=['spark (w_x07254) ×3']
Ewart Salter: goal='Get your sleeping corner back', knows=[], holds=['spark (w_x07255) ×5']
Nan Latchkey: goal='Enjoy a little peace in your neighbourhood', knows=[], holds=['spark (w_x07256) ×5']
Jos Quern: goal='Hear news from your kin', knows=[], holds=['spark (w_x07257) ×5']
Dunstan Nineteen: goal='Share a memory of the street', knows=[], holds=['spark (w_x07258) ×6']
Sibbe Copp: goal='Keep your clothes dry', knows=[], holds=['spark (w_x07259) ×5']
Tobin Crake: goal='Keep the household blankets in good order', knows=[], holds=['spark (w_x07260) ×7']
Renn Wetalms: goal='Enjoy a little peace in your neighbourhood', knows=[], holds=['spark (w_x07261) ×7']
Aldith Nineteen: goal='Keep your clothes dry', knows=[], holds=['spark (w_x07262) ×3']
Havise the Long: goal='Find a salve for your hands', knows=[], holds=['spark (w_x07263) ×6']
Tib Shortmeasure: goal='Share a memory of the street', knows=[], holds=['spark (w_x07264) ×3']
Idonea Tarn: goal='Get the penny you were promised for the horse', knows=[], holds=['spark (w_x07265) ×2']
Aubin Marle: goal='Hear news from your kin', knows=[], holds=['spark (w_x07266) ×2']
Ewart of the Shambles: goal='Replace your lost alms bowl', knows=[], holds=['spark (w_x07267) ×6']
Idonea Stott: goal='Keep your clothes dry', knows=[], holds=['spark (w_x07268) ×3']
Averil of the Shambles: goal='Hear news from your kin', knows=[], holds=['spark (w_x07269) ×5']
Jonet Crake: goal='Keep your clothes dry', knows=[], holds=['spark (w_x07270) ×6']
Sibbe Hobbe: goal='Hear news from your kin', knows=[], holds=['spark (w_x07271) ×4']
Averil the Lesser: goal='Enjoy a little peace in your neighbourhood', knows=[], holds=['spark (w_x07272) ×5']
Sibbe Brant: goal='Beg or find a meal today', knows=[], holds=['spark (w_x07273) ×7']
Colm Roper: goal='Share a memory of the street', knows=[], holds=['spark (w_x07274) ×3']
Clemence Ashe: goal='Enjoy a little peace in your neighbourhood', knows=[], holds=['spark (w_x07275) ×6']
Betriss Sparr: goal='Keep the household blankets in good order', knows=[], holds=['spark (w_x07276) ×6']
Idonea Nineteen: goal='Enjoy a little peace in your neighbourhood', knows=[], holds=['spark (w_x07277) ×7']
Nan Threefinger: goal='Keep the household blankets in good order', knows=[], holds=['spark (w_x07278) ×7']
Dob Stott: goal='Hear news from your kin', knows=[], holds=['spark (w_x07279) ×7']
Dob of the Gutter Steps: goal='Find out how your neighbour is keeping', knows=[], holds=['spark (w_x07280) ×7']
Sef the Long: goal='Hear news from your kin', knows=[], holds=['spark (w_x07281) ×3']
Havise of Cinder Row: goal='Share a memory of the street', knows=[], holds=['spark (w_x07282) ×6']
Bertran of Cinder Row: goal='Enjoy a little peace in your neighbourhood', knows=[], holds=['spark (w_x07283) ×3']
Hamel of Ostrelle: goal='Share a memory of the street', knows=[], holds=['spark (w_x07284) ×3']
Jos Brant: goal='Get your sleeping corner back', knows=[], holds=['spark (w_x07285) ×6']
Segwin Roper: goal='Keep your clothes dry', knows=[], holds=['spark (w_x07286) ×2']
Tib Stott: goal='Keep your clothes dry', knows=[], holds=['spark (w_x07287) ×3']
Sef of the Slip: goal='Replace your lost alms bowl', knows=[], holds=['spark (w_x07288) ×2']
Sef Ashe: goal='Replace your lost alms bowl', knows=[], holds=['spark (w_x07289) ×3']
Nan Hobbe: goal='Get the penny you were promised for the horse', knows=[], holds=['spark (w_x07290) ×6']
Hamel of the Slip: goal="Get taken on for a day's work", knows=[], holds=['spark (w_x07291) ×7']
Dob Marle: goal='Keep your clothes dry', knows=[], holds=['spark (w_x07292) ×3']
Osanne Latchkey: goal='Keep your clothes dry', knows=[], holds=['spark (w_x07293) ×3']
Ewart of the Needle: goal='Find somewhere to dry your blanket', knows=[], holds=['spark (w_x07294) ×7']
Betriss Quern: goal='Keep your clothes dry', knows=[], holds=['spark (w_x07295) ×6']
Cobb Nineteen: goal='Share a memory of the street', knows=[], holds=['spark (w_x07296) ×4']
Idonea Scaffold: goal='Keep the household blankets in good order', knows=[], holds=['spark (w_x07297) ×7']
Aldith Hobbe: goal='Find somewhere to dry your blanket', knows=[], holds=['spark (w_x07298) ×5']
Ib of Ostrelle: goal='Enjoy a little peace in your neighbourhood', knows=[], holds=['spark (w_x07299) ×3']
Segwin of the Gutter Steps: goal='Hear news from your kin', knows=[], holds=['spark (w_x07300) ×3']
Jos Marle: goal='Keep the household blankets in good order', knows=[], holds=['spark (w_x07301) ×6']
Aldith Coldhands: goal='Hear news from your kin', knows=[], holds=['spark (w_x07302) ×6']
Sef of the Tenters: goal='Find somewhere to dry your blanket', knows=[], holds=['spark (w_x07303) ×3']
Noll Ashe: goal='Find something to put on your feet', knows=[], holds=['spark (w_x07304) ×4']
Sibbe Nineteen: goal='Keep the household blankets in good order', knows=[], holds=['spark (w_x07305) ×3']
Aubin Alder: goal='Hear news from your kin', knows=[], holds=['spark (w_x07306) ×2']
Bertran Copp: goal='Keep your clothes dry', knows=[], holds=['spark (w_x07307) ×4']
Pin Threefinger: goal='Keep the household blankets in good order', knows=[], holds=['spark (w_x07308) ×2']
Aldith Alder: goal='Keep your clothes dry', knows=[], holds=['spark (w_x07309) ×4']
Cobb Nineteen: goal='Keep the household blankets in good order', knows=[], holds=['spark (w_x07310) ×2']
Dob Vell: goal='Enjoy a little peace in your neighbourhood', knows=[], holds=['spark (w_x07311) ×3']
Renn Quern: goal='Hear news from your kin', knows=[], holds=['spark (w_x07312) ×4']
Lise of the Slip: goal='Enjoy a little peace in your neighbourhood', knows=[], holds=['spark (w_x07313) ×4']
Hamel Skell: goal='Share a memory of the street', knows=[], holds=['spark (w_x07314) ×2']
Idonea Ferrant: goal='Find a salve for your hands', knows=[], holds=['spark (w_x07315) ×4']
Averil Ashe: goal="Get taken on for a day's work", knows=[], holds=['spark (w_x07316) ×7']
Grigor Roper: goal='Enjoy a little peace in your neighbourhood', knows=[], holds=['spark (w_x07317) ×6']
Averil Latchkey: goal='Keep the household blankets in good order', knows=[], holds=['spark (w_x07318) ×6']
Petronel Salter: goal='Find out how your neighbour is keeping', knows=[], holds=['spark (w_x07319) ×6']
Aubin Vell: goal='Share a memory of the street', knows=[], holds=['spark (w_x07320) ×5']
Sibbe Copp: goal='Keep the household blankets in good order', knows=[], holds=['spark (w_x07321) ×5']
Ib Hobbe: goal='Enjoy a little peace in your neighbourhood', knows=[], holds=['spark (w_x07322) ×3']
Aldith Brant: goal='Find somewhere you will be left alone', knows=[], holds=['spark (w_x07323) ×7']
Ede Scaffold: goal='Beg or find a meal today', knows=[], holds=['spark (w_x07324) ×5']
Corin Wetalms: goal='Keep the household blankets in good order', knows=[], holds=['spark (w_x07325) ×7']
Segwin Nineteen: goal="Get taken on for a day's work", knows=[], holds=['spark (w_x07326) ×3']
Betriss of the Needle: goal='Keep the household blankets in good order', knows=[], holds=['spark (w_x07327) ×7']
Lise Skell: goal='Find a quiet frontage where you are welcome', knows=[], holds=['spark (w_x07328) ×3']
Nan Stott: goal='Enjoy a little peace in your neighbourhood', knows=[], holds=['spark (w_x07329) ×7']
Segwin Ashe: goal='Keep the household blankets in good order', knows=[], holds=['spark (w_x07330) ×4']
Colm of Cinder Row: goal='Keep the household blankets in good order', knows=[], holds=['spark (w_x07331) ×7']
Segwin Ashe: goal='Find out how your neighbour is keeping', knows=[], holds=['spark (w_x07332) ×6']
Gile Salter: goal='Share a memory of the street', knows=[], holds=['spark (w_x07333) ×3']
Averil Sparr: goal='Find out how your neighbour is keeping', knows=[], holds=['spark (w_x07334) ×2']
Petronel of the Bellstand: goal='Find out how your neighbour is keeping', knows=[], holds=['spark (w_x07335) ×3']
Ewart Salter: goal='Share a memory of the street', knows=[], holds=['spark (w_x07336) ×7']
Idonea the Long: goal='Replace your lost alms bowl', knows=[], holds=['spark (w_x07337) ×4']
Betriss Latchkey: goal='Share a memory of the street', knows=[], holds=['spark (w_x07338) ×5']
Osanne the Lesser: goal='Enjoy a little peace in your neighbourhood', knows=[], holds=['spark (w_x07339) ×2']
Mote Roper: goal='Hear news from your kin', knows=[], holds=['spark (w_x07340) ×3']
Renn Ashe: goal='Find somewhere you will be left alone', knows=[], holds=['spark (w_x07341) ×7']
Segwin of the Tenters: goal='Keep the household blankets in good order', knows=[], holds=['spark (w_x07342) ×6']
Petronel Coldhands: goal='Hear news from your kin', knows=[], holds=['spark (w_x07343) ×4']
Cobb of the Low Bridge: goal='Find out how your neighbour is keeping', knows=[], holds=['spark (w_x07344) ×6']
Dob Pike: goal='Find somewhere you will be left alone', knows=[], holds=['spark (w_x07345) ×2']
Cobb Upstream: goal='Share a memory of the street', knows=[], holds=['spark (w_x07346) ×3']
Dob of the Tenters: goal='Enjoy a little peace in your neighbourhood', knows=[], holds=['spark (w_x07347) ×2']
Rohese Alder: goal='Get your sleeping corner back', knows=[], holds=['spark (w_x07348) ×3']
Grigor Skell: goal='Beg or find a meal today', knows=[], holds=['spark (w_x07349) ×7']
Idonea Scaffold: goal='Enjoy a little peace in your neighbourhood', knows=[], holds=['spark (w_x07350) ×4']
Betriss Copp: goal='Find out how your neighbour is keeping', knows=[], holds=['spark (w_x07351) ×3']
Averil of the Bellstand: goal='Enjoy a little peace in your neighbourhood', knows=[], holds=['spark (w_x07352) ×2']
Rohese Ashe: goal='Get the penny you were promised for the horse', knows=[], holds=['spark (w_x07353) ×3']
Sibbe of the Slip: goal='Keep your clothes dry', knows=[], holds=['spark (w_x07354) ×3']
Ansel Marle: goal='Keep the household blankets in good order', knows=[], holds=['spark (w_x07355) ×4']
Idonea of the Bellstand: goal='Find out how your neighbour is keeping', knows=[], holds=['spark (w_x07356) ×2']
Bertran Copp: goal='Find out how your neighbour is keeping', knows=[], holds=['spark (w_x07357) ×2']
Betriss the Long: goal='Find somewhere to dry your blanket', knows=[], holds=['spark (w_x07358) ×7']
Cobb Quern: goal='Enjoy a little peace in your neighbourhood', knows=[], holds=['spark (w_x07359) ×5']
Havise Quern: goal='Find out how your neighbour is keeping', knows=[], holds=['spark (w_x07360) ×7']
Aldith of the Needle: goal='Enjoy a little peace in your neighbourhood', knows=[], holds=['spark (w_x07361) ×3']
Tobin Ferrant: goal='Keep your clothes dry', knows=[], holds=['spark (w_x07362) ×7']
Dob Threefinger: goal='Hear news from your kin', knows=[], holds=['spark (w_x07363) ×7']
Gile Fitch: goal='Enjoy a little peace in your neighbourhood', knows=[], holds=['spark (w_x07364) ×7']
Ansel Latchkey: goal='Keep your clothes dry', knows=[], holds=['spark (w_x07365) ×2']
Dob Shortmeasure: goal='Hear news from your kin', knows=[], holds=['spark (w_x07366) ×4']
Dob Vell: goal='Find out how your neighbour is keeping', knows=[], holds=['spark (w_x07367) ×4']
Averil Salter: goal='Hear news from your kin', knows=[], holds=['spark (w_x07368) ×7']
Nan of the Bellstand: goal='Share a memory of the street', knows=[], holds=['spark (w_x07369) ×2']
Osanne of the Needle: goal='Enjoy a little peace in your neighbourhood', knows=[], holds=['spark (w_x07370) ×6']
Grigor of the Slip: goal='Enjoy a little peace in your neighbourhood', knows=[], holds=['spark (w_x07371) ×4']
Jos Crake: goal='Get the penny you were promised for the horse', knows=[], holds=['spark (w_x07372) ×2']
Tobin Skell: goal='Keep the household blankets in good order', knows=[], holds=['spark (w_x07373) ×5']
Pin Alder: goal='Share a memory of the street', knows=[], holds=['spark (w_x07374) ×5']
Tib Threefinger: goal='Enjoy a little peace in your neighbourhood', knows=[], holds=['spark (w_x07375) ×4']
Betriss Rasp: goal='Get your sleeping corner back', knows=[], holds=['spark (w_x07376) ×3']
Betriss the Long: goal='Share a memory of the street', knows=[], holds=['spark (w_x07377) ×2']
Sibbe Copp: goal='Share a memory of the street', knows=[], holds=['spark (w_x07378) ×5']
Hamel the Lesser: goal='Find out how your neighbour is keeping', knows=[], holds=['spark (w_x07379) ×7']
Tobin of the Gutter Steps: goal='Enjoy a little peace in your neighbourhood', knows=[], holds=['spark (w_x07380) ×3']
Havise Scaffold: goal='Keep the household blankets in good order', knows=[], holds=['spark (w_x07381) ×7']
Dob of Ostrelle: goal='Get the penny you were promised for the horse', knows=[], holds=['spark (w_x07382) ×7']
Ansel of the Gutter Steps: goal='Find a quiet frontage where you are welcome', knows=[], holds=['spark (w_x07383) ×2']
Ewart Tarn: goal='Enjoy a little peace in your neighbourhood', knows=[], holds=['spark (w_x07384) ×4']
Sef of the Shambles: goal='Find out how your neighbour is keeping', knows=[], holds=['spark (w_x07385) ×4']
Cobb of Cinder Row: goal='Enjoy a little peace in your neighbourhood', knows=[], holds=['spark (w_x07386) ×4']
Ewart Ashe: goal='Enjoy a little peace in your neighbourhood', knows=[], holds=['spark (w_x07387) ×4']
Jonet Rasp: goal='Keep your clothes dry', knows=[], holds=['spark (w_x07388) ×6']
Osanne Scaffold: goal='Find out how your neighbour is keeping', knows=[], holds=['spark (w_x07389) ×4']
Jonet Dorn: goal='Hear news from your kin', knows=[], holds=['spark (w_x07390) ×6']
Sef Skell: goal='Find something to put on your feet', knows=[], holds=['spark (w_x07391) ×7']
Mote of Cinder Row: goal='Keep the household blankets in good order', knows=[], holds=['spark (w_x07392) ×5']
Clemence Threefinger: goal='Hear news from your kin', knows=[], holds=['spark (w_x07393) ×6']
Petronel of the Bellstand: goal='Find out how your neighbour is keeping', knows=[], holds=['spark (w_x07394) ×6']
Averil Shortmeasure: goal='Enjoy a little peace in your neighbourhood', knows=[], holds=['spark (w_x07395) ×6']
Jonet Copp: goal='Keep your clothes dry', knows=[], holds=['spark (w_x07396) ×7']
Jonet Scaffold: goal='Share a memory of the street', knows=[], holds=['spark (w_x07397) ×5']
Tib Rasp: goal='Enjoy a little peace in your neighbourhood', knows=[], holds=['spark (w_x07398) ×4']
Ewart Brant: goal='Keep your clothes dry', knows=[], holds=['spark (w_x07399) ×3']
Rohese Salter: goal='Keep the household blankets in good order', knows=[], holds=['spark (w_x07400) ×4']
Ewart Marle: goal='Get the penny you were promised for the horse', knows=[], holds=['spark (w_x07401) ×3']
Idonea Nineteen: goal="Get taken on for a day's work", knows=[], holds=['spark (w_x07402) ×4']
Segwin Roper: goal='Keep the household blankets in good order', knows=[], holds=['spark (w_x07403) ×3']
Gile Upstream: goal='Keep the household blankets in good order', knows=[], holds=['spark (w_x07404) ×7']
Sef the Lesser: goal='Find somewhere to dry your blanket', knows=[], holds=['spark (w_x07405) ×7']
Rohese Wetalms: goal='Enjoy a little peace in your neighbourhood', knows=[], holds=['spark (w_x07406) ×4']
Aldith Nineteen: goal='Keep the household blankets in good order', knows=[], holds=['spark (w_x07407) ×2']
Aldith Ferrant: goal='Find a quiet frontage where you are welcome', knows=[], holds=['spark (w_x07408) ×4']
Aubin Quern: goal='Keep the household blankets in good order', knows=[], holds=['spark (w_x07409) ×2']
Havise Nineteen: goal='Hear news from your kin', knows=[], holds=['spark (w_x07410) ×2']
Rohese Wetalms: goal='Share a memory of the street', knows=[], holds=['spark (w_x07411) ×2']
Havise of the Gutter Steps: goal='Share a memory of the street', knows=[], holds=['spark (w_x07412) ×5']
Sef Hobbe: goal="Get taken on for a day's work", knows=[], holds=['spark (w_x07413) ×2']
Aldith Skell: goal='Find somewhere you will be left alone', knows=[], holds=['spark (w_x07414) ×2']
Clemence Stott: goal='Find out how your neighbour is keeping', knows=[], holds=['spark (w_x07415) ×2']
Sef of the Bellstand: goal='Hear news from your kin', knows=[], holds=['spark (w_x07416) ×2']
Betriss Stott: goal='Get the penny you were promised for the horse', knows=[], holds=['spark (w_x07417) ×2']
Gile Wetalms: goal='Enjoy a little peace in your neighbourhood', knows=[], holds=['spark (w_x07418) ×2']
Nan of the Tenters: goal='Get the penny you were promised for the horse', knows=[], holds=['spark (w_x07419) ×7']
Tobin Wetalms: goal='Find somewhere you will be left alone', knows=[], holds=['spark (w_x07420) ×2']
Tib of the Needle: goal="Get taken on for a day's work", knows=[], holds=['spark (w_x07421) ×2']
Bertran Hawser: goal='Replace your lost alms bowl', knows=[], holds=['spark (w_x07422) ×5']
Averil of the Bellstand: goal='Find out how your neighbour is keeping', knows=[], holds=['spark (w_x07423) ×5']
Hamel Vell: goal='Keep the household blankets in good order', knows=[], holds=['spark (w_x07424) ×7']
Renn Ashe: goal='Keep your clothes dry', knows=[], holds=['spark (w_x07425) ×3']
Ib Coldhands: goal='Find out how your neighbour is keeping', knows=[], holds=['spark (w_x07426) ×7']
Corin of the Low Bridge: goal='Find a salve for your hands', knows=[], holds=['spark (w_x07427) ×7']
Corin Marle: goal='Keep your clothes dry', knows=[], holds=['spark (w_x07428) ×6']
Noll Coldhands: goal='Hear news from your kin', knows=[], holds=['spark (w_x07429) ×3']
Ib Brant: goal='Find out how your neighbour is keeping', knows=[], holds=['spark (w_x07430) ×4']
Havise Ashe: goal='Hear news from your kin', knows=[], holds=['spark (w_x07431) ×2']
Nan Alder: goal='Share a memory of the street', knows=[], holds=['spark (w_x07432) ×5']
Jonet Fitch: goal='Find a salve for your hands', knows=[], holds=['spark (w_x07433) ×4']
Rohese Crake: goal='Find somewhere to dry your blanket', knows=[], holds=['spark (w_x07434) ×5']
Aubin Fitch: goal='Keep the household blankets in good order', knows=[], holds=['spark (w_x07435) ×3']
Dunstan of the Tenters: goal='Keep your clothes dry', knows=[], holds=['spark (w_x07436) ×3']
Averil Skell: goal='Hear news from your kin', knows=[], holds=['spark (w_x07437) ×5']
Nan Coldhands: goal='Keep your clothes dry', knows=[], holds=['spark (w_x07438) ×6']
Gile Rasp: goal='Get your sleeping corner back', knows=[], holds=['spark (w_x07439) ×2']
Renn Pike: goal='Find out how your neighbour is keeping', knows=[], holds=['spark (w_x07440) ×2']
Idonea the Lesser: goal='Get your sleeping corner back', knows=[], holds=['spark (w_x07441) ×7']
Nan the Lesser: goal='Hear news from your kin', knows=[], holds=['spark (w_x07442) ×6']
Cobb of the Tenters: goal='Find out how your neighbour is keeping', knows=[], holds=['spark (w_x07443) ×6']
Mote Dorn: goal='Beg or find a meal today', knows=[], holds=['spark (w_x07444) ×3']
Jonet Brant: goal='Find out how your neighbour is keeping', knows=[], holds=['spark (w_x07445) ×3']
Averil of the Low Bridge: goal='Share a memory of the street', knows=[], holds=['spark (w_x07446) ×6']
Tobin Marle: goal='Enjoy a little peace in your neighbourhood', knows=[], holds=['spark (w_x07447) ×3']
Lise Stott: goal='Keep the household blankets in good order', knows=[], holds=['spark (w_x07448) ×4']
Rohese Shortmeasure: goal='Enjoy a little peace in your neighbourhood', knows=[], holds=['spark (w_x07449) ×2']
Averil Ashe: goal='Get the penny you were promised for the horse', knows=[], holds=['spark (w_x07450) ×4']
Renn Ashe: goal='Replace your lost alms bowl', knows=[], holds=['spark (w_x07451) ×7']
Mote Shortmeasure: goal='Hear news from your kin', knows=[], holds=['spark (w_x07452) ×4']
Grigor of the Shambles: goal='Hear news from your kin', knows=[], holds=['spark (w_x07453) ×4']
Renn Shortmeasure: goal='Replace your lost alms bowl', knows=[], holds=['spark (w_x07454) ×2']
Jonet of Ostrelle: goal='Keep your clothes dry', knows=[], holds=['spark (w_x07455) ×2']
Betriss of Cinder Row: goal='Keep the household blankets in good order', knows=[], holds=['spark (w_x07456) ×3']
Tib Fitch: goal='Beg or find a meal today', knows=[], holds=['spark (w_x07457) ×2']
Osanne of the Bellstand: goal='Find out how your neighbour is keeping', knows=[], holds=['spark (w_x07458) ×7']
Osanne Shortmeasure: goal="Get taken on for a day's work", knows=[], holds=['spark (w_x07459) ×2']
Jonet Salter: goal='Keep your clothes dry', knows=[], holds=['spark (w_x07460) ×4']
Grigor Wetalms: goal='Find something to put on your feet', knows=[], holds=['spark (w_x07461) ×2']
Bertran Dorn: goal='Enjoy a little peace in your neighbourhood', knows=[], holds=['spark (w_x07462) ×5']
Idonea of the Slip: goal='Keep the household blankets in good order', knows=[], holds=['spark (w_x07463) ×7']
Osanne of the Bellstand: goal='Find out how your neighbour is keeping', knows=[], holds=['spark (w_x07464) ×3']
Averil Ashe: goal='Find something to put on your feet', knows=[], holds=['spark (w_x07465) ×6']
Dunstan Copp: goal='Find out how your neighbour is keeping', knows=[], holds=['spark (w_x07466) ×7']
Rohese Vell: goal='Keep the household blankets in good order', knows=[], holds=['spark (w_x07467) ×4']
Dob of the Needle: goal='Keep your clothes dry', knows=[], holds=['spark (w_x07468) ×3']
Dob Latchkey: goal='Find out how your neighbour is keeping', knows=[], holds=['spark (w_x07469) ×2']
Betriss of the Bellstand: goal='Find out how your neighbour is keeping', knows=[], holds=['spark (w_x07470) ×5']
Sef the Lesser: goal='Share a memory of the street', knows=[], holds=['spark (w_x07471) ×3']
Dob of Cinder Row: goal='Keep your clothes dry', knows=[], holds=['spark (w_x07472) ×3']
Aubin Dorn: goal="Get taken on for a day's work", knows=[], holds=['spark (w_x07473) ×4']
Tobin Crake: goal='Enjoy a little peace in your neighbourhood', knows=[], holds=['spark (w_x07474) ×3']
Cobb Salter: goal='Find a salve for your hands', knows=[], holds=['spark (w_x07475) ×4']
Segwin of the Needle: goal='Share a memory of the street', knows=[], holds=['spark (w_x07476) ×7']
Pin Vell: goal='Keep your clothes dry', knows=[], holds=['spark (w_x07477) ×7']
Mote Ferrant: goal='Keep your clothes dry', knows=[], holds=['spark (w_x07478) ×7']
Petronel Hawser: goal='Find out how your neighbour is keeping', knows=[], holds=['spark (w_x07479) ×5']
Cobb Dorn: goal='Find out how your neighbour is keeping', knows=[], holds=['spark (w_x07480) ×3']
Grigor Shortmeasure: goal='Find out how your neighbour is keeping', knows=[], holds=['spark (w_x07481) ×4']
Sibbe of the Shambles: goal='Enjoy a little peace in your neighbourhood', knows=[], holds=['spark (w_x07482) ×4']
Bertran of Cinder Row: goal='Get your sleeping corner back', knows=[], holds=['spark (w_x07483) ×3']
Rohese Dorn: goal='Find something to put on your feet', knows=[], holds=['spark (w_x07484) ×2']
Tib Vell: goal='Keep your clothes dry', knows=[], holds=['spark (w_x07485) ×5']
Renn Dorn: goal='Find out how your neighbour is keeping', knows=[], holds=['spark (w_x07486) ×2']
Segwin Upstream: goal='Keep the household blankets in good order', knows=[], holds=['spark (w_x07487) ×6']
Petronel Marle: goal='Hear news from your kin', knows=[], holds=['spark (w_x07488) ×5']
Mote Wetalms: goal='Keep your clothes dry', knows=[], holds=['spark (w_x07489) ×2']
Sibbe Ashe: goal='Find something to put on your feet', knows=[], holds=['spark (w_x07490) ×3']
Clemence of the Low Bridge: goal='Get the penny you were promised for the horse', knows=[], holds=['spark (w_x07491) ×7']
Clemence of the Low Bridge: goal='Hear news from your kin', knows=[], holds=['spark (w_x07492) ×5']
Bertran of the Slip: goal='Keep your clothes dry', knows=[], holds=['spark (w_x07493) ×3']
Tib Hobbe: goal='Find somewhere you will be left alone', knows=[], holds=['spark (w_x07494) ×6']
Lise Hobbe: goal='Hear news from your kin', knows=[], holds=['spark (w_x07495) ×6']
Lise Pike: goal='Find a quiet frontage where you are welcome', knows=[], holds=['spark (w_x07496) ×4']
Mote Ferrant: goal='Replace your lost alms bowl', knows=[], holds=['spark (w_x07497) ×6']
Idonea Marle: goal='Share a memory of the street', knows=[], holds=['spark (w_x07498) ×7']
Jonet Wetalms: goal='Get your sleeping corner back', knows=[], holds=['spark (w_x07499) ×3']
Petronel Pike: goal='Share a memory of the street', knows=[], holds=['spark (w_x07500) ×6']
Havise Brant: goal='Hear news from your kin', knows=[], holds=['spark (w_x07501) ×2']
Aldith of the Gutter Steps: goal='Enjoy a little peace in your neighbourhood', knows=[], holds=['spark (w_x07502) ×5']
Hamel of the Low Bridge: goal='Keep the household blankets in good order', knows=[], holds=['spark (w_x07503) ×2']
Corin of the Shambles: goal='Share a memory of the street', knows=[], holds=['spark (w_x07504) ×6']
Dob of the Bellstand: goal='Find out how your neighbour is keeping', knows=[], holds=['spark (w_x07505) ×3']
Ansel of Ostrelle: goal='Enjoy a little peace in your neighbourhood', knows=[], holds=['spark (w_x07506) ×6']
Rohese Shortmeasure: goal='Keep the household blankets in good order', knows=[], holds=['spark (w_x07507) ×2']
Segwin Wetalms: goal='Share a memory of the street', knows=[], holds=['spark (w_x07508) ×3']
Havise Brant: goal='Share a memory of the street', knows=[], holds=['spark (w_x07509) ×4']
Averil Brant: goal='Share a memory of the street', knows=[], holds=['spark (w_x07510) ×2']
Betriss Threefinger: goal='Hear news from your kin', knows=[], holds=['spark (w_x07511) ×4']
Lise of the Tenters: goal='Keep the household blankets in good order', knows=[], holds=['spark (w_x07512) ×6']
Tobin Quern: goal='Share a memory of the street', knows=[], holds=['spark (w_x07513) ×3']
Nan Coldhands: goal="Get taken on for a day's work", knows=[], holds=['spark (w_x07514) ×6']
Renn of the Low Bridge: goal='Get your sleeping corner back', knows=[], holds=['spark (w_x07515) ×5']
Cobb Latchkey: goal='Find something to put on your feet', knows=[], holds=['spark (w_x07516) ×3']
Hamel Alder: goal='Share a memory of the street', knows=[], holds=['spark (w_x07517) ×7']
Averil of the Shambles: goal='Find somewhere to dry your blanket', knows=[], holds=['spark (w_x07518) ×5']
Sef Wetalms: goal='Enjoy a little peace in your neighbourhood', knows=[], holds=['spark (w_x07519) ×7']
Colm Stott: goal='Hear news from your kin', knows=[], holds=['spark (w_x07520) ×2']
Cobb Crake: goal='Share a memory of the street', knows=[], holds=['spark (w_x07521) ×6']
Lise Quern: goal='Keep your clothes dry', knows=[], holds=['spark (w_x07522) ×7']
Noll Stott: goal='Find somewhere to dry your blanket', knows=[], holds=['spark (w_x07523) ×4']
Lise Quern: goal='Enjoy a little peace in your neighbourhood', knows=[], holds=['spark (w_x07524) ×3']
Gile Shortmeasure: goal='Keep your clothes dry', knows=[], holds=['spark (w_x07525) ×4']
Ede Roper: goal='Hear news from your kin', knows=[], holds=['spark (w_x07526) ×5']
Jos of the Low Bridge: goal='Keep your clothes dry', knows=[], holds=['spark (w_x07527) ×2']
Pin Marle: goal='Keep your clothes dry', knows=[], holds=['spark (w_x07528) ×4']
Clemence Roper: goal='Keep the household blankets in good order', knows=[], holds=['spark (w_x07529) ×5']
Havise Roper: goal='Find out how your neighbour is keeping', knows=[], holds=['spark (w_x07530) ×6']
Renn Hawser: goal='Enjoy a little peace in your neighbourhood', knows=[], holds=['spark (w_x07531) ×2']
Corin Coldhands: goal='Hear news from your kin', knows=[], holds=['spark (w_x07532) ×6']
Averil Alder: goal='Hear news from your kin', knows=[], holds=['spark (w_x07533) ×4']
Bertran Nineteen: goal='Get your sleeping corner back', knows=[], holds=['spark (w_x07534) ×4']
Clemence Vell: goal='Hear news from your kin', knows=[], holds=['spark (w_x07535) ×3']
Clemence of the Slip: goal='Share a memory of the street', knows=[], holds=['spark (w_x07536) ×4']
Grigor Roper: goal='Find a quiet frontage where you are welcome', knows=[], holds=['spark (w_x07537) ×6']
Jonet of Ostrelle: goal='Find out how your neighbour is keeping', knows=[], holds=['spark (w_x07538) ×7']
Tib of the Gutter Steps: goal='Find something to put on your feet', knows=[], holds=['spark (w_x07539) ×3']
Aldith Tarn: goal='Enjoy a little peace in your neighbourhood', knows=[], holds=['spark (w_x07540) ×5']
Ansel Upstream: goal='Share a memory of the street', knows=[], holds=['spark (w_x07541) ×4']
Idonea Scaffold: goal='Hear news from your kin', knows=[], holds=['spark (w_x07542) ×3']
Noll of the Bellstand: goal='Share a memory of the street', knows=[], holds=['spark (w_x07543) ×6']
Jonet Dorn: goal='Find out how your neighbour is keeping', knows=[], holds=['spark (w_x07544) ×2']
Aubin Skell: goal='Enjoy a little peace in your neighbourhood', knows=[], holds=['spark (w_x07545) ×6']
Jos Fitch: goal='Share a memory of the street', knows=[], holds=['spark (w_x07546) ×4']
Bertran the Lesser: goal='Keep your clothes dry', knows=[], holds=['spark (w_x07547) ×3']
Corin of Cinder Row: goal='Beg or find a meal today', knows=[], holds=['spark (w_x07548) ×2']
Grigor Rasp: goal='Share a memory of the street', knows=[], holds=['spark (w_x07549) ×4']
Aldith Upstream: goal='Keep the household blankets in good order', knows=[], holds=['spark (w_x07550) ×5']
Dunstan of the Bellstand: goal='Find somewhere you will be left alone', knows=[], holds=['spark (w_x07551) ×3']
Hamel Latchkey: goal='Keep the household blankets in good order', knows=[], holds=['spark (w_x07552) ×7']
Sibbe Nineteen: goal='Share a memory of the street', knows=[], holds=['spark (w_x07553) ×6']
Jos the Lesser: goal='Find somewhere you will be left alone', knows=[], holds=['spark (w_x07554) ×2']
Jonet Brant: goal='Keep the household blankets in good order', knows=[], holds=['spark (w_x07555) ×4']
Havise Brant: goal='Keep the household blankets in good order', knows=[], holds=['spark (w_x07556) ×6']
Petronel Coldhands: goal='Find out how your neighbour is keeping', knows=[], holds=['spark (w_x07557) ×6']
Sibbe Threefinger: goal='Hear news from your kin', knows=[], holds=['spark (w_x07558) ×3']
Ewart Ferrant: goal='Find out how your neighbour is keeping', knows=[], holds=['spark (w_x07559) ×4']
Sibbe Wetalms: goal='Find out how your neighbour is keeping', knows=[], holds=['spark (w_x07560) ×4']
Ib Brant: goal='Hear news from your kin', knows=[], holds=['spark (w_x07561) ×4']
Nan Threefinger: goal='Enjoy a little peace in your neighbourhood', knows=[], holds=['spark (w_x07562) ×2']
Osanne of Cinder Row: goal='Get the penny you were promised for the horse', knows=[], holds=['spark (w_x07563) ×6']
Mote Pike: goal='Share a memory of the street', knows=[], holds=['spark (w_x07564) ×7']
Renn of the Shambles: goal='Keep your clothes dry', knows=[], holds=['spark (w_x07565) ×7']
Cobb Hobbe: goal='Find something to put on your feet', knows=[], holds=['spark (w_x07566) ×2']
Ede Threefinger: goal='Hear news from your kin', knows=[], holds=['spark (w_x07567) ×5']
Ib of the Gutter Steps: goal='Get the penny you were promised for the horse', knows=[], holds=['spark (w_x07568) ×3']
Ede the Lesser: goal='Find somewhere to dry your blanket', knows=[], holds=['spark (w_x07569) ×5']
Sef Vell: goal='Find out how your neighbour is keeping', knows=[], holds=['spark (w_x07570) ×4']
Colm Ferrant: goal="Get taken on for a day's work", knows=[], holds=['spark (w_x07571) ×6']
Sibbe Crake: goal='Hear news from your kin', knows=[], holds=['spark (w_x07572) ×2']
Rohese Copp: goal='Find out how your neighbour is keeping', knows=[], holds=['spark (w_x07573) ×7']
Tib of the Needle: goal='Share a memory of the street', knows=[], holds=['spark (w_x07574) ×2']
Ewart Pike: goal='Replace your lost alms bowl', knows=[], holds=['spark (w_x07575) ×2']
Segwin Pike: goal='Keep your clothes dry', knows=[], holds=['spark (w_x07576) ×2']
Sibbe Copp: goal='Keep your clothes dry', knows=[], holds=['spark (w_x07577) ×4']
Betriss Latchkey: goal='Keep your clothes dry', knows=[], holds=['spark (w_x07578) ×4']
Cobb Upstream: goal='Enjoy a little peace in your neighbourhood', knows=[], holds=['spark (w_x07579) ×2']
Ib Hobbe: goal='Enjoy a little peace in your neighbourhood', knows=[], holds=['spark (w_x07580) ×4']
Colm Roper: goal='Find out how your neighbour is keeping', knows=[], holds=['spark (w_x07581) ×6']
Noll Hobbe: goal='Keep the household blankets in good order', knows=[], holds=['spark (w_x07582) ×6']
Petronel Ashe: goal='Find out how your neighbour is keeping', knows=[], holds=['spark (w_x07583) ×6']
Segwin Tarn: goal='Keep your clothes dry', knows=[], holds=['spark (w_x07584) ×4']
Mote of the Gutter Steps: goal='Hear news from your kin', knows=[], holds=['spark (w_x07585) ×3']
Bertran Scaffold: goal='Share a memory of the street', knows=[], holds=['spark (w_x07586) ×4']
Havise Nineteen: goal='Keep the household blankets in good order', knows=[], holds=['spark (w_x07587) ×2']
Rohese Ashe: goal='Share a memory of the street', knows=[], holds=['spark (w_x07588) ×3']
Grigor Pike: goal='Enjoy a little peace in your neighbourhood', knows=[], holds=['spark (w_x07589) ×6']
Tobin Ashe: goal='Share a memory of the street', knows=[], holds=['spark (w_x07590) ×2']
Sef Shortmeasure: goal='Hear news from your kin', knows=[], holds=['spark (w_x07591) ×4']
Nan of the Tenters: goal='Keep the household blankets in good order', knows=[], holds=['spark (w_x07592) ×5']
Lise Salter: goal='Enjoy a little peace in your neighbourhood', knows=[], holds=['spark (w_x07593) ×2']
Idonea Upstream: goal='Enjoy a little peace in your neighbourhood', knows=[], holds=['spark (w_x07594) ×2']
Rohese Upstream: goal='Find a salve for your hands', knows=[], holds=['spark (w_x07595) ×2']
Aldith Copp: goal='Find a quiet frontage where you are welcome', knows=[], holds=['spark (w_x07596) ×7']
Bertran Rasp: goal='Keep your clothes dry', knows=[], holds=['spark (w_x07597) ×3']
Clemence Skell: goal='Hear news from your kin', knows=[], holds=['spark (w_x07598) ×5']
Hamel Sparr: goal='Enjoy a little peace in your neighbourhood', knows=[], holds=['spark (w_x07599) ×3']
Clemence Hawser: goal='Keep your clothes dry', knows=[], holds=['spark (w_x07600) ×3']
Lise Alder: goal='Get your sleeping corner back', knows=[], holds=['spark (w_x07601) ×6']
Renn the Lesser: goal="Get taken on for a day's work", knows=[], holds=['spark (w_x07602) ×5']
Tib Scaffold: goal='Hear news from your kin', knows=[], holds=['spark (w_x07603) ×4']
Dunstan Quern: goal='Keep the household blankets in good order', knows=[], holds=['spark (w_x07604) ×5']
Jonet Vell: goal='Find a salve for your hands', knows=[], holds=['spark (w_x07605) ×3']
Ewart Alder: goal='Enjoy a little peace in your neighbourhood', knows=[], holds=['spark (w_x07606) ×7']
Aubin Wetalms: goal='Find out how your neighbour is keeping', knows=[], holds=['spark (w_x07607) ×7']
Rohese Threefinger: goal='Enjoy a little peace in your neighbourhood', knows=[], holds=['spark (w_x07608) ×2']
Havise Pike: goal='Keep the household blankets in good order', knows=[], holds=['spark (w_x07609) ×5']
Segwin Wetalms: goal='Get your sleeping corner back', knows=[], holds=['spark (w_x07610) ×5']
Havise Shortmeasure: goal='Find something to put on your feet', knows=[], holds=['spark (w_x07611) ×2']
Bertran of the Slip: goal='Enjoy a little peace in your neighbourhood', knows=[], holds=['spark (w_x07612) ×6']
Hamel Threefinger: goal='Replace your lost alms bowl', knows=[], holds=['spark (w_x07613) ×6']
Averil of the Shambles: goal='Enjoy a little peace in your neighbourhood', knows=[], holds=['spark (w_x07614) ×2']
Noll of the Gutter Steps: goal='Keep your clothes dry', knows=[], holds=['spark (w_x07615) ×2']
Noll of the Low Bridge: goal='Share a memory of the street', knows=[], holds=['spark (w_x07616) ×6']
Petronel Shortmeasure: goal='Keep your clothes dry', knows=[], holds=['spark (w_x07617) ×5']
Renn Stott: goal='Keep your clothes dry', knows=[], holds=['spark (w_x07618) ×5']
Grigor of the Gutter Steps: goal='Replace your lost alms bowl', knows=[], holds=['spark (w_x07619) ×5']
Sibbe Brant: goal='Hear news from your kin', knows=[], holds=['spark (w_x07620) ×5']
Idonea Brant: goal='Enjoy a little peace in your neighbourhood', knows=[], holds=['spark (w_x07621) ×7']
Dob Copp: goal='Get the penny you were promised for the horse', knows=[], holds=['spark (w_x07622) ×2']
Renn Scaffold: goal='Find out how your neighbour is keeping', knows=[], holds=['spark (w_x07623) ×7']
Sibbe Roper: goal='Find out how your neighbour is keeping', knows=[], holds=['spark (w_x07624) ×4']
Clemence of the Shambles: goal='Find out how your neighbour is keeping', knows=[], holds=['spark (w_x07625) ×5']
Osanne Coldhands: goal='Hear news from your kin', knows=[], holds=['spark (w_x07626) ×3']
Dob of Ostrelle: goal='Share a memory of the street', knows=[], holds=['spark (w_x07627) ×7']
Jos Fitch: goal='Keep your clothes dry', knows=[], holds=['spark (w_x07628) ×3']
Lise of Ostrelle: goal='Keep your clothes dry', knows=[], holds=['spark (w_x07629) ×2']
Aubin Quern: goal='Find out how your neighbour is keeping', knows=[], holds=['spark (w_x07630) ×5']
Havise Scaffold: goal='Share a memory of the street', knows=[], holds=['spark (w_x07631) ×5']
Corin Ashe: goal='Enjoy a little peace in your neighbourhood', knows=[], holds=['spark (w_x07632) ×5']
Dob Marle: goal='Get your sleeping corner back', knows=[], holds=['spark (w_x07633) ×4']
Aubin Hawser: goal='Share a memory of the street', knows=[], holds=['spark (w_x07634) ×3']
Betriss the Lesser: goal='Share a memory of the street', knows=[], holds=['spark (w_x07635) ×6']
Mote of the Bellstand: goal='Beg or find a meal today', knows=[], holds=['spark (w_x07636) ×6']
Cobb Dorn: goal='Find a quiet frontage where you are welcome', knows=[], holds=['spark (w_x07637) ×5']
Renn Hobbe: goal='Hear news from your kin', knows=[], holds=['spark (w_x07638) ×3']
Havise Tarn: goal='Keep your clothes dry', knows=[], holds=['spark (w_x07639) ×5']
Aubin Sparr: goal='Keep your clothes dry', knows=[], holds=['spark (w_x07640) ×7']
Ansel Brant: goal='Find out how your neighbour is keeping', knows=[], holds=['spark (w_x07641) ×4']
Cobb Threefinger: goal='Keep the household blankets in good order', knows=[], holds=['spark (w_x07642) ×7']
Idonea Rasp: goal='Find a quiet frontage where you are welcome', knows=[], holds=['spark (w_x07643) ×5']
Aldith of Ostrelle: goal='Enjoy a little peace in your neighbourhood', knows=[], holds=['spark (w_x07644) ×7']
Colm Upstream: goal='Hear news from your kin', knows=[], holds=['spark (w_x07645) ×7']
Segwin Ashe: goal='Hear news from your kin', knows=[], holds=['spark (w_x07646) ×5']
Noll Nineteen: goal='Share a memory of the street', knows=[], holds=['spark (w_x07647) ×5']
Cobb of the Needle: goal='Keep your clothes dry', knows=[], holds=['spark (w_x07648) ×3']
Nan Skell: goal='Find out how your neighbour is keeping', knows=[], holds=['spark (w_x07649) ×2']
Colm Salter: goal='Find somewhere you will be left alone', knows=[], holds=['spark (w_x07650) ×6']
Hamel Shortmeasure: goal='Find a salve for your hands', knows=[], holds=['spark (w_x07651) ×6']
Clemence the Long: goal='Enjoy a little peace in your neighbourhood', knows=[], holds=['spark (w_x07652) ×2']
Osanne Threefinger: goal='Find a salve for your hands', knows=[], holds=['spark (w_x07653) ×4']
Betriss Stott: goal='Keep the household blankets in good order', knows=[], holds=['spark (w_x07654) ×3']
Osanne Quern: goal='Share a memory of the street', knows=[], holds=['spark (w_x07655) ×2']
Ib of the Gutter Steps: goal='Hear news from your kin', knows=[], holds=['spark (w_x07656) ×6']
Dunstan Tarn: goal='Share a memory of the street', knows=[], holds=['spark (w_x07657) ×6']
Tib Tarn: goal='Hear news from your kin', knows=[], holds=['spark (w_x07658) ×6']
Ede Pike: goal='Find out how your neighbour is keeping', knows=[], holds=['spark (w_x07659) ×3']
Rohese the Lesser: goal='Share a memory of the street', knows=[], holds=['spark (w_x07660) ×7']
Sibbe Pike: goal='Keep your clothes dry', knows=[], holds=['spark (w_x07661) ×3']
Idonea Tarn: goal='Keep your clothes dry', knows=[], holds=['spark (w_x07662) ×4']
Aubin Upstream: goal='Share a memory of the street', knows=[], holds=['spark (w_x07663) ×6']
Dob Hawser: goal='Enjoy a little peace in your neighbourhood', knows=[], holds=['spark (w_x07664) ×2']
Bertran Copp: goal='Enjoy a little peace in your neighbourhood', knows=[], holds=['spark (w_x07665) ×5']
Dunstan Pike: goal='Find a salve for your hands', knows=[], holds=['spark (w_x07666) ×7']
Nan Dorn: goal='Find out how your neighbour is keeping', knows=[], holds=['spark (w_x07667) ×2']
Gile the Long: goal='Share a memory of the street', knows=[], holds=['spark (w_x07668) ×2']
Jonet Stott: goal='Keep the household blankets in good order', knows=[], holds=['spark (w_x07669) ×3']
Clemence the Lesser: goal='Replace your lost alms bowl', knows=[], holds=['spark (w_x07670) ×5']
Mote Brant: goal='Find a salve for your hands', knows=[], holds=['spark (w_x07671) ×6']
Noll Salter: goal='Enjoy a little peace in your neighbourhood', knows=[], holds=['spark (w_x07672) ×2']
Jonet Stott: goal='Keep the household blankets in good order', knows=[], holds=['spark (w_x07673) ×4']
Segwin Brant: goal='Keep the household blankets in good order', knows=[], holds=['spark (w_x07674) ×7']
Osanne Upstream: goal='Get your sleeping corner back', knows=[], holds=['spark (w_x07675) ×7']
Aldith Fitch: goal='Enjoy a little peace in your neighbourhood', knows=[], holds=['spark (w_x07676) ×4']
Dob Latchkey: goal='Find a quiet frontage where you are welcome', knows=[], holds=['spark (w_x07677) ×2']
Tib of the Slip: goal='Find out how your neighbour is keeping', knows=[], holds=['spark (w_x07678) ×3']
Dob Scaffold: goal='Find out how your neighbour is keeping', knows=[], holds=['spark (w_x07679) ×4']
Betriss Tarn: goal='Find somewhere you will be left alone', knows=[], holds=['spark (w_x07680) ×5']
Dunstan Latchkey: goal='Hear news from your kin', knows=[], holds=['spark (w_x07681) ×7']
Ede Skell: goal='Find somewhere you will be left alone', knows=[], holds=['spark (w_x07682) ×7']
Aldith Rasp: goal='Find out how your neighbour is keeping', knows=[], holds=['spark (w_x07683) ×3']
Petronel Wetalms: goal='Beg or find a meal today', knows=[], holds=['spark (w_x07684) ×3']
Averil Salter: goal='Get your sleeping corner back', knows=[], holds=['spark (w_x07685) ×5']
Dob Threefinger: goal='Find out how your neighbour is keeping', knows=[], holds=['spark (w_x07686) ×3']
Petronel Shortmeasure: goal='Replace your lost alms bowl', knows=[], holds=['spark (w_x07687) ×7']
Segwin Marle: goal='Keep your clothes dry', knows=[], holds=['spark (w_x07688) ×3']
Sef Marle: goal='Get the penny you were promised for the horse', knows=[], holds=['spark (w_x07689) ×6']
Clemence Brant: goal='Get the penny you were promised for the horse', knows=[], holds=['spark (w_x07690) ×5']
Betriss of Ostrelle: goal='Find out how your neighbour is keeping', knows=[], holds=['spark (w_x07691) ×4']
Noll Salter: goal='Share a memory of the street', knows=[], holds=['spark (w_x07692) ×3']
Aldith of the Low Bridge: goal='Find out how your neighbour is keeping', knows=[], holds=['spark (w_x07693) ×4']
Clemence Pike: goal='Keep the household blankets in good order', knows=[], holds=['spark (w_x07694) ×6']
Osanne Ferrant: goal='Find out how your neighbour is keeping', knows=[], holds=['spark (w_x07695) ×2']
Tib Shortmeasure: goal='Find somewhere to dry your blanket', knows=[], holds=['spark (w_x07696) ×3']
Rohese Upstream: goal='Share a memory of the street', knows=[], holds=['spark (w_x07697) ×7']
Mote of the Shambles: goal='Keep the household blankets in good order', knows=[], holds=['spark (w_x07698) ×6']
Grigor Shortmeasure: goal='Keep your clothes dry', knows=[], holds=['spark (w_x07699) ×3']
Tib Latchkey: goal='Enjoy a little peace in your neighbourhood', knows=[], holds=['spark (w_x07700) ×2']
Nan Shortmeasure: goal='Keep the household blankets in good order', knows=[], holds=['spark (w_x07701) ×6']
Corin Vell: goal='Keep the household blankets in good order', knows=[], holds=['spark (w_x07702) ×6']
Ansel of the Shambles: goal='Enjoy a little peace in your neighbourhood', knows=[], holds=['spark (w_x07703) ×2']
Havise Hobbe: goal='Enjoy a little peace in your neighbourhood', knows=[], holds=['spark (w_x07704) ×4']
Dunstan Wetalms: goal='Find a salve for your hands', knows=[], holds=['spark (w_x07705) ×6']
Ede Nineteen: goal='Share a memory of the street', knows=[], holds=['spark (w_x07706) ×7']
Aldith Ashe: goal='Share a memory of the street', knows=[], holds=['spark (w_x07707) ×4']
Betriss Roper: goal='Find out how your neighbour is keeping', knows=[], holds=['spark (w_x07708) ×7']
Betriss of the Needle: goal='Keep the household blankets in good order', knows=[], holds=['spark (w_x07709) ×6']
Rohese of the Tenters: goal='Keep the household blankets in good order', knows=[], holds=['spark (w_x07710) ×7']
Ansel Quern: goal='Enjoy a little peace in your neighbourhood', knows=[], holds=['spark (w_x07711) ×4']
Aldith Crake: goal='Keep your clothes dry', knows=[], holds=['spark (w_x07712) ×4']
Ansel Vell: goal='Enjoy a little peace in your neighbourhood', knows=[], holds=['spark (w_x07713) ×6']
Mote Dorn: goal='Replace your lost alms bowl', knows=[], holds=['spark (w_x07714) ×7']
Noll Coldhands: goal='Hear news from your kin', knows=[], holds=['spark (w_x07715) ×4']
Aldith Skell: goal='Keep your clothes dry', knows=[], holds=['spark (w_x07716) ×7']
Jonet Quern: goal='Share a memory of the street', knows=[], holds=['spark (w_x07717) ×6']
Renn of Cinder Row: goal='Find out how your neighbour is keeping', knows=[], holds=['spark (w_x07718) ×5']
Ede Scaffold: goal='Share a memory of the street', knows=[], holds=['spark (w_x07719) ×2']
Segwin Shortmeasure: goal='Keep the household blankets in good order', knows=[], holds=['spark (w_x07720) ×4']
Lise of the Low Bridge: goal='Share a memory of the street', knows=[], holds=['spark (w_x07721) ×5']
Averil Nineteen: goal='Find something to put on your feet', knows=[], holds=['spark (w_x07722) ×6']
Cobb Coldhands: goal='Find out how your neighbour is keeping', knows=[], holds=['spark (w_x07723) ×6']
Pin Brant: goal='Hear news from your kin', knows=[], holds=['spark (w_x07724) ×4']
Clemence Marle: goal='Find somewhere to dry your blanket', knows=[], holds=['spark (w_x07725) ×5']
Renn Threefinger: goal='Keep the household blankets in good order', knows=[], holds=['spark (w_x07726) ×6']
Nan Alder: goal='Hear news from your kin', knows=[], holds=['spark (w_x07727) ×7']
Aubin Brant: goal='Find out how your neighbour is keeping', knows=[], holds=['spark (w_x07728) ×6']
Betriss of the Tenters: goal='Keep your clothes dry', knows=[], holds=['spark (w_x07729) ×6']
Gile of the Shambles: goal='Keep your clothes dry', knows=[], holds=['spark (w_x07730) ×4']
Dob of the Needle: goal='Keep your clothes dry', knows=[], holds=['spark (w_x07731) ×6']
Clemence Crake: goal='Keep your clothes dry', knows=[], holds=['spark (w_x07732) ×5']
Noll of the Tenters: goal='Replace your lost alms bowl', knows=[], holds=['spark (w_x07733) ×7']
Tib Hawser: goal='Keep the household blankets in good order', knows=[], holds=['spark (w_x07734) ×5']
Clemence Quern: goal="Get taken on for a day's work", knows=[], holds=['spark (w_x07735) ×2']
Ede Pike: goal='Hear news from your kin', knows=[], holds=['spark (w_x07736) ×3']
Rohese of the Gutter Steps: goal='Keep your clothes dry', knows=[], holds=['spark (w_x07737) ×3']
Grigor Marle: goal='Keep the household blankets in good order', knows=[], holds=['spark (w_x07738) ×3']
Hamel of the Low Bridge: goal='Enjoy a little peace in your neighbourhood', knows=[], holds=['spark (w_x07739) ×5']
Jos of Cinder Row: goal='Share a memory of the street', knows=[], holds=['spark (w_x07740) ×6']
Dob Wetalms: goal='Keep the household blankets in good order', knows=[], holds=['spark (w_x07741) ×6']
Petronel Shortmeasure: goal='Share a memory of the street', knows=[], holds=['spark (w_x07742) ×5']
Ansel Stott: goal='Keep the household blankets in good order', knows=[], holds=['spark (w_x07743) ×3']
Bertran Ashe: goal='Keep your clothes dry', knows=[], holds=['spark (w_x07744) ×5']
Grigor of Cinder Row: goal='Find out how your neighbour is keeping', knows=[], holds=['spark (w_x07745) ×6']
Nan Crake: goal='Enjoy a little peace in your neighbourhood', knows=[], holds=['spark (w_x07746) ×4']
Sibbe Skell: goal='Share a memory of the street', knows=[], holds=['spark (w_x07747) ×7']
Sef of the Low Bridge: goal='Find something to put on your feet', knows=[], holds=['spark (w_x07748) ×6']
Sibbe of the Bellstand: goal='Find something to put on your feet', knows=[], holds=['spark (w_x07749) ×7']
Averil of the Bellstand: goal='Find somewhere you will be left alone', knows=[], holds=['spark (w_x07750) ×7']
Corin of the Tenters: goal='Get the penny you were promised for the horse', knows=[], holds=['spark (w_x07751) ×2']
Mote Fitch: goal='Get your sleeping corner back', knows=[], holds=['spark (w_x07752) ×4']
Jonet Roper: goal="Get taken on for a day's work", knows=[], holds=['spark (w_x07753) ×3']
Dob Rasp: goal='Find out how your neighbour is keeping', knows=[], holds=['spark (w_x07754) ×5']
Sibbe Latchkey: goal='Enjoy a little peace in your neighbourhood', knows=[], holds=['spark (w_x07755) ×5']
Jonet the Lesser: goal='Share a memory of the street', knows=[], holds=['spark (w_x07756) ×5']
Averil Ashe: goal='Find out how your neighbour is keeping', knows=[], holds=['spark (w_x07757) ×7']
Idonea Dorn: goal='Enjoy a little peace in your neighbourhood', knows=[], holds=['spark (w_x07758) ×4']
Sef Pike: goal='Hear news from your kin', knows=[], holds=['spark (w_x07759) ×4']
Corin Copp: goal='Hear news from your kin', knows=[], holds=['spark (w_x07760) ×4']
Nan Sparr: goal='Keep your clothes dry', knows=[], holds=['spark (w_x07761) ×5']
Noll Tarn: goal='Share a memory of the street', knows=[], holds=['spark (w_x07762) ×6']
Ansel Shortmeasure: goal='Keep the household blankets in good order', knows=[], holds=['spark (w_x07763) ×4']
Dob of Ostrelle: goal='Share a memory of the street', knows=[], holds=['spark (w_x07764) ×4']
Sef Brant: goal='Keep the household blankets in good order', knows=[], holds=['spark (w_x07765) ×5']
Ede of the Needle: goal='Enjoy a little peace in your neighbourhood', knows=[], holds=['spark (w_x07766) ×3']
Ewart of Ostrelle: goal='Find out how your neighbour is keeping', knows=[], holds=['spark (w_x07767) ×4']
Betriss Salter: goal="Get taken on for a day's work", knows=[], holds=['spark (w_x07768) ×5']
Grigor Sparr: goal='Find out how your neighbour is keeping', knows=[], holds=['spark (w_x07769) ×5']
Sibbe of the Needle: goal='Enjoy a little peace in your neighbourhood', knows=[], holds=['spark (w_x07770) ×4']
Dob Ferrant: goal='Keep the household blankets in good order', knows=[], holds=['spark (w_x07771) ×5']
Ansel Quern: goal='Hear news from your kin', knows=[], holds=['spark (w_x07772) ×4']
Sibbe Salter: goal='Find out how your neighbour is keeping', knows=[], holds=['spark (w_x07773) ×3']
Dob Hobbe: goal='Find out how your neighbour is keeping', knows=[], holds=['spark (w_x07774) ×2']
Jonet Vell: goal='Find a quiet frontage where you are welcome', knows=[], holds=['spark (w_x07775) ×4']
Ede Crake: goal='Keep your clothes dry', knows=[], holds=['spark (w_x07776) ×3']
Corin Pike: goal='Enjoy a little peace in your neighbourhood', knows=[], holds=['spark (w_x07777) ×4']
Renn Marle: goal='Keep the household blankets in good order', knows=[], holds=['spark (w_x07778) ×2']
Segwin Nineteen: goal='Enjoy a little peace in your neighbourhood', knows=[], holds=['spark (w_x07779) ×3']
Noll Stott: goal='Keep your clothes dry', knows=[], holds=['spark (w_x07780) ×3']
Idonea Hobbe: goal='Share a memory of the street', knows=[], holds=['spark (w_x07781) ×3']
Betriss Crake: goal='Find somewhere to dry your blanket', knows=[], holds=['spark (w_x07782) ×6']
Betriss Skell: goal='Enjoy a little peace in your neighbourhood', knows=[], holds=['spark (w_x07783) ×7']
Noll Copp: goal='Enjoy a little peace in your neighbourhood', knows=[], holds=['spark (w_x07784) ×5']
Mote Threefinger: goal='Find out how your neighbour is keeping', knows=[], holds=['spark (w_x07785) ×7']
Sibbe the Long: goal='Find something to put on your feet', knows=[], holds=['spark (w_x07786) ×4']
Jonet Ashe: goal='Hear news from your kin', knows=[], holds=['spark (w_x07787) ×5']
Ansel of the Tenters: goal='Share a memory of the street', knows=[], holds=['spark (w_x07788) ×2']
Sef of the Slip: goal='Enjoy a little peace in your neighbourhood', knows=[], holds=['spark (w_x07789) ×3']
Mote Nineteen: goal='Hear news from your kin', knows=[], holds=['spark (w_x07790) ×5']
Corin of the Bellstand: goal='Share a memory of the street', knows=[], holds=['spark (w_x07791) ×4']
Averil the Lesser: goal='Hear news from your kin', knows=[], holds=['spark (w_x07792) ×4']
Aldith of the Needle: goal='Enjoy a little peace in your neighbourhood', knows=[], holds=['spark (w_x07793) ×5']
Bertran of Ostrelle: goal='Beg or find a meal today', knows=[], holds=['spark (w_x07794) ×3']
Aldith Nineteen: goal="Get taken on for a day's work", knows=[], holds=['spark (w_x07795) ×4']
Jonet of the Needle: goal='Enjoy a little peace in your neighbourhood', knows=[], holds=['spark (w_x07796) ×7']
Sibbe Fitch: goal='Keep your clothes dry', knows=[], holds=['spark (w_x07797) ×6']
Ewart Brant: goal='Share a memory of the street', knows=[], holds=['spark (w_x07798) ×5']
Havise Upstream: goal='Find out how your neighbour is keeping', knows=[], holds=['spark (w_x07799) ×5']
Segwin Copp: goal='Hear news from your kin', knows=[], holds=['spark (w_x07800) ×2']
Aubin Alder: goal='Hear news from your kin', knows=[], holds=['spark (w_x07801) ×2']
Cobb Ferrant: goal='Hear news from your kin', knows=[], holds=['spark (w_x07802) ×4']
Corin Alder: goal='Share a memory of the street', knows=[], holds=['spark (w_x07803) ×4']
Petronel of the Needle: goal='Share a memory of the street', knows=[], holds=['spark (w_x07804) ×2']
Sibbe Vell: goal='Enjoy a little peace in your neighbourhood', knows=[], holds=['spark (w_x07805) ×2']
Ansel of the Gutter Steps: goal='Keep the household blankets in good order', knows=[], holds=['spark (w_x07806) ×3']
Segwin of the Slip: goal='Hear news from your kin', knows=[], holds=['spark (w_x07807) ×2']
Ede Scaffold: goal='Get your sleeping corner back', knows=[], holds=['spark (w_x07808) ×7']
Hamel Latchkey: goal='Hear news from your kin', knows=[], holds=['spark (w_x07809) ×6']
Nan of the Shambles: goal='Beg or find a meal today', knows=[], holds=['spark (w_x07810) ×4']
Nan of the Bellstand: goal='Find somewhere to dry your blanket', knows=[], holds=['spark (w_x07811) ×6']
Bertran Threefinger: goal='Keep your clothes dry', knows=[], holds=['spark (w_x07812) ×4']
Hamel Threefinger: goal='Find out how your neighbour is keeping', knows=[], holds=['spark (w_x07813) ×6']
Ib Shortmeasure: goal='Share a memory of the street', knows=[], holds=['spark (w_x07814) ×6']
Osanne of the Needle: goal='Enjoy a little peace in your neighbourhood', knows=[], holds=['spark (w_x07815) ×7']
Jonet of the Shambles: goal='Share a memory of the street', knows=[], holds=['spark (w_x07816) ×3']
Aldith Pike: goal='Keep your clothes dry', knows=[], holds=['spark (w_x07817) ×4']
Cobb Vell: goal='Enjoy a little peace in your neighbourhood', knows=[], holds=['spark (w_x07818) ×3']
Osanne Hawser: goal='Enjoy a little peace in your neighbourhood', knows=[], holds=['spark (w_x07819) ×6']
Averil the Long: goal='Keep the household blankets in good order', knows=[], holds=['spark (w_x07820) ×3']
Idonea Hawser: goal='Keep the household blankets in good order', knows=[], holds=['spark (w_x07821) ×5']
Clemence Hobbe: goal='Share a memory of the street', knows=[], holds=['spark (w_x07822) ×5']
Renn Vell: goal='Enjoy a little peace in your neighbourhood', knows=[], holds=['spark (w_x07823) ×7']
Cobb Scaffold: goal='Find a salve for your hands', knows=[], holds=['spark (w_x07824) ×6']
Averil Pike: goal='Find out how your neighbour is keeping', knows=[], holds=['spark (w_x07825) ×2']
Bertran Skell: goal='Find out how your neighbour is keeping', knows=[], holds=['spark (w_x07826) ×2']
Gile Coldhands: goal='Share a memory of the street', knows=[], holds=['spark (w_x07827) ×5']
Sibbe Wetalms: goal='Hear news from your kin', knows=[], holds=['spark (w_x07828) ×2']
Clemence the Lesser: goal='Keep your clothes dry', knows=[], holds=['spark (w_x07829) ×4']
Colm Upstream: goal='Find somewhere you will be left alone', knows=[], holds=['spark (w_x07830) ×7']
Pin of the Tenters: goal='Find out how your neighbour is keeping', knows=[], holds=['spark (w_x07831) ×3']
Tib Stott: goal='Share a memory of the street', knows=[], holds=['spark (w_x07832) ×5']
Tobin Sparr: goal='Keep your clothes dry', knows=[], holds=['spark (w_x07833) ×3']
Jos Shortmeasure: goal='Share a memory of the street', knows=[], holds=['spark (w_x07834) ×5']
Ib Copp: goal='Beg or find a meal today', knows=[], holds=['spark (w_x07835) ×5']
Rohese Vell: goal='Find out how your neighbour is keeping', knows=[], holds=['spark (w_x07836) ×3']
Betriss Dorn: goal='Enjoy a little peace in your neighbourhood', knows=[], holds=['spark (w_x07837) ×4']
Mote Coldhands: goal='Keep the household blankets in good order', knows=[], holds=['spark (w_x07838) ×5']
Dob of Cinder Row: goal='Beg or find a meal today', knows=[], holds=['spark (w_x07839) ×7']
Ede Brant: goal='Hear news from your kin', knows=[], holds=['spark (w_x07840) ×5']
Bertran Roper: goal='Share a memory of the street', knows=[], holds=['spark (w_x07841) ×6']
Clemence Copp: goal='Hear news from your kin', knows=[], holds=['spark (w_x07842) ×6']
Mote Vell: goal='Find out how your neighbour is keeping', knows=[], holds=['spark (w_x07843) ×3']
Aubin Sparr: goal='Keep the household blankets in good order', knows=[], holds=['spark (w_x07844) ×3']
Aldith Alder: goal='Replace your lost alms bowl', knows=[], holds=['spark (w_x07845) ×3']
Ansel Nineteen: goal='Share a memory of the street', knows=[], holds=['spark (w_x07846) ×6']
Pin Hawser: goal='Find out how your neighbour is keeping', knows=[], holds=['spark (w_x07847) ×3']
Tobin Latchkey: goal='Keep your clothes dry', knows=[], holds=['spark (w_x07848) ×6']
Osanne Stott: goal='Find out how your neighbour is keeping', knows=[], holds=['spark (w_x07849) ×7']
Dob Salter: goal='Hear news from your kin', knows=[], holds=['spark (w_x07850) ×3']
Rohese Ashe: goal='Hear news from your kin', knows=[], holds=['spark (w_x07851) ×2']
Petronel Crake: goal='Keep your clothes dry', knows=[], holds=['spark (w_x07852) ×7']
Ansel Quern: goal='Keep your clothes dry', knows=[], holds=['spark (w_x07853) ×2']
Mote Marle: goal='Share a memory of the street', knows=[], holds=['spark (w_x07854) ×4']
Gile Vell: goal='Find out how your neighbour is keeping', knows=[], holds=['spark (w_x07855) ×4']
Colm of the Shambles: goal='Hear news from your kin', knows=[], holds=['spark (w_x07856) ×4']
Ib Tarn: goal='Get your sleeping corner back', knows=[], holds=['spark (w_x07857) ×6']
Sibbe Salter: goal='Enjoy a little peace in your neighbourhood', knows=[], holds=['spark (w_x07858) ×7']
Betriss of the Gutter Steps: goal='Keep your clothes dry', knows=[], holds=['spark (w_x07859) ×6']
Nan Threefinger: goal='Find something to put on your feet', knows=[], holds=['spark (w_x07860) ×6']
Aldith of the Tenters: goal='Replace your lost alms bowl', knows=[], holds=['spark (w_x07861) ×3']
Dunstan Shortmeasure: goal='Enjoy a little peace in your neighbourhood', knows=[], holds=['spark (w_x07862) ×6']
Pin Wetalms: goal='Beg or find a meal today', knows=[], holds=['spark (w_x07863) ×4']
Cobb Pike: goal='Keep the household blankets in good order', knows=[], holds=['spark (w_x07864) ×3']
Segwin Hawser: goal='Share a memory of the street', knows=[], holds=['spark (w_x07865) ×7']
Rohese Scaffold: goal="Get taken on for a day's work", knows=[], holds=['spark (w_x07866) ×4']
Sibbe Ashe: goal='Replace your lost alms bowl', knows=[], holds=['spark (w_x07867) ×4']
Gile Nineteen: goal='Keep the household blankets in good order', knows=[], holds=['spark (w_x07868) ×3']
Petronel Wetalms: goal='Keep the household blankets in good order', knows=[], holds=['spark (w_x07869) ×5']
Rohese of the Shambles: goal='Enjoy a little peace in your neighbourhood', knows=[], holds=['spark (w_x07870) ×3']
Segwin Fitch: goal='Enjoy a little peace in your neighbourhood', knows=[], holds=['spark (w_x07871) ×3']
Aldith Latchkey: goal='Keep your clothes dry', knows=[], holds=['spark (w_x07872) ×6']
Lise of the Low Bridge: goal='Find a salve for your hands', knows=[], holds=['spark (w_x07873) ×5']
Aldith the Long: goal='Beg or find a meal today', knows=[], holds=['spark (w_x07874) ×6']
Idonea Wetalms: goal='Find a salve for your hands', knows=[], holds=['spark (w_x07875) ×5']
Dunstan of Ostrelle: goal='Enjoy a little peace in your neighbourhood', knows=[], holds=['spark (w_x07876) ×6']
Aldith of the Shambles: goal='Find somewhere to dry your blanket', knows=[], holds=['spark (w_x07877) ×4']
Aubin Pike: goal='Find a salve for your hands', knows=[], holds=['spark (w_x07878) ×5']
Petronel Coldhands: goal='Share a memory of the street', knows=[], holds=['spark (w_x07879) ×6']
Rohese Marle: goal='Share a memory of the street', knows=[], holds=['spark (w_x07880) ×4']
Ede of the Slip: goal='Keep the household blankets in good order', knows=[], holds=['spark (w_x07881) ×6']
Dunstan of Ostrelle: goal='Keep your clothes dry', knows=[], holds=['spark (w_x07882) ×6']
Averil Skell: goal='Share a memory of the street', knows=[], holds=['spark (w_x07883) ×5']
Ede the Long: goal='Share a memory of the street', knows=[], holds=['spark (w_x07884) ×4']
Ede Sparr: goal='Find something to put on your feet', knows=[], holds=['spark (w_x07885) ×6']
Havise of the Slip: goal='Find somewhere to dry your blanket', knows=[], holds=['spark (w_x07886) ×7']
Havise Vell: goal='Share a memory of the street', knows=[], holds=['spark (w_x07887) ×7']
Aldith Coldhands: goal='Get your sleeping corner back', knows=[], holds=['spark (w_x07888) ×6']
Lise of the Bellstand: goal='Share a memory of the street', knows=[], holds=['spark (w_x07889) ×2']
Clemence of Ostrelle: goal='Get your sleeping corner back', knows=[], holds=['spark (w_x07890) ×4']
Jonet Stott: goal='Get the penny you were promised for the horse', knows=[], holds=['spark (w_x07891) ×7']
Dob of the Tenters: goal='Find somewhere you will be left alone', knows=[], holds=['spark (w_x07892) ×2']
Jos Sparr: goal='Hear news from your kin', knows=[], holds=['spark (w_x07893) ×5']
Grigor Threefinger: goal='Keep the household blankets in good order', knows=[], holds=['spark (w_x07894) ×4']
Ede Vell: goal='Keep the household blankets in good order', knows=[], holds=['spark (w_x07895) ×7']
Noll Shortmeasure: goal='Keep the household blankets in good order', knows=[], holds=['spark (w_x07896) ×2']
Clemence Fitch: goal='Replace your lost alms bowl', knows=[], holds=['spark (w_x07897) ×4']
Renn Nineteen: goal='Share a memory of the street', knows=[], holds=['spark (w_x07898) ×6']
Jonet Roper: goal='Hear news from your kin', knows=[], holds=['spark (w_x07899) ×4']
Osanne of the Needle: goal='Enjoy a little peace in your neighbourhood', knows=[], holds=['spark (w_x07900) ×3']
Idonea Dorn: goal='Enjoy a little peace in your neighbourhood', knows=[], holds=['spark (w_x07901) ×5']
Dob Dorn: goal='Find out how your neighbour is keeping', knows=[], holds=['spark (w_x07902) ×3']
Petronel of the Needle: goal='Get your sleeping corner back', knows=[], holds=['spark (w_x07903) ×4']
Tobin of the Slip: goal='Share a memory of the street', knows=[], holds=['spark (w_x07904) ×4']
Colm Tarn: goal='Find a quiet frontage where you are welcome', knows=[], holds=['spark (w_x07905) ×2']
Rohese of the Needle: goal='Get your sleeping corner back', knows=[], holds=['spark (w_x07906) ×7']
Hamel Roper: goal='Enjoy a little peace in your neighbourhood', knows=[], holds=['spark (w_x07907) ×7']
Mote Roper: goal='Share a memory of the street', knows=[], holds=['spark (w_x07908) ×6']
Lise Fitch: goal='Keep your clothes dry', knows=[], holds=['spark (w_x07909) ×7']
Cobb of the Gutter Steps: goal='Share a memory of the street', knows=[], holds=['spark (w_x07910) ×5']
Sibbe Shortmeasure: goal='Find out how your neighbour is keeping', knows=[], holds=['spark (w_x07911) ×5']
Rohese Hobbe: goal='Keep your clothes dry', knows=[], holds=['spark (w_x07912) ×5']
Nan of the Bellstand: goal='Find out how your neighbour is keeping', knows=[], holds=['spark (w_x07913) ×6']
Sibbe Sparr: goal='Share a memory of the street', knows=[], holds=['spark (w_x07914) ×2']
Betriss Threefinger: goal='Keep the household blankets in good order', knows=[], holds=['spark (w_x07915) ×7']
Osanne of the Shambles: goal='Enjoy a little peace in your neighbourhood', knows=[], holds=['spark (w_x07916) ×2']
Sibbe of the Low Bridge: goal='Replace your lost alms bowl', knows=[], holds=['spark (w_x07917) ×4']
Dob Dorn: goal='Share a memory of the street', knows=[], holds=['spark (w_x07918) ×2']
Grigor Upstream: goal='Get your sleeping corner back', knows=[], holds=['spark (w_x07919) ×2']
Lise Nineteen: goal="Get taken on for a day's work", knows=[], holds=['spark (w_x07920) ×5']
Lise Roper: goal='Find somewhere you will be left alone', knows=[], holds=['spark (w_x07921) ×7']
Petronel of Ostrelle: goal='Hear news from your kin', knows=[], holds=['spark (w_x07922) ×7']
Idonea Vell: goal='Hear news from your kin', knows=[], holds=['spark (w_x07923) ×6']
Ansel Dorn: goal='Enjoy a little peace in your neighbourhood', knows=[], holds=['spark (w_x07924) ×7']
Jonet Vell: goal='Find out how your neighbour is keeping', knows=[], holds=['spark (w_x07925) ×4']
Bertran Stott: goal="Get taken on for a day's work", knows=[], holds=['spark (w_x07926) ×4']
Tobin Hobbe: goal='Hear news from your kin', knows=[], holds=['spark (w_x07927) ×5']
Nan Alder: goal='Find a salve for your hands', knows=[], holds=['spark (w_x07928) ×5']
Ib Pike: goal='Find out how your neighbour is keeping', knows=[], holds=['spark (w_x07929) ×4']
Aubin Scaffold: goal="Get taken on for a day's work", knows=[], holds=['spark (w_x07930) ×2']
Sef Ferrant: goal='Share a memory of the street', knows=[], holds=['spark (w_x07931) ×2']
Tobin of Ostrelle: goal='Share a memory of the street', knows=[], holds=['spark (w_x07932) ×7']
Sef Sparr: goal='Enjoy a little peace in your neighbourhood', knows=[], holds=['spark (w_x07933) ×5']
Sibbe Skell: goal='Enjoy a little peace in your neighbourhood', knows=[], holds=['spark (w_x07934) ×5']
Pin of the Shambles: goal='Hear news from your kin', knows=[], holds=['spark (w_x07935) ×5']
Tib Alder: goal='Hear news from your kin', knows=[], holds=['spark (w_x07936) ×7']
Tobin Rasp: goal='Enjoy a little peace in your neighbourhood', knows=[], holds=['spark (w_x07937) ×4']
Bertran of the Tenters: goal='Enjoy a little peace in your neighbourhood', knows=[], holds=['spark (w_x07938) ×4']
Mote Fitch: goal='Enjoy a little peace in your neighbourhood', knows=[], holds=['spark (w_x07939) ×4']
Lise of the Needle: goal='Keep the household blankets in good order', knows=[], holds=['spark (w_x07940) ×6']
Bertran of the Bellstand: goal='Find out how your neighbour is keeping', knows=[], holds=['spark (w_x07941) ×5']
Ib Hawser: goal='Find out how your neighbour is keeping', knows=[], holds=['spark (w_x07942) ×2']
Dunstan of the Slip: goal='Replace your lost alms bowl', knows=[], holds=['spark (w_x07943) ×4']
Sibbe Scaffold: goal='Enjoy a little peace in your neighbourhood', knows=[], holds=['spark (w_x07944) ×3']
Lise Dorn: goal='Enjoy a little peace in your neighbourhood', knows=[], holds=['spark (w_x07945) ×6']
Petronel Sparr: goal='Find out how your neighbour is keeping', knows=[], holds=['spark (w_x07946) ×3']
Averil Sparr: goal='Find somewhere you will be left alone', knows=[], holds=['spark (w_x07947) ×5']
Pin of the Shambles: goal='Replace your lost alms bowl', knows=[], holds=['spark (w_x07948) ×6']
Bertran Quern: goal='Hear news from your kin', knows=[], holds=['spark (w_x07949) ×5']
Aldith Nineteen: goal='Hear news from your kin', knows=[], holds=['spark (w_x07950) ×6']
Lise Dorn: goal='Keep the household blankets in good order', knows=[], holds=['spark (w_x07951) ×6']
Segwin Fitch: goal='Get your sleeping corner back', knows=[], holds=['spark (w_x07952) ×7']
Dob of Ostrelle: goal='Share a memory of the street', knows=[], holds=['spark (w_x07953) ×7']
Dunstan of the Gutter Steps: goal='Keep your clothes dry', knows=[], holds=['spark (w_x07954) ×4']
Corin Scaffold: goal='Enjoy a little peace in your neighbourhood', knows=[], holds=['spark (w_x07955) ×4']
Jos of the Slip: goal='Hear news from your kin', knows=[], holds=['spark (w_x07956) ×5']
Pin Ferrant: goal='Find a quiet frontage where you are welcome', knows=[], holds=['spark (w_x07957) ×3']
Havise the Long: goal='Share a memory of the street', knows=[], holds=['spark (w_x07958) ×4']
Rohese the Long: goal='Find somewhere to dry your blanket', knows=[], holds=['spark (w_x07959) ×2']
Rohese Brant: goal='Keep your clothes dry', knows=[], holds=['spark (w_x07960) ×5']
Gile the Long: goal='Hear news from your kin', knows=[], holds=['spark (w_x07961) ×6']
Petronel Nineteen: goal='Get the penny you were promised for the horse', knows=[], holds=['spark (w_x07962) ×5']
Ewart Alder: goal='Beg or find a meal today', knows=[], holds=['spark (w_x07963) ×4']
Aubin Roper: goal="Get taken on for a day's work", knows=[], holds=['spark (w_x07964) ×2']
Corin of Cinder Row: goal='Find somewhere you will be left alone', knows=[], holds=['spark (w_x07965) ×2']
Dob Alder: goal='Find out how your neighbour is keeping', knows=[], holds=['spark (w_x07966) ×2']
Segwin of the Needle: goal='Enjoy a little peace in your neighbourhood', knows=[], holds=['spark (w_x07967) ×5']
Segwin Copp: goal='Keep the household blankets in good order', knows=[], holds=['spark (w_x07968) ×6']
Clemence Latchkey: goal='Hear news from your kin', knows=[], holds=['spark (w_x07969) ×7']
Ede of the Shambles: goal='Find somewhere you will be left alone', knows=[], holds=['spark (w_x07970) ×6']
Grigor Skell: goal='Share a memory of the street', knows=[], holds=['spark (w_x07971) ×2']
Clemence Roper: goal='Share a memory of the street', knows=[], holds=['spark (w_x07972) ×4']
Bertran of Ostrelle: goal='Keep the household blankets in good order', knows=[], holds=['spark (w_x07973) ×6']
Mote Brant: goal='Beg or find a meal today', knows=[], holds=['spark (w_x07974) ×7']
Mote of Cinder Row: goal='Find a salve for your hands', knows=[], holds=['spark (w_x07975) ×5']
Petronel Tarn: goal='Keep your clothes dry', knows=[], holds=['spark (w_x07976) ×4']
Nan of the Bellstand: goal='Keep the household blankets in good order', knows=[], holds=['spark (w_x07977) ×6']
Gile Rasp: goal='Keep your clothes dry', knows=[], holds=['spark (w_x07978) ×2']
Idonea of the Tenters: goal='Keep your clothes dry', knows=[], holds=['spark (w_x07979) ×7']
Osanne of the Gutter Steps: goal='Share a memory of the street', knows=[], holds=['spark (w_x07980) ×5']
Aldith Pike: goal='Keep your clothes dry', knows=[], holds=['spark (w_x07981) ×6']
Aubin of the Low Bridge: goal='Share a memory of the street', knows=[], holds=['spark (w_x07982) ×3']
Clemence Copp: goal='Enjoy a little peace in your neighbourhood', knows=[], holds=['spark (w_x07983) ×5']
Tib Alder: goal='Share a memory of the street', knows=[], holds=['spark (w_x07984) ×4']
Colm Stott: goal='Enjoy a little peace in your neighbourhood', knows=[], holds=['spark (w_x07985) ×2']
Ansel Pike: goal='Enjoy a little peace in your neighbourhood', knows=[], holds=['spark (w_x07986) ×7']
Ib of the Bellstand: goal='Enjoy a little peace in your neighbourhood', knows=[], holds=['spark (w_x07987) ×6']
Betriss Ferrant: goal='Hear news from your kin', knows=[], holds=['spark (w_x07988) ×3']
Jos Threefinger: goal='Keep your clothes dry', knows=[], holds=['spark (w_x07989) ×5']
Colm Wetalms: goal='Hear news from your kin', knows=[], holds=['spark (w_x07990) ×3']
Grigor of Ostrelle: goal='Keep the household blankets in good order', knows=[], holds=['spark (w_x07991) ×5']
Lise of the Shambles: goal='Keep your clothes dry', knows=[], holds=['spark (w_x07992) ×2']
Ede of the Slip: goal='Find somewhere you will be left alone', knows=[], holds=['spark (w_x07993) ×3']
Ede Skell: goal='Keep the household blankets in good order', knows=[], holds=['spark (w_x07994) ×4']
Lise Latchkey: goal='Replace your lost alms bowl', knows=[], holds=['spark (w_x07995) ×2']
Havise Skell: goal='Get the penny you were promised for the horse', knows=[], holds=['spark (w_x07996) ×3']
Sibbe of Cinder Row: goal='Beg or find a meal today', knows=[], holds=['spark (w_x07997) ×5']
Osanne Copp: goal='Keep the household blankets in good order', knows=[], holds=['spark (w_x07998) ×4']
Idonea of the Needle: goal='Enjoy a little peace in your neighbourhood', knows=[], holds=['spark (w_x07999) ×2']
Rohese Coldhands: goal='Find something to put on your feet', knows=[], holds=['spark (w_x08000) ×4']
Aubin Copp: goal='Enjoy a little peace in your neighbourhood', knows=[], holds=['spark (w_x08001) ×4']
Tib Latchkey: goal='Find out how your neighbour is keeping', knows=[], holds=['spark (w_x08002) ×3']
Aubin of the Needle: goal='Share a memory of the street', knows=[], holds=['spark (w_x08003) ×3']
Aubin Alder: goal='Get the penny you were promised for the horse', knows=[], holds=['spark (w_x08004) ×3']
Mote Upstream: goal='Find a salve for your hands', knows=[], holds=['spark (w_x08005) ×4']
Jonet Nineteen: goal='Find a quiet frontage where you are welcome', knows=[], holds=['spark (w_x08006) ×4']
Averil Shortmeasure: goal='Beg or find a meal today', knows=[], holds=['spark (w_x08007) ×3']
Ewart Tarn: goal='Keep your clothes dry', knows=[], holds=['spark (w_x08008) ×4']
Sibbe Salter: goal='Get your sleeping corner back', knows=[], holds=['spark (w_x08009) ×2']
Ib Quern: goal='Keep the household blankets in good order', knows=[], holds=['spark (w_x08010) ×4']
Idonea Rasp: goal='Enjoy a little peace in your neighbourhood', knows=[], holds=['spark (w_x08011) ×2']
Ansel Rasp: goal="Get taken on for a day's work", knows=[], holds=['spark (w_x08012) ×2']
Osanne Sparr: goal='Hear news from your kin', knows=[], holds=['spark (w_x08013) ×4']
Idonea Crake: goal='Replace your lost alms bowl', knows=[], holds=['spark (w_x08014) ×4']
Aubin of the Shambles: goal='Hear news from your kin', knows=[], holds=['spark (w_x08015) ×2']
Rohese Skell: goal='Find a salve for your hands', knows=[], holds=['spark (w_x08016) ×5']
Jos Crake: goal='Replace your lost alms bowl', knows=[], holds=['spark (w_x08017) ×3']
Jonet of Ostrelle: goal='Keep your clothes dry', knows=[], holds=['spark (w_x08018) ×2']
Idonea Brant: goal='Hear news from your kin', knows=[], holds=['spark (w_x08019) ×6']
Renn Hobbe: goal='Keep the household blankets in good order', knows=[], holds=['spark (w_x08020) ×7']
Bertran Nineteen: goal='Keep the household blankets in good order', knows=[], holds=['spark (w_x08021) ×2']
Averil of the Bellstand: goal='Keep the household blankets in good order', knows=[], holds=['spark (w_x08022) ×6']
Nan of the Low Bridge: goal='Hear news from your kin', knows=[], holds=['spark (w_x08023) ×5']
Betriss of the Tenters: goal='Share a memory of the street', knows=[], holds=['spark (w_x08024) ×3']
Nan Crake: goal='Keep your clothes dry', knows=[], holds=['spark (w_x08025) ×2']
Sibbe Copp: goal='Find out how your neighbour is keeping', knows=[], holds=['spark (w_x08026) ×7']
Osanne Nineteen: goal='Keep the household blankets in good order', knows=[], holds=['spark (w_x08027) ×3']
Colm of Cinder Row: goal="Get taken on for a day's work", knows=[], holds=['spark (w_x08028) ×4']
Osanne of the Low Bridge: goal='Enjoy a little peace in your neighbourhood', knows=[], holds=['spark (w_x08029) ×5']
Renn Copp: goal='Find out how your neighbour is keeping', knows=[], holds=['spark (w_x08030) ×2']
Noll Coldhands: goal='Share a memory of the street', knows=[], holds=['spark (w_x08031) ×5']
Petronel Roper: goal='Share a memory of the street', knows=[], holds=['spark (w_x08032) ×7']
Renn the Lesser: goal='Keep the household blankets in good order', knows=[], holds=['spark (w_x08033) ×3']
Averil Pike: goal='Find a quiet frontage where you are welcome', knows=[], holds=['spark (w_x08034) ×4']
Petronel Pike: goal='Replace your lost alms bowl', knows=[], holds=['spark (w_x08035) ×5']
Noll of the Bellstand: goal='Share a memory of the street', knows=[], holds=['spark (w_x08036) ×7']
Idonea of the Needle: goal='Find out how your neighbour is keeping', knows=[], holds=['spark (w_x08037) ×5']
Osanne Tarn: goal='Enjoy a little peace in your neighbourhood', knows=[], holds=['spark (w_x08038) ×6']
Havise Ferrant: goal='Beg or find a meal today', knows=[], holds=['spark (w_x08039) ×6']
Ede Crake: goal='Keep the household blankets in good order', knows=[], holds=['spark (w_x08040) ×7']
Cobb Stott: goal='Share a memory of the street', knows=[], holds=['spark (w_x08041) ×7']
Tobin of the Needle: goal='Keep the household blankets in good order', knows=[], holds=['spark (w_x08042) ×5']
Ib Shortmeasure: goal='Hear news from your kin', knows=[], holds=['spark (w_x08043) ×2']
Mote of the Tenters: goal='Find somewhere to dry your blanket', knows=[], holds=['spark (w_x08044) ×4']
Osanne Marle: goal='Keep your clothes dry', knows=[], holds=['spark (w_x08045) ×3']
Ib of the Shambles: goal='Keep your clothes dry', knows=[], holds=['spark (w_x08046) ×3']
Hamel Tarn: goal='Keep your clothes dry', knows=[], holds=['spark (w_x08047) ×5']
Averil Brant: goal='Replace your lost alms bowl', knows=[], holds=['spark (w_x08048) ×3']
Betriss Dorn: goal='Hear news from your kin', knows=[], holds=['spark (w_x08049) ×7']
Hamel Wetalms: goal='Hear news from your kin', knows=[], holds=['spark (w_x08050) ×7']
Clemence Upstream: goal='Find out how your neighbour is keeping', knows=[], holds=['spark (w_x08051) ×3']
Idonea Salter: goal='Hear news from your kin', knows=[], holds=['spark (w_x08052) ×7']
Bertran Latchkey: goal='Find out how your neighbour is keeping', knows=[], holds=['spark (w_x08053) ×4']
Havise Roper: goal='Enjoy a little peace in your neighbourhood', knows=[], holds=['spark (w_x08054) ×5']
Jonet Pike: goal='Find something to put on your feet', knows=[], holds=['spark (w_x08055) ×3']
Averil Quern: goal='Keep your clothes dry', knows=[], holds=['spark (w_x08056) ×6']
Jos of the Tenters: goal='Share a memory of the street', knows=[], holds=['spark (w_x08057) ×4']
Clemence Sparr: goal='Keep your clothes dry', knows=[], holds=['spark (w_x08058) ×5']
Aubin Nineteen: goal='Keep the household blankets in good order', knows=[], holds=['spark (w_x08059) ×2']
Renn Latchkey: goal='Share a memory of the street', knows=[], holds=['spark (w_x08060) ×7']
Lise Rasp: goal='Keep the household blankets in good order', knows=[], holds=['spark (w_x08061) ×5']
Idonea Roper: goal='Enjoy a little peace in your neighbourhood', knows=[], holds=['spark (w_x08062) ×7']
Dunstan Vell: goal='Get your sleeping corner back', knows=[], holds=['spark (w_x08063) ×4']
Ewart Rasp: goal='Keep the household blankets in good order', knows=[], holds=['spark (w_x08064) ×3']
Renn the Lesser: goal='Hear news from your kin', knows=[], holds=['spark (w_x08065) ×5']
Clemence Fitch: goal='Share a memory of the street', knows=[], holds=['spark (w_x08066) ×3']
Nan Ashe: goal='Hear news from your kin', knows=[], holds=['spark (w_x08067) ×3']
Petronel the Long: goal='Hear news from your kin', knows=[], holds=['spark (w_x08068) ×5']
Tobin Upstream: goal='Share a memory of the street', knows=[], holds=['spark (w_x08069) ×6']
Hamel Threefinger: goal='Keep your clothes dry', knows=[], holds=['spark (w_x08070) ×4']
Idonea Upstream: goal='Find something to put on your feet', knows=[], holds=['spark (w_x08071) ×6']
Rohese Hobbe: goal='Beg or find a meal today', knows=[], holds=['spark (w_x08072) ×4']
Segwin Vell: goal='Find out how your neighbour is keeping', knows=[], holds=['spark (w_x08073) ×2']
Lise Tarn: goal='Keep your clothes dry', knows=[], holds=['spark (w_x08074) ×4']
Mote of Ostrelle: goal='Get your sleeping corner back', knows=[], holds=['spark (w_x08075) ×3']
Averil the Long: goal='Enjoy a little peace in your neighbourhood', knows=[], holds=['spark (w_x08076) ×4']
Ansel Sparr: goal='Keep your clothes dry', knows=[], holds=['spark (w_x08077) ×3']
Petronel Pike: goal='Get the penny you were promised for the horse', knows=[], holds=['spark (w_x08078) ×3']
Aubin Quern: goal='Find a quiet frontage where you are welcome', knows=[], holds=['spark (w_x08079) ×3']
Jos Ashe: goal='Replace your lost alms bowl', knows=[], holds=['spark (w_x08080) ×2']
Pin Roper: goal='Keep the household blankets in good order', knows=[], holds=['spark (w_x08081) ×5']
Lise the Long: goal='Beg or find a meal today', knows=[], holds=['spark (w_x08082) ×3']
Sef Scaffold: goal='Enjoy a little peace in your neighbourhood', knows=[], holds=['spark (w_x08083) ×3']
Petronel of the Slip: goal='Hear news from your kin', knows=[], holds=['spark (w_x08084) ×5']
Rohese Stott: goal='Hear news from your kin', knows=[], holds=['spark (w_x08085) ×2']
Jos of the Needle: goal='Share a memory of the street', knows=[], holds=['spark (w_x08086) ×2']
Pin of the Low Bridge: goal='Find out how your neighbour is keeping', knows=[], holds=['spark (w_x08087) ×7']
Clemence Copp: goal='Share a memory of the street', knows=[], holds=['spark (w_x08088) ×6']
Tobin Copp: goal='Replace your lost alms bowl', knows=[], holds=['spark (w_x08089) ×7']
Sef Latchkey: goal='Find somewhere to dry your blanket', knows=[], holds=['spark (w_x08090) ×7']
Ib Quern: goal='Share a memory of the street', knows=[], holds=['spark (w_x08091) ×6']
Noll Pike: goal='Keep your clothes dry', knows=[], holds=['spark (w_x08092) ×4']
Aldith Latchkey: goal='Keep the household blankets in good order', knows=[], holds=['spark (w_x08093) ×6']
Nan Quern: goal='Share a memory of the street', knows=[], holds=['spark (w_x08094) ×3']
Pin of the Tenters: goal='Beg or find a meal today', knows=[], holds=['spark (w_x08095) ×3']
Tobin Dorn: goal='Enjoy a little peace in your neighbourhood', knows=[], holds=['spark (w_x08096) ×4']
Ewart of Ostrelle: goal='Find somewhere you will be left alone', knows=[], holds=['spark (w_x08097) ×3']
Betriss of Ostrelle: goal='Share a memory of the street', knows=[], holds=['spark (w_x08098) ×6']
Noll Sparr: goal='Enjoy a little peace in your neighbourhood', knows=[], holds=['spark (w_x08099) ×2']
Jos of Cinder Row: goal='Keep the household blankets in good order', knows=[], holds=['spark (w_x08100) ×5']
Renn Hobbe: goal='Share a memory of the street', knows=[], holds=['spark (w_x08101) ×3']
Noll Skell: goal='Enjoy a little peace in your neighbourhood', knows=[], holds=['spark (w_x08102) ×3']
Ib Upstream: goal='Share a memory of the street', knows=[], holds=['spark (w_x08103) ×6']
Jonet Pike: goal='Keep your clothes dry', knows=[], holds=['spark (w_x08104) ×5']
Segwin Salter: goal='Find out how your neighbour is keeping', knows=[], holds=['spark (w_x08105) ×2']
Cobb of the Needle: goal='Get the penny you were promised for the horse', knows=[], holds=['spark (w_x08106) ×6']
Rohese Vell: goal='Keep your clothes dry', knows=[], holds=['spark (w_x08107) ×3']
Sibbe Roper: goal='Get the penny you were promised for the horse', knows=[], holds=['spark (w_x08108) ×2']
Renn Vell: goal='Share a memory of the street', knows=[], holds=['spark (w_x08109) ×6']
Ede Vell: goal='Enjoy a little peace in your neighbourhood', knows=[], holds=['spark (w_x08110) ×2']
Jonet of the Slip: goal='Find a quiet frontage where you are welcome', knows=[], holds=['spark (w_x08111) ×5']
Corin Dorn: goal='Enjoy a little peace in your neighbourhood', knows=[], holds=['spark (w_x08112) ×5']
Petronel of Ostrelle: goal='Keep the household blankets in good order', knows=[], holds=['spark (w_x08113) ×7']
Idonea Quern: goal='Replace your lost alms bowl', knows=[], holds=['spark (w_x08114) ×5']
Lise of the Needle: goal='Share a memory of the street', knows=[], holds=['spark (w_x08115) ×2']
Aldith Latchkey: goal='Keep your clothes dry', knows=[], holds=['spark (w_x08116) ×6']
Segwin Alder: goal='Find a quiet frontage where you are welcome', knows=[], holds=['spark (w_x08117) ×4']
Cobb Roper: goal='Enjoy a little peace in your neighbourhood', knows=[], holds=['spark (w_x08118) ×3']
Tobin Rasp: goal='Hear news from your kin', knows=[], holds=['spark (w_x08119) ×7']
Tobin Roper: goal='Get the penny you were promised for the horse', knows=[], holds=['spark (w_x08120) ×4']
Jonet Skell: goal='Replace your lost alms bowl', knows=[], holds=['spark (w_x08121) ×5']
Ib Salter: goal='Keep the household blankets in good order', knows=[], holds=['spark (w_x08122) ×2']
Petronel the Long: goal='Hear news from your kin', knows=[], holds=['spark (w_x08123) ×3']
Dob of the Bellstand: goal='Enjoy a little peace in your neighbourhood', knows=[], holds=['spark (w_x08124) ×5']
Tib Threefinger: goal='Get your sleeping corner back', knows=[], holds=['spark (w_x08125) ×7']
Jos Scaffold: goal='Keep your clothes dry', knows=[], holds=['spark (w_x08126) ×7']
Grigor of Ostrelle: goal='Share a memory of the street', knows=[], holds=['spark (w_x08127) ×4']
Cobb Coldhands: goal='Share a memory of the street', knows=[], holds=['spark (w_x08128) ×3']
Mote Latchkey: goal='Enjoy a little peace in your neighbourhood', knows=[], holds=['spark (w_x08129) ×2']
Averil Latchkey: goal='Enjoy a little peace in your neighbourhood', knows=[], holds=['spark (w_x08130) ×5']
Aldith Pike: goal='Get the penny you were promised for the horse', knows=[], holds=['spark (w_x08131) ×4']
Clemence Quern: goal='Find something to put on your feet', knows=[], holds=['spark (w_x08132) ×4']
Rohese Shortmeasure: goal='Enjoy a little peace in your neighbourhood', knows=[], holds=['spark (w_x08133) ×5']
Pin Brant: goal='Keep the household blankets in good order', knows=[], holds=['spark (w_x08134) ×6']
Idonea Stott: goal='Enjoy a little peace in your neighbourhood', knows=[], holds=['spark (w_x08135) ×5']
Betriss Brant: goal='Enjoy a little peace in your neighbourhood', knows=[], holds=['spark (w_x08136) ×7']
Rohese Shortmeasure: goal='Share a memory of the street', knows=[], holds=['spark (w_x08137) ×7']
Tib Quern: goal='Keep the household blankets in good order', knows=[], holds=['spark (w_x08138) ×5']
Ede the Long: goal='Hear news from your kin', knows=[], holds=['spark (w_x08139) ×6']
Gile Upstream: goal='Keep your clothes dry', knows=[], holds=['spark (w_x08140) ×6']
Mote Alder: goal='Share a memory of the street', knows=[], holds=['spark (w_x08141) ×5']
Osanne of the Low Bridge: goal='Keep the household blankets in good order', knows=[], holds=['spark (w_x08142) ×3']
Gile Tarn: goal='Hear news from your kin', knows=[], holds=['spark (w_x08143) ×4']
Nan Marle: goal='Find a quiet frontage where you are welcome', knows=[], holds=['spark (w_x08144) ×2']
Jos Vell: goal='Hear news from your kin', knows=[], holds=['spark (w_x08145) ×7']
Aubin Pike: goal="Get taken on for a day's work", knows=[], holds=['spark (w_x08146) ×4']
Noll Latchkey: goal='Keep the household blankets in good order', knows=[], holds=['spark (w_x08147) ×5']
Nan Roper: goal='Hear news from your kin', knows=[], holds=['spark (w_x08148) ×6']
Hamel the Long: goal='Find something to put on your feet', knows=[], holds=['spark (w_x08149) ×7']
Mote Hobbe: goal='Keep the household blankets in good order', knows=[], holds=['spark (w_x08150) ×5']
Rohese Scaffold: goal='Find somewhere to dry your blanket', knows=[], holds=['spark (w_x08151) ×5']
Osanne Crake: goal='Find out how your neighbour is keeping', knows=[], holds=['spark (w_x08152) ×5']
Renn Quern: goal='Find a quiet frontage where you are welcome', knows=[], holds=['spark (w_x08153) ×3']
Osanne Dorn: goal='Find out how your neighbour is keeping', knows=[], holds=['spark (w_x08154) ×3']
Nan of Cinder Row: goal='Keep your clothes dry', knows=[], holds=['spark (w_x08155) ×4']
Rohese Hobbe: goal='Hear news from your kin', knows=[], holds=['spark (w_x08156) ×2']
Aubin Hobbe: goal='Replace your lost alms bowl', knows=[], holds=['spark (w_x08157) ×4']
Ewart Nineteen: goal='Enjoy a little peace in your neighbourhood', knows=[], holds=['spark (w_x08158) ×6']
Tobin Marle: goal='Find out how your neighbour is keeping', knows=[], holds=['spark (w_x08159) ×4']
Idonea Quern: goal='Keep your clothes dry', knows=[], holds=['spark (w_x08160) ×3']
Petronel Scaffold: goal='Find out how your neighbour is keeping', knows=[], holds=['spark (w_x08161) ×7']
Jonet Hobbe: goal='Find out how your neighbour is keeping', knows=[], holds=['spark (w_x08162) ×6']
Sibbe of the Gutter Steps: goal='Find something to put on your feet', knows=[], holds=['spark (w_x08163) ×2']
Idonea Pike: goal='Hear news from your kin', knows=[], holds=['spark (w_x08164) ×6']
Colm of the Slip: goal='Keep the household blankets in good order', knows=[], holds=['spark (w_x08165) ×3']
Petronel Hobbe: goal='Beg or find a meal today', knows=[], holds=['spark (w_x08166) ×6']
Tib of the Needle: goal='Find out how your neighbour is keeping', knows=[], holds=['spark (w_x08167) ×5']
Havise Fitch: goal="Get taken on for a day's work", knows=[], holds=['spark (w_x08168) ×4']
Colm Roper: goal='Find somewhere you will be left alone', knows=[], holds=['spark (w_x08169) ×6']
Sibbe of Cinder Row: goal='Hear news from your kin', knows=[], holds=['spark (w_x08170) ×3']
Tobin of the Needle: goal='Enjoy a little peace in your neighbourhood', knows=[], holds=['spark (w_x08171) ×6']
Sibbe Vell: goal='Find something to put on your feet', knows=[], holds=['spark (w_x08172) ×4']
Bertran Brant: goal='Get your sleeping corner back', knows=[], holds=['spark (w_x08173) ×5']
Rohese Wetalms: goal='Keep the household blankets in good order', knows=[], holds=['spark (w_x08174) ×7']
Lise the Lesser: goal='Find a quiet frontage where you are welcome', knows=[], holds=['spark (w_x08175) ×3']
Cobb of the Tenters: goal='Share a memory of the street', knows=[], holds=['spark (w_x08176) ×7']
Segwin Latchkey: goal='Hear news from your kin', knows=[], holds=['spark (w_x08177) ×5']
Betriss Marle: goal='Beg or find a meal today', knows=[], holds=['spark (w_x08178) ×7']
Ede the Long: goal='Get the penny you were promised for the horse', knows=[], holds=['spark (w_x08179) ×7']
Ewart Salter: goal='Keep the household blankets in good order', knows=[], holds=['spark (w_x08180) ×3']
Ib Crake: goal='Keep your clothes dry', knows=[], holds=['spark (w_x08181) ×4']
Segwin Ferrant: goal='Hear news from your kin', knows=[], holds=['spark (w_x08182) ×7']
Pin Shortmeasure: goal='Keep your clothes dry', knows=[], holds=['spark (w_x08183) ×6']
Corin Sparr: goal='Keep your clothes dry', knows=[], holds=['spark (w_x08184) ×6']
Jos Shortmeasure: goal='Find something to put on your feet', knows=[], holds=['spark (w_x08185) ×6']
Lise Vell: goal='Get your sleeping corner back', knows=[], holds=['spark (w_x08186) ×6']
Clemence Copp: goal='Enjoy a little peace in your neighbourhood', knows=[], holds=['spark (w_x08187) ×5']
Clemence of the Low Bridge: goal='Keep your clothes dry', knows=[], holds=['spark (w_x08188) ×4']
Betriss Stott: goal='Share a memory of the street', knows=[], holds=['spark (w_x08189) ×3']
Dob of the Gutter Steps: goal='Hear news from your kin', knows=[], holds=['spark (w_x08190) ×4']
Dob Coldhands: goal='Keep the household blankets in good order', knows=[], holds=['spark (w_x08191) ×4']
Dunstan the Long: goal='Find out how your neighbour is keeping', knows=[], holds=['spark (w_x08192) ×3']
Aldith of Ostrelle: goal='Keep your clothes dry', knows=[], holds=['spark (w_x08193) ×3']
Ib Ferrant: goal='Keep the household blankets in good order', knows=[], holds=['spark (w_x08194) ×3']
Ede Shortmeasure: goal='Find a salve for your hands', knows=[], holds=['spark (w_x08195) ×2']
Havise Alder: goal='Find a salve for your hands', knows=[], holds=['spark (w_x08196) ×2']
Dob Dorn: goal='Hear news from your kin', knows=[], holds=['spark (w_x08197) ×3']
Jonet the Long: goal='Find a quiet frontage where you are welcome', knows=[], holds=['spark (w_x08198) ×3']
Nan Coldhands: goal='Keep the household blankets in good order', knows=[], holds=['spark (w_x08199) ×2']
Averil Brant: goal='Hear news from your kin', knows=[], holds=['spark (w_x08200) ×4']
Lise Salter: goal='Share a memory of the street', knows=[], holds=['spark (w_x08201) ×6']
Ede Roper: goal='Keep the household blankets in good order', knows=[], holds=['spark (w_x08202) ×5']
Petronel Threefinger: goal='Find something to put on your feet', knows=[], holds=['spark (w_x08203) ×5']
Jonet of the Slip: goal='Beg or find a meal today', knows=[], holds=['spark (w_x08204) ×3']
Sibbe Hobbe: goal='Find out how your neighbour is keeping', knows=[], holds=['spark (w_x08205) ×2']
Ede Brant: goal='Keep the household blankets in good order', knows=[], holds=['spark (w_x08206) ×4']
Ib Copp: goal='Find out how your neighbour is keeping', knows=[], holds=['spark (w_x08207) ×2']
Bertran Upstream: goal='Keep the household blankets in good order', knows=[], holds=['spark (w_x08208) ×5']
Sef of Cinder Row: goal='Find somewhere you will be left alone', knows=[], holds=['spark (w_x08209) ×6']
Osanne Copp: goal='Hear news from your kin', knows=[], holds=['spark (w_x08210) ×4']
Averil Scaffold: goal='Find out how your neighbour is keeping', knows=[], holds=['spark (w_x08211) ×3']
Pin Vell: goal="Get taken on for a day's work", knows=[], holds=['spark (w_x08212) ×7']
Havise the Lesser: goal='Enjoy a little peace in your neighbourhood', knows=[], holds=['spark (w_x08213) ×5']
Ede Alder: goal='Share a memory of the street', knows=[], holds=['spark (w_x08214) ×7']
Aldith Ferrant: goal='Keep your clothes dry', knows=[], holds=['spark (w_x08215) ×2']
Betriss of the Slip: goal='Keep your clothes dry', knows=[], holds=['spark (w_x08216) ×7']
Petronel Hobbe: goal='Get the penny you were promised for the horse', knows=[], holds=['spark (w_x08217) ×6']
Gile Tarn: goal='Keep your clothes dry', knows=[], holds=['spark (w_x08218) ×5']
Averil of the Shambles: goal='Find out how your neighbour is keeping', knows=[], holds=['spark (w_x08219) ×6']
Sibbe the Long: goal='Hear news from your kin', knows=[], holds=['spark (w_x08220) ×7']
Aldith Ferrant: goal='Keep the household blankets in good order', knows=[], holds=['spark (w_x08221) ×7']
Ede Copp: goal='Keep the household blankets in good order', knows=[], holds=['spark (w_x08222) ×7']
Hamel Ashe: goal='Find something to put on your feet', knows=[], holds=['spark (w_x08223) ×5']
Osanne Ashe: goal='Get the penny you were promised for the horse', knows=[], holds=['spark (w_x08224) ×2']
Petronel Wetalms: goal='Find out how your neighbour is keeping', knows=[], holds=['spark (w_x08225) ×7']
Nan Vell: goal='Enjoy a little peace in your neighbourhood', knows=[], holds=['spark (w_x08226) ×6']
Ewart of the Low Bridge: goal='Keep the household blankets in good order', knows=[], holds=['spark (w_x08227) ×2']
Jos Vell: goal='Keep the household blankets in good order', knows=[], holds=['spark (w_x08228) ×2']
Jos Crake: goal='Share a memory of the street', knows=[], holds=['spark (w_x08229) ×5']
Nan of Ostrelle: goal='Get your sleeping corner back', knows=[], holds=['spark (w_x08230) ×7']
Tib of the Tenters: goal='Share a memory of the street', knows=[], holds=['spark (w_x08231) ×6']
Petronel of the Shambles: goal='Share a memory of the street', knows=[], holds=['spark (w_x08232) ×7']
Sef Dorn: goal='Share a memory of the street', knows=[], holds=['spark (w_x08233) ×5']
Rohese Nineteen: goal='Enjoy a little peace in your neighbourhood', knows=[], holds=['spark (w_x08234) ×6']
Ewart the Long: goal='Find out how your neighbour is keeping', knows=[], holds=['spark (w_x08235) ×3']
Averil Roper: goal='Find out how your neighbour is keeping', knows=[], holds=['spark (w_x08236) ×4']
Cobb Brant: goal='Find out how your neighbour is keeping', knows=[], holds=['spark (w_x08237) ×6']
Rohese of the Shambles: goal='Get your sleeping corner back', knows=[], holds=['spark (w_x08238) ×2']
Osanne Shortmeasure: goal='Get your sleeping corner back', knows=[], holds=['spark (w_x08239) ×5']
Ede Dorn: goal='Enjoy a little peace in your neighbourhood', knows=[], holds=['spark (w_x08240) ×7']
Ansel of the Needle: goal='Enjoy a little peace in your neighbourhood', knows=[], holds=['spark (w_x08241) ×4']
Clemence Hobbe: goal='Hear news from your kin', knows=[], holds=['spark (w_x08242) ×5']
Idonea Nineteen: goal='Find out how your neighbour is keeping', knows=[], holds=['spark (w_x08243) ×6']
Sef Latchkey: goal='Find something to put on your feet', knows=[], holds=['spark (w_x08244) ×7']
Renn of the Bellstand: goal='Enjoy a little peace in your neighbourhood', knows=[], holds=['spark (w_x08245) ×3']
Ewart Ferrant: goal='Find something to put on your feet', knows=[], holds=['spark (w_x08246) ×5']
Jos Alder: goal='Keep the household blankets in good order', knows=[], holds=['spark (w_x08247) ×2']
Lise Salter: goal='Enjoy a little peace in your neighbourhood', knows=[], holds=['spark (w_x08248) ×7']
Noll Alder: goal='Find somewhere you will be left alone', knows=[], holds=['spark (w_x08249) ×3']
Dob of the Shambles: goal='Get the penny you were promised for the horse', knows=[], holds=['spark (w_x08250) ×5']
Corin Upstream: goal='Hear news from your kin', knows=[], holds=['spark (w_x08251) ×7']
Sibbe Sparr: goal='Keep your clothes dry', knows=[], holds=['spark (w_x08252) ×5']
Segwin Stott: goal='Keep your clothes dry', knows=[], holds=['spark (w_x08253) ×6']
Segwin Marle: goal='Keep your clothes dry', knows=[], holds=['spark (w_x08254) ×4']
Clemence of Cinder Row: goal='Get your sleeping corner back', knows=[], holds=['spark (w_x08255) ×2']
Clemence of the Tenters: goal='Hear news from your kin', knows=[], holds=['spark (w_x08256) ×5']
Sef Crake: goal='Get the penny you were promised for the horse', knows=[], holds=['spark (w_x08257) ×2']
Idonea of Cinder Row: goal='Find out how your neighbour is keeping', knows=[], holds=['spark (w_x08258) ×2']
Dob Vell: goal='Share a memory of the street', knows=[], holds=['spark (w_x08259) ×2']
Nan Shortmeasure: goal='Share a memory of the street', knows=[], holds=['spark (w_x08261) ×3']
Osanne Alder: goal='Find out how your neighbour is keeping', knows=[], holds=['spark (w_x08262) ×2']
Clemence Salter: goal='Keep the household blankets in good order', knows=[], holds=['spark (w_x08263) ×3']
Noll of the Shambles: goal='Enjoy a little peace in your neighbourhood', knows=[], holds=['spark (w_x08265) ×4']
Dunstan Dorn: goal='Find out how your neighbour is keeping', knows=[], holds=['spark (w_x08267) ×6']
Petronel of the Shambles: goal='Keep the household blankets in good order', knows=[], holds=['spark (w_x08268) ×3']
Tib of the Shambles: goal='Enjoy a little peace in your neighbourhood', knows=[], holds=['spark (w_x08269) ×6']
Aldith of the Bellstand: goal='Share a memory of the street', knows=[], holds=['spark (w_x08271) ×4']
Colm of the Slip: goal='Hear news from your kin', knows=[], holds=['spark (w_x08272) ×3']
Colm Fitch: goal='Keep your clothes dry', knows=[], holds=['spark (w_x08273) ×5']
Betriss Coldhands: goal='Find out how your neighbour is keeping', knows=[], holds=['spark (w_x08275) ×6']
Rohese Quern: goal='Hear news from your kin', knows=[], holds=['spark (w_x08276) ×2']
Pin Shortmeasure: goal='Enjoy a little peace in your neighbourhood', knows=[], holds=['spark (w_x08278) ×6']
Ewart of the Slip: goal='Find out how your neighbour is keeping', knows=[], holds=['spark (w_x08280) ×4']
Clemence of Cinder Row: goal='Share a memory of the street', knows=[], holds=['spark (w_x08282) ×5']
Averil Ferrant: goal='Keep your clothes dry', knows=[], holds=['spark (w_x08284) ×7']
Noll Latchkey: goal='Keep the household blankets in good order', knows=[], holds=['spark (w_x08285) ×2']
Ede Latchkey: goal='Share a memory of the street', knows=[], holds=['spark (w_x08288) ×2']
Ede of Cinder Row: goal='Keep your clothes dry', knows=[], holds=['spark (w_x08290) ×6']
Dunstan the Lesser: goal='Keep the household blankets in good order', knows=[], holds=['spark (w_x08291) ×3']
Jonet Shortmeasure: goal='Enjoy a little peace in your neighbourhood', knows=[], holds=['spark (w_x08292) ×6']
Mote of the Gutter Steps: goal='Share a memory of the street', knows=[], holds=['spark (w_x08295) ×2']
Corin Copp: goal='Keep the household blankets in good order', knows=[], holds=['spark (w_x08297) ×5']
Cobb Fitch: goal='Hear news from your kin', knows=[], holds=['spark (w_x08298) ×5']
Averil Dorn: goal='Find out how your neighbour is keeping', knows=[], holds=['spark (w_x08299) ×3']
Aldith Dorn: goal='Share a memory of the street', knows=[], holds=['spark (w_x08300) ×3']
Ede Ashe: goal='Keep the household blankets in good order', knows=[], holds=['spark (w_x08301) ×5']
Noll of the Needle: goal='Hear news from your kin', knows=[], holds=['spark (w_x08303) ×5']
Idonea Wetalms: goal='Hear news from your kin', knows=[], holds=['spark (w_x08304) ×7']
Dunstan Threefinger: goal='Share a memory of the street', knows=[], holds=['spark (w_x08306) ×6']
Havise Roper: goal='Hear news from your kin', knows=[], holds=['spark (w_x08307) ×6']
Sibbe Vell: goal='Keep the household blankets in good order', knows=[], holds=['spark (w_x08308) ×4']
Rohese Brant: goal='Keep the household blankets in good order', knows=[], holds=['spark (w_x08309) ×3']
Grigor Pike: goal='Find out how your neighbour is keeping', knows=[], holds=['spark (w_x08310) ×6']
Tib Vell: goal='Keep the household blankets in good order', knows=[], holds=['spark (w_x08312) ×6']
Cobb of the Tenters: goal='Share a memory of the street', knows=[], holds=['spark (w_x08313) ×4']
Hamel of the Tenters: goal='Share a memory of the street', knows=[], holds=['spark (w_x08314) ×3']
Ib Roper: goal='Enjoy a little peace in your neighbourhood', knows=[], holds=['spark (w_x08315) ×4']
Nan Coldhands: goal='Enjoy a little peace in your neighbourhood', knows=[], holds=['spark (w_x08316) ×4']
Colm Tarn: goal='Share a memory of the street', knows=[], holds=['spark (w_x08317) ×3']
Bertran Ashe: goal='Find out how your neighbour is keeping', knows=[], holds=['spark (w_x08319) ×2']
Jonet the Long: goal='Hear news from your kin', knows=[], holds=['spark (w_x08320) ×4']
Ede Ferrant: goal='Share a memory of the street', knows=[], holds=['spark (w_x08323) ×4']
Grigor the Long: goal='Find out how your neighbour is keeping', knows=[], holds=['spark (w_x08324) ×2']
Clemence Stott: goal='Enjoy a little peace in your neighbourhood', knows=[], holds=['spark (w_x08325) ×6']
Nan Quern: goal='Keep your clothes dry', knows=[], holds=['spark (w_x08328) ×6']
Corin Scaffold: goal='Find out how your neighbour is keeping', knows=[], holds=['spark (w_x08331) ×4']
Clemence Latchkey: goal='Find out how your neighbour is keeping', knows=[], holds=['spark (w_x08332) ×3']
Betriss of the Low Bridge: goal='Share a memory of the street', knows=[], holds=['spark (w_x08334) ×3']
Ib Wetalms: goal='Hear news from your kin', knows=[], holds=['spark (w_x08336) ×3']
Mote Skell: goal='Hear news from your kin', knows=[], holds=['spark (w_x08337) ×2']
Jonet Threefinger: goal='Enjoy a little peace in your neighbourhood', knows=[], holds=['spark (w_x08338) ×7']
Averil Pike: goal='Keep the household blankets in good order', knows=[], holds=['spark (w_x08339) ×2']
Segwin Threefinger: goal='Share a memory of the street', knows=[], holds=['spark (w_x08340) ×2']
Grigor the Lesser: goal='Enjoy a little peace in your neighbourhood', knows=[], holds=['spark (w_x08341) ×7']
Sef Stott: goal='Share a memory of the street', knows=[], holds=['spark (w_x08342) ×5']
Sef Ferrant: goal='Keep your clothes dry', knows=[], holds=['spark (w_x08343) ×4']
Tib Hawser: goal='Keep your clothes dry', knows=[], holds=['spark (w_x08344) ×2']
Idonea of the Low Bridge: goal='Hear news from your kin', knows=[], holds=['spark (w_x08345) ×2']
Ede Threefinger: goal='Keep the household blankets in good order', knows=[], holds=['spark (w_x08346) ×3']
Sibbe Quern: goal='Enjoy a little peace in your neighbourhood', knows=[], holds=['spark (w_x08347) ×7']
Gile Ashe: goal='Enjoy a little peace in your neighbourhood', knows=[], holds=['spark (w_x08348) ×2']
Havise Shortmeasure: goal='Keep the household blankets in good order', knows=[], holds=['spark (w_x08349) ×7']
Aldith Tarn: goal='Keep the household blankets in good order', knows=[], holds=['spark (w_x08350) ×4']
Sibbe Copp: goal='Share a memory of the street', knows=[], holds=['spark (w_x08351) ×7']
Ansel of the Slip: goal='Find out how your neighbour is keeping', knows=[], holds=['spark (w_x08352) ×2']
Dob Coldhands: goal='Find out how your neighbour is keeping', knows=[], holds=['spark (w_x08354) ×5']
Mote of the Gutter Steps: goal='Keep the household blankets in good order', knows=[], holds=['spark (w_x08355) ×5']
Idonea Ferrant: goal='Enjoy a little peace in your neighbourhood', knows=[], holds=['spark (w_x08356) ×4']
Tobin of the Gutter Steps: goal='Find out how your neighbour is keeping', knows=[], holds=['spark (w_x08357) ×5']
Mote Tarn: goal='Hear news from your kin', knows=[], holds=['spark (w_x08360) ×7']
Corin Rasp: goal='Keep the household blankets in good order', knows=[], holds=['spark (w_x08362) ×2']
Tib of the Needle: goal='Share a memory of the street', knows=[], holds=['spark (w_x08363) ×3']
Renn Nineteen: goal='Keep your clothes dry', knows=[], holds=['spark (w_x08364) ×4']
Averil Tarn: goal='Hear news from your kin', knows=[], holds=['spark (w_x08366) ×2']
Aubin of the Gutter Steps: goal='Find out how your neighbour is keeping', knows=[], holds=['spark (w_x08368) ×7']
Ib Ashe: goal='Find out how your neighbour is keeping', knows=[], holds=['spark (w_x08369) ×7']
Havise of the Slip: goal='Hear news from your kin', knows=[], holds=['spark (w_x08371) ×5']
Betriss Ferrant: goal='Keep the household blankets in good order', knows=[], holds=['spark (w_x08372) ×3']
Colm Ashe: goal='Hear news from your kin', knows=[], holds=['spark (w_x08373) ×5']
Grigor Pike: goal='Share a memory of the street', knows=[], holds=['spark (w_x08374) ×3']
Pin Shortmeasure: goal='Find out how your neighbour is keeping', knows=[], holds=['spark (w_x08377) ×6']
Dunstan Tarn: goal='Enjoy a little peace in your neighbourhood', knows=[], holds=['spark (w_x08378) ×3']
Ede Threefinger: goal='Share a memory of the street', knows=[], holds=['spark (w_x08379) ×6']
Dob Ferrant: goal='Hear news from your kin', knows=[], holds=['spark (w_x08382) ×5']
Noll Coldhands: goal='Keep your clothes dry', knows=[], holds=['spark (w_x08384) ×2']
Sibbe Dorn: goal='Keep your clothes dry', knows=[], holds=['spark (w_x08388) ×7']
Cobb Ashe: goal='Find out how your neighbour is keeping', knows=[], holds=['spark (w_x08389) ×2']
Aldith Ashe: goal='Keep your clothes dry', knows=[], holds=['spark (w_x08390) ×2']
Nan Scaffold: goal='Find out how your neighbour is keeping', knows=[], holds=['spark (w_x08391) ×6']
Lise Skell: goal='Keep the household blankets in good order', knows=[], holds=['spark (w_x08392) ×2']
Bertran Sparr: goal='Find out how your neighbour is keeping', knows=[], holds=['spark (w_x08393) ×2']
Grigor the Long: goal='Share a memory of the street', knows=[], holds=['spark (w_x08394) ×5']
Averil Pike: goal='Keep the household blankets in good order', knows=[], holds=['spark (w_x08395) ×4']
Lise Ashe: goal='Enjoy a little peace in your neighbourhood', knows=[], holds=['spark (w_x08396) ×3']
Averil of the Gutter Steps: goal='Enjoy a little peace in your neighbourhood', knows=[], holds=['spark (w_x08398) ×7']
Tobin Vell: goal='Keep your clothes dry', knows=[], holds=['spark (w_x08399) ×3']
Renn Upstream: goal='Keep the household blankets in good order', knows=[], holds=['spark (w_x08400) ×4']
Ib Tarn: goal='Enjoy a little peace in your neighbourhood', knows=[], holds=['spark (w_x08401) ×4']
Renn of the Low Bridge: goal='Share a memory of the street', knows=[], holds=['spark (w_x08402) ×2']
Osanne Pike: goal='Keep the household blankets in good order', knows=[], holds=['spark (w_x08403) ×4']
Mote Tarn: goal='Hear news from your kin', knows=[], holds=['spark (w_x08405) ×3']
Jonet Ferrant: goal='Enjoy a little peace in your neighbourhood', knows=[], holds=['spark (w_x08407) ×4']
Segwin Brant: goal='Hear news from your kin', knows=[], holds=['spark (w_x08408) ×2']
Tobin Upstream: goal='Hear news from your kin', knows=[], holds=['spark (w_x08409) ×6']
Nan of Ostrelle: goal='Find out how your neighbour is keeping', knows=[], holds=['spark (w_x08410) ×6']
Osanne of Ostrelle: goal='Find out how your neighbour is keeping', knows=[], holds=['spark (w_x08411) ×6']
Colm Nineteen: goal='Keep your clothes dry', knows=[], holds=['spark (w_x08412) ×3']
Cobb of the Shambles: goal='Share a memory of the street', knows=[], holds=['spark (w_x08414) ×2']
Petronel Crake: goal='Keep the household blankets in good order', knows=[], holds=['spark (w_x08416) ×5']
Tib Roper: goal='Find out how your neighbour is keeping', knows=[], holds=['spark (w_x08418) ×5']
Mote Latchkey: goal='Hear news from your kin', knows=[], holds=['spark (w_x08419) ×4']
Rohese Salter: goal='Keep your clothes dry', knows=[], holds=['spark (w_x08420) ×3']
Clemence Shortmeasure: goal='Enjoy a little peace in your neighbourhood', knows=[], holds=['spark (w_x08421) ×3']
Havise of Ostrelle: goal='Share a memory of the street', knows=[], holds=['spark (w_x08422) ×7']
Segwin Salter: goal='Enjoy a little peace in your neighbourhood', knows=[], holds=['spark (w_x08423) ×4']
Clemence the Long: goal='Find out how your neighbour is keeping', knows=[], holds=['spark (w_x08424) ×7']
Corin Coldhands: goal='Keep your clothes dry', knows=[], holds=['spark (w_x08427) ×2']
Noll Latchkey: goal='Hear news from your kin', knows=[], holds=['spark (w_x08428) ×2']
Lise Nineteen: goal='Keep your clothes dry', knows=[], holds=['spark (w_x08430) ×7']
Pin Upstream: goal='Keep your clothes dry', knows=[], holds=['spark (w_x08432) ×2']
Jos of Cinder Row: goal='Hear news from your kin', knows=[], holds=['spark (w_x08434) ×2']
Osanne of the Tenters: goal='Find out how your neighbour is keeping', knows=[], holds=['spark (w_x08438) ×5']
Colm of the Needle: goal='Find out how your neighbour is keeping', knows=[], holds=['spark (w_x08439) ×6']
Averil of the Gutter Steps: goal='Find out how your neighbour is keeping', knows=[], holds=['spark (w_x08440) ×4']
Ib of Cinder Row: goal='Keep your clothes dry', knows=[], holds=['spark (w_x08441) ×5']
Nan of the Gutter Steps: goal='Share a memory of the street', knows=[], holds=['spark (w_x08442) ×5']
Osanne of Ostrelle: goal='Share a memory of the street', knows=[], holds=['spark (w_x08443) ×2']
Clemence Pike: goal='Hear news from your kin', knows=[], holds=['spark (w_x08445) ×5']
Dunstan Salter: goal='Keep your clothes dry', knows=[], holds=['spark (w_x08447) ×3']
Tib Threefinger: goal='Enjoy a little peace in your neighbourhood', knows=[], holds=['spark (w_x08448) ×6']
Dob of the Low Bridge: goal='Enjoy a little peace in your neighbourhood', knows=[], holds=['spark (w_x08449) ×7']
Segwin of the Gutter Steps: goal='Enjoy a little peace in your neighbourhood', knows=[], holds=['spark (w_x08450) ×6']
Havise Pike: goal='Find out how your neighbour is keeping', knows=[], holds=['spark (w_x08451) ×6']
Noll Wetalms: goal='Share a memory of the street', knows=[], holds=['spark (w_x08452) ×2']
Cobb Fitch: goal='Keep the household blankets in good order', knows=[], holds=['spark (w_x08453) ×3']
Ewart Roper: goal='Share a memory of the street', knows=[], holds=['spark (w_x08454) ×7']
Lise Hawser: goal='Share a memory of the street', knows=[], holds=['spark (w_x08456) ×3']
Dob Coldhands: goal='Keep the household blankets in good order', knows=[], holds=['spark (w_x08457) ×7']
Colm Crake: goal='Enjoy a little peace in your neighbourhood', knows=[], holds=['spark (w_x08459) ×6']
Havise Vell: goal='Keep your clothes dry', knows=[], holds=['spark (w_x08460) ×4']
Tobin Upstream: goal='Hear news from your kin', knows=[], holds=['spark (w_x08461) ×7']
Nan Dorn: goal='Share a memory of the street', knows=[], holds=['spark (w_x08462) ×6']
Rohese of Cinder Row: goal='Enjoy a little peace in your neighbourhood', knows=[], holds=['spark (w_x08464) ×4']
Grigor Quern: goal='Keep the household blankets in good order', knows=[], holds=['spark (w_x08465) ×7']
Cobb Vell: goal='Keep your clothes dry', knows=[], holds=['spark (w_x08466) ×2']
Betriss the Lesser: goal='Enjoy a little peace in your neighbourhood', knows=[], holds=['spark (w_x08467) ×3']
Colm Hobbe: goal='Keep the household blankets in good order', knows=[], holds=['spark (w_x08469) ×4']
Ede of Cinder Row: goal='Find out how your neighbour is keeping', knows=[], holds=['spark (w_x08470) ×6']
Idonea Ferrant: goal='Keep the household blankets in good order', knows=[], holds=['spark (w_x08471) ×3']
Tobin Vell: goal='Share a memory of the street', knows=[], holds=['spark (w_x08473) ×7']
Corin Nineteen: goal='Enjoy a little peace in your neighbourhood', knows=[], holds=['spark (w_x08474) ×7']
Idonea Copp: goal='Enjoy a little peace in your neighbourhood', knows=[], holds=['spark (w_x08476) ×4']
Havise of the Slip: goal='Share a memory of the street', knows=[], holds=['spark (w_x08477) ×2']
Rohese Tarn: goal='Find out how your neighbour is keeping', knows=[], holds=['spark (w_x08478) ×5']
Bertran Marle: goal='Share a memory of the street', knows=[], holds=['spark (w_x08481) ×7']
Noll of the Slip: goal='Keep the household blankets in good order', knows=[], holds=['spark (w_x08482) ×3']
Hamel Latchkey: goal='Enjoy a little peace in your neighbourhood', knows=[], holds=['spark (w_x08483) ×3']
Noll of Cinder Row: goal='Keep the household blankets in good order', knows=[], holds=['spark (w_x08485) ×7']
Noll Shortmeasure: goal='Hear news from your kin', knows=[], holds=['spark (w_x08486) ×3']
Sef of the Bellstand: goal='Keep your clothes dry', knows=[], holds=['spark (w_x08493) ×5']
Colm of the Slip: goal='Keep the household blankets in good order', knows=[], holds=['spark (w_x08494) ×7']
Jonet Salter: goal='Enjoy a little peace in your neighbourhood', knows=[], holds=['spark (w_x08497) ×4']
Sibbe Marle: goal='Keep your clothes dry', knows=[], holds=['spark (w_x08499) ×4']
Mote Threefinger: goal='Hear news from your kin', knows=[], holds=['spark (w_x08501) ×5']
Idonea Latchkey: goal='Hear news from your kin', knows=[], holds=['spark (w_x08503) ×6']
Gile Stott: goal='Keep the household blankets in good order', knows=[], holds=['spark (w_x08505) ×3']
Colm Salter: goal='Share a memory of the street', knows=[], holds=['spark (w_x08507) ×7']
Corin Wetalms: goal='Hear news from your kin', knows=[], holds=['spark (w_x08508) ×4']
Clemence of the Tenters: goal='Keep your clothes dry', knows=[], holds=['spark (w_x08509) ×4']
Pin Stott: goal='Hear news from your kin', knows=[], holds=['spark (w_x08510) ×5']
Tib of the Shambles: goal='Keep your clothes dry', knows=[], holds=['spark (w_x08513) ×6']
Gile Rasp: goal='Keep the household blankets in good order', knows=[], holds=['spark (w_x08515) ×6']
Colm Quern: goal='Keep your clothes dry', knows=[], holds=['spark (w_x08516) ×7']
Gile of the Shambles: goal='Find out how your neighbour is keeping', knows=[], holds=['spark (w_x08517) ×5']
Osanne Copp: goal='Keep the household blankets in good order', knows=[], holds=['spark (w_x08518) ×6']
Osanne Roper: goal='Enjoy a little peace in your neighbourhood', knows=[], holds=['spark (w_x08519) ×4']
Dunstan the Lesser: goal='Keep the household blankets in good order', knows=[], holds=['spark (w_x08520) ×3']
Sef of the Shambles: goal='Keep your clothes dry', knows=[], holds=['spark (w_x08523) ×3']
Nan Hawser: goal='Keep your clothes dry', knows=[], holds=['spark (w_x08524) ×2']
Havise Ferrant: goal='Find out how your neighbour is keeping', knows=[], holds=['spark (w_x08525) ×2']
Sibbe Wetalms: goal='Enjoy a little peace in your neighbourhood', knows=[], holds=['spark (w_x08526) ×6']
Betriss Scaffold: goal='Keep your clothes dry', knows=[], holds=['spark (w_x08527) ×6']
Mote the Lesser: goal='Keep your clothes dry', knows=[], holds=['spark (w_x08529) ×5']
Noll Shortmeasure: goal='Keep your clothes dry', knows=[], holds=['spark (w_x08530) ×2']
Corin of the Bellstand: goal='Hear news from your kin', knows=[], holds=['spark (w_x08532) ×7']
Sibbe Marle: goal='Share a memory of the street', knows=[], holds=['spark (w_x08533) ×3']
Ewart Copp: goal='Enjoy a little peace in your neighbourhood', knows=[], holds=['spark (w_x08534) ×4']
Nan Ferrant: goal='Share a memory of the street', knows=[], holds=['spark (w_x08535) ×2']
Lise Scaffold: goal='Find out how your neighbour is keeping', knows=[], holds=['spark (w_x08536) ×2']
Lise Scaffold: goal='Enjoy a little peace in your neighbourhood', knows=[], holds=['spark (w_x08537) ×6']
Jos Skell: goal='Enjoy a little peace in your neighbourhood', knows=[], holds=['spark (w_x08538) ×7']
Nan Hawser: goal='Keep your clothes dry', knows=[], holds=['spark (w_x08539) ×4']
Betriss Skell: goal='Share a memory of the street', knows=[], holds=['spark (w_x08541) ×2']
Ansel Fitch: goal='Enjoy a little peace in your neighbourhood', knows=[], holds=['spark (w_x08542) ×7']
Idonea Quern: goal='Enjoy a little peace in your neighbourhood', knows=[], holds=['spark (w_x08543) ×4']
Bertran Stott: goal='Keep your clothes dry', knows=[], holds=['spark (w_x08544) ×2']
Grigor of Cinder Row: goal='Find out how your neighbour is keeping', knows=[], holds=['spark (w_x08546) ×3']
Ib Coldhands: goal='Find out how your neighbour is keeping', knows=[], holds=['spark (w_x08547) ×6']
Colm Skell: goal='Hear news from your kin', knows=[], holds=['spark (w_x08548) ×2']
Aldith Salter: goal='Keep your clothes dry', knows=[], holds=['spark (w_x08549) ×3']
Bertran of Cinder Row: goal='Hear news from your kin', knows=[], holds=['spark (w_x08550) ×7']
Osanne Coldhands: goal='Share a memory of the street', knows=[], holds=['spark (w_x08551) ×3']
Tib of the Tenters: goal='Find out how your neighbour is keeping', knows=[], holds=['spark (w_x08553) ×7']
Pin Dorn: goal='Keep your clothes dry', knows=[], holds=['spark (w_x08555) ×6']
Sef Coldhands: goal='Hear news from your kin', knows=[], holds=['spark (w_x08556) ×7']
Sibbe of the Tenters: goal='Find out how your neighbour is keeping', knows=[], holds=['spark (w_x08557) ×7']
Tib Rasp: goal='Enjoy a little peace in your neighbourhood', knows=[], holds=['spark (w_x08558) ×2']
Mote Brant: goal='Share a memory of the street', knows=[], holds=['spark (w_x08560) ×6']
Averil Nineteen: goal='Hear news from your kin', knows=[], holds=['spark (w_x08561) ×2']
Sibbe Roper: goal='Hear news from your kin', knows=[], holds=['spark (w_x08562) ×2']
Segwin of the Gutter Steps: goal='Keep the household blankets in good order', knows=[], holds=['spark (w_x08564) ×5']
Ewart Rasp: goal='Keep the household blankets in good order', knows=[], holds=['spark (w_x08565) ×6']
Idonea Tarn: goal='Share a memory of the street', knows=[], holds=['spark (w_x08566) ×2']
Gile the Lesser: goal='Enjoy a little peace in your neighbourhood', knows=[], holds=['spark (w_x08567) ×3']
Tobin Skell: goal='Enjoy a little peace in your neighbourhood', knows=[], holds=['spark (w_x08568) ×2']
Idonea Shortmeasure: goal='Hear news from your kin', knows=[], holds=['spark (w_x08573) ×6']
Averil the Long: goal='Keep your clothes dry', knows=[], holds=['spark (w_x08574) ×6']
Mote Stott: goal='Enjoy a little peace in your neighbourhood', knows=[], holds=['spark (w_x08576) ×3']
Mote the Long: goal='Share a memory of the street', knows=[], holds=['spark (w_x08577) ×2']
Nan Pike: goal='Hear news from your kin', knows=[], holds=['spark (w_x08578) ×3']
Mote Dorn: goal='Keep the household blankets in good order', knows=[], holds=['spark (w_x08579) ×6']
Colm of the Needle: goal='Enjoy a little peace in your neighbourhood', knows=[], holds=['spark (w_x08580) ×5']
Ib Tarn: goal='Enjoy a little peace in your neighbourhood', knows=[], holds=['spark (w_x08581) ×7']
Colm of the Tenters: goal='Keep the household blankets in good order', knows=[], holds=['spark (w_x08582) ×6']
Noll Vell: goal='Keep the household blankets in good order', knows=[], holds=['spark (w_x08583) ×5']
Hamel Hawser: goal='Enjoy a little peace in your neighbourhood', knows=[], holds=['spark (w_x08584) ×3']
Sibbe Stott: goal='Keep your clothes dry', knows=[], holds=['spark (w_x08585) ×6']
Jonet Skell: goal='Hear news from your kin', knows=[], holds=['spark (w_x08587) ×6']
Hamel of the Gutter Steps: goal='Share a memory of the street', knows=[], holds=['spark (w_x08588) ×6']
Havise Salter: goal='Hear news from your kin', knows=[], holds=['spark (w_x08589) ×3']
Ansel Shortmeasure: goal='Share a memory of the street', knows=[], holds=['spark (w_x08590) ×3']
Havise Fitch: goal='Enjoy a little peace in your neighbourhood', knows=[], holds=['spark (w_x08592) ×6']
Bertran Hobbe: goal='Share a memory of the street', knows=[], holds=['spark (w_x08595) ×6']
Rohese Upstream: goal='Keep the household blankets in good order', knows=[], holds=['spark (w_x08596) ×6']
Noll Shortmeasure: goal='Keep the household blankets in good order', knows=[], holds=['spark (w_x08597) ×2']
Tobin Copp: goal='Keep the household blankets in good order', knows=[], holds=['spark (w_x08598) ×5']
Corin of Cinder Row: goal='Enjoy a little peace in your neighbourhood', knows=[], holds=['spark (w_x08600) ×5']
Gile Brant: goal='Enjoy a little peace in your neighbourhood', knows=[], holds=['spark (w_x08602) ×6']
Segwin Vell: goal='Keep the household blankets in good order', knows=[], holds=['spark (w_x08604) ×5']
Noll Marle: goal='Keep your clothes dry', knows=[], holds=['spark (w_x08605) ×2']
Grigor the Long: goal='Share a memory of the street', knows=[], holds=['spark (w_x08607) ×3']
Betriss Hobbe: goal='Find out how your neighbour is keeping', knows=[], holds=['spark (w_x08609) ×2']
Dob of the Shambles: goal='Find out how your neighbour is keeping', knows=[], holds=['spark (w_x08610) ×3']
Nan of the Slip: goal='Keep your clothes dry', knows=[], holds=['spark (w_x08611) ×4']
Lise Nineteen: goal='Keep your clothes dry', knows=[], holds=['spark (w_x08612) ×4']
Jonet Ashe: goal='Keep your clothes dry', knows=[], holds=['spark (w_x08613) ×7']
Betriss of the Needle: goal='Find out how your neighbour is keeping', knows=[], holds=['spark (w_x08615) ×4']
Jonet of the Shambles: goal='Find out how your neighbour is keeping', knows=[], holds=['spark (w_x08616) ×2']
Aldith of Ostrelle: goal='Hear news from your kin', knows=[], holds=['spark (w_x08617) ×7']
Segwin Copp: goal='Find out how your neighbour is keeping', knows=[], holds=['spark (w_x08618) ×6']
Gile Brant: goal='Keep the household blankets in good order', knows=[], holds=['spark (w_x08619) ×6']
Hamel Quern: goal='Find out how your neighbour is keeping', knows=[], holds=['spark (w_x08621) ×4']
Dunstan Roper: goal='Keep your clothes dry', knows=[], holds=['spark (w_x08623) ×3']
Segwin Shortmeasure: goal='Find out how your neighbour is keeping', knows=[], holds=['spark (w_x08624) ×5']
Ansel Rasp: goal='Hear news from your kin', knows=[], holds=['spark (w_x08625) ×5']
Jonet Dorn: goal='Keep your clothes dry', knows=[], holds=['spark (w_x08626) ×6']
Dob Hawser: goal='Enjoy a little peace in your neighbourhood', knows=[], holds=['spark (w_x08627) ×4']
Grigor Shortmeasure: goal='Keep your clothes dry', knows=[], holds=['spark (w_x08628) ×7']
Ansel Skell: goal='Hear news from your kin', knows=[], holds=['spark (w_x08629) ×3']
Clemence Crake: goal='Enjoy a little peace in your neighbourhood', knows=[], holds=['spark (w_x08631) ×4']
Tobin Ashe: goal='Enjoy a little peace in your neighbourhood', knows=[], holds=['spark (w_x08632) ×2']
Mote Sparr: goal='Hear news from your kin', knows=[], holds=['spark (w_x08633) ×4']
Corin Upstream: goal='Keep the household blankets in good order', knows=[], holds=['spark (w_x08634) ×2']
Bertran Latchkey: goal='Enjoy a little peace in your neighbourhood', knows=[], holds=['spark (w_x08635) ×7']
Segwin Coldhands: goal='Share a memory of the street', knows=[], holds=['spark (w_x08636) ×3']
Lise Hobbe: goal='Keep the household blankets in good order', knows=[], holds=['spark (w_x08637) ×4']
Lise of Ostrelle: goal='Find out how your neighbour is keeping', knows=[], holds=['spark (w_x08638) ×6']
Ewart Rasp: goal='Share a memory of the street', knows=[], holds=['spark (w_x08641) ×5']
Osanne Alder: goal='Keep your clothes dry', knows=[], holds=['spark (w_x08642) ×5']
Rohese Hobbe: goal='Share a memory of the street', knows=[], holds=['spark (w_x08643) ×5']
Tobin Stott: goal='Keep your clothes dry', knows=[], holds=['spark (w_x08644) ×5']
Dob Wetalms: goal='Hear news from your kin', knows=[], holds=['spark (w_x08646) ×3']
Rohese Dorn: goal='Enjoy a little peace in your neighbourhood', knows=[], holds=['spark (w_x08647) ×6']
Jos of the Shambles: goal='Keep your clothes dry', knows=[], holds=['spark (w_x08648) ×2']
Rohese of the Needle: goal='Find out how your neighbour is keeping', knows=[], holds=['spark (w_x08649) ×6']
Nan Alder: goal='Enjoy a little peace in your neighbourhood', knows=[], holds=['spark (w_x08650) ×2']
Mote Skell: goal='Enjoy a little peace in your neighbourhood', knows=[], holds=['spark (w_x08651) ×7']
Clemence Shortmeasure: goal='Keep the household blankets in good order', knows=[], holds=['spark (w_x08652) ×2']
Aubin Copp: goal='Hear news from your kin', knows=[], holds=['spark (w_x08653) ×7']
Tib Wetalms: goal='Hear news from your kin', knows=[], holds=['spark (w_x08654) ×3']
Pin of Cinder Row: goal='Enjoy a little peace in your neighbourhood', knows=[], holds=['spark (w_x08655) ×4']
Pin Skell: goal='Hear news from your kin', knows=[], holds=['spark (w_x08656) ×7']
Bertran of the Shambles: goal='Keep your clothes dry', knows=[], holds=['spark (w_x08657) ×3']
Jonet Brant: goal='Enjoy a little peace in your neighbourhood', knows=[], holds=['spark (w_x08658) ×7']
Gile of Ostrelle: goal='Keep the household blankets in good order', knows=[], holds=['spark (w_x08659) ×6']
Jonet of the Shambles: goal='Hear news from your kin', knows=[], holds=['spark (w_x08660) ×6']
Corin of the Bellstand: goal='Keep the household blankets in good order', knows=[], holds=['spark (w_x08662) ×4']
Clemence the Lesser: goal='Keep your clothes dry', knows=[], holds=['spark (w_x08663) ×7']
Idonea Fitch: goal='Keep your clothes dry', knows=[], holds=['spark (w_x08665) ×6']
Osanne Salter: goal='Share a memory of the street', knows=[], holds=['spark (w_x08666) ×6']
Dob of the Tenters: goal='Find out how your neighbour is keeping', knows=[], holds=['spark (w_x08667) ×3']
Osanne Nineteen: goal='Keep your clothes dry', knows=[], holds=['spark (w_x08668) ×7']
Colm Wetalms: goal='Share a memory of the street', knows=[], holds=['spark (w_x08669) ×3']
Pin Ashe: goal='Keep the household blankets in good order', knows=[], holds=['spark (w_x08671) ×7']
Clemence of the Shambles: goal='Share a memory of the street', knows=[], holds=['spark (w_x08672) ×3']
Clemence of the Needle: goal='Find out how your neighbour is keeping', knows=[], holds=['spark (w_x08674) ×6']
Grigor Skell: goal='Find out how your neighbour is keeping', knows=[], holds=['spark (w_x08675) ×4']
Sef Shortmeasure: goal='Hear news from your kin', knows=[], holds=['spark (w_x08676) ×5']
Sef the Lesser: goal='Find out how your neighbour is keeping', knows=[], holds=['spark (w_x08678) ×3']
Petronel Hobbe: goal='Enjoy a little peace in your neighbourhood', knows=[], holds=['spark (w_x08679) ×5']
Ib of the Gutter Steps: goal='Share a memory of the street', knows=[], holds=['spark (w_x08680) ×4']
Dunstan the Lesser: goal='Hear news from your kin', knows=[], holds=['spark (w_x08681) ×4']
Clemence Hawser: goal='Enjoy a little peace in your neighbourhood', knows=[], holds=['spark (w_x08683) ×2']
Cobb of the Bellstand: goal='Enjoy a little peace in your neighbourhood', knows=[], holds=['spark (w_x08684) ×3']
Renn of the Shambles: goal='Keep your clothes dry', knows=[], holds=['spark (w_x08687) ×5']
Grigor Brant: goal='Enjoy a little peace in your neighbourhood', knows=[], holds=['spark (w_x08688) ×6']
Colm Fitch: goal='Share a memory of the street', knows=[], holds=['spark (w_x08689) ×5']
Osanne Tarn: goal='Hear news from your kin', knows=[], holds=['spark (w_x08690) ×4']
Noll Ashe: goal='Keep the household blankets in good order', knows=[], holds=['spark (w_x08693) ×5']
Tib the Long: goal='Keep your clothes dry', knows=[], holds=['spark (w_x08694) ×2']
Ede Roper: goal='Enjoy a little peace in your neighbourhood', knows=[], holds=['spark (w_x08695) ×4']
Lise Stott: goal='Find out how your neighbour is keeping', knows=[], holds=['spark (w_x08696) ×6']
Gile Quern: goal='Enjoy a little peace in your neighbourhood', knows=[], holds=['spark (w_x08697) ×3']
Clemence Nineteen: goal='Enjoy a little peace in your neighbourhood', knows=[], holds=['spark (w_x08699) ×6']
Rohese Hobbe: goal='Keep your clothes dry', knows=[], holds=['spark (w_x08701) ×7']
Colm Alder: goal='Enjoy a little peace in your neighbourhood', knows=[], holds=['spark (w_x08702) ×3']
Hamel Crake: goal='Keep the household blankets in good order', knows=[], holds=['spark (w_x08703) ×3']
Jonet Tarn: goal='Keep the household blankets in good order', knows=[], holds=['spark (w_x08704) ×2']
Ede the Lesser: goal='Enjoy a little peace in your neighbourhood', knows=[], holds=['spark (w_x08705) ×7']
Renn Pike: goal='Enjoy a little peace in your neighbourhood', knows=[], holds=['spark (w_x08706) ×3']
Tib of Ostrelle: goal='Hear news from your kin', knows=[], holds=['spark (w_x08707) ×7']
Ib Tarn: goal='Keep the household blankets in good order', knows=[], holds=['spark (w_x08708) ×5']
Renn Copp: goal='Share a memory of the street', knows=[], holds=['spark (w_x08710) ×3']
Segwin Roper: goal='Enjoy a little peace in your neighbourhood', knows=[], holds=['spark (w_x08711) ×3']
Colm Vell: goal='Keep the household blankets in good order', knows=[], holds=['spark (w_x08712) ×7']
Segwin Fitch: goal='Hear news from your kin', knows=[], holds=['spark (w_x08713) ×4']
Bertran of the Gutter Steps: goal='Keep the household blankets in good order', knows=[], holds=['spark (w_x08714) ×3']
Corin Vell: goal='Enjoy a little peace in your neighbourhood', knows=[], holds=['spark (w_x08715) ×2']
Clemence of the Low Bridge: goal='Hear news from your kin', knows=[], holds=['spark (w_x08716) ×4']
Tobin Alder: goal='Share a memory of the street', knows=[], holds=['spark (w_x08717) ×6']
Tib Skell: goal='Find out how your neighbour is keeping', knows=[], holds=['spark (w_x08718) ×5']
Tobin of the Tenters: goal='Keep the household blankets in good order', knows=[], holds=['spark (w_x08719) ×2']
Jonet Upstream: goal='Enjoy a little peace in your neighbourhood', knows=[], holds=['spark (w_x08721) ×7']
Gile Coldhands: goal='Keep your clothes dry', knows=[], holds=['spark (w_x08722) ×2']
Idonea Salter: goal='Hear news from your kin', knows=[], holds=['spark (w_x08723) ×7']
Gile Fitch: goal='Keep your clothes dry', knows=[], holds=['spark (w_x08724) ×5']
Clemence Hobbe: goal='Enjoy a little peace in your neighbourhood', knows=[], holds=['spark (w_x08726) ×5']
Petronel of the Shambles: goal='Keep your clothes dry', knows=[], holds=['spark (w_x08728) ×2']
Ede Quern: goal='Share a memory of the street', knows=[], holds=['spark (w_x08729) ×2']
Jos of Ostrelle: goal='Find out how your neighbour is keeping', knows=[], holds=['spark (w_x08730) ×7']
Colm Roper: goal='Keep the household blankets in good order', knows=[], holds=['spark (w_x08732) ×6']
Nan Crake: goal='Share a memory of the street', knows=[], holds=['spark (w_x08736) ×4']
Colm of the Tenters: goal='Keep your clothes dry', knows=[], holds=['spark (w_x08737) ×5']
Corin Roper: goal='Hear news from your kin', knows=[], holds=['spark (w_x08738) ×5']
Clemence of the Tenters: goal='Enjoy a little peace in your neighbourhood', knows=[], holds=['spark (w_x08739) ×2']
Colm Marle: goal='Keep your clothes dry', knows=[], holds=['spark (w_x08740) ×6']
Idonea Stott: goal='Keep the household blankets in good order', knows=[], holds=['spark (w_x08741) ×6']
Aubin Crake: goal='Find out how your neighbour is keeping', knows=[], holds=['spark (w_x08742) ×2']
Segwin Upstream: goal='Find out how your neighbour is keeping', knows=[], holds=['spark (w_x08744) ×3']
Renn Upstream: goal='Find out how your neighbour is keeping', knows=[], holds=['spark (w_x08745) ×6']
Cobb Coldhands: goal='Enjoy a little peace in your neighbourhood', knows=[], holds=['spark (w_x08746) ×7']
Jonet Ashe: goal='Share a memory of the street', knows=[], holds=['spark (w_x08747) ×4']
Segwin of the Slip: goal='Keep your clothes dry', knows=[], holds=['spark (w_x08748) ×4']
Aldith Roper: goal='Hear news from your kin', knows=[], holds=['spark (w_x08750) ×6']
Dob Pike: goal='Keep the household blankets in good order', knows=[], holds=['spark (w_x08754) ×2']
Ewart Fitch: goal='Enjoy a little peace in your neighbourhood', knows=[], holds=['spark (w_x08755) ×3']
Tobin Crake: goal='Find out how your neighbour is keeping', knows=[], holds=['spark (w_x08757) ×7']
Sef Nineteen: goal='Hear news from your kin', knows=[], holds=['spark (w_x08758) ×5']
Cobb Dorn: goal='Enjoy a little peace in your neighbourhood', knows=[], holds=['spark (w_x08761) ×6']
Tib Stott: goal='Hear news from your kin', knows=[], holds=['spark (w_x08762) ×7']
Segwin of the Shambles: goal='Find out how your neighbour is keeping', knows=[], holds=['spark (w_x08764) ×3']
Averil Ferrant: goal='Keep your clothes dry', knows=[], holds=['spark (w_x08765) ×5']
Bertran of the Bellstand: goal='Enjoy a little peace in your neighbourhood', knows=[], holds=['spark (w_x08766) ×3']
Lise of Ostrelle: goal='Find out how your neighbour is keeping', knows=[], holds=['spark (w_x08767) ×7']
Mote Skell: goal='Share a memory of the street', knows=[], holds=['spark (w_x08768) ×4']
Tobin Latchkey: goal='Share a memory of the street', knows=[], holds=['spark (w_x08769) ×4']
Havise Sparr: goal='Keep the household blankets in good order', knows=[], holds=['spark (w_x08770) ×3']
Bertran the Long: goal='Enjoy a little peace in your neighbourhood', knows=[], holds=['spark (w_x08771) ×7']
Ede Brant: goal='Hear news from your kin', knows=[], holds=['spark (w_x08772) ×2']
Corin Marle: goal='Find out how your neighbour is keeping', knows=[], holds=['spark (w_x08773) ×3']
Segwin of the Low Bridge: goal='Find out how your neighbour is keeping', knows=[], holds=['spark (w_x08774) ×3']
Petronel Stott: goal='Keep the household blankets in good order', knows=[], holds=['spark (w_x08775) ×3']
Colm Scaffold: goal='Find out how your neighbour is keeping', knows=[], holds=['spark (w_x08776) ×7']
Betriss Ashe: goal='Share a memory of the street', knows=[], holds=['spark (w_x08777) ×6']
Dunstan Hawser: goal='Find out how your neighbour is keeping', knows=[], holds=['spark (w_x08778) ×6']
Hamel Rasp: goal='Keep the household blankets in good order', knows=[], holds=['spark (w_x08779) ×2']
Havise Scaffold: goal='Share a memory of the street', knows=[], holds=['spark (w_x08780) ×5']
Jonet Rasp: goal='Keep the household blankets in good order', knows=[], holds=['spark (w_x08781) ×7']
Corin of the Low Bridge: goal='Enjoy a little peace in your neighbourhood', knows=[], holds=['spark (w_x08782) ×3']
Cobb Roper: goal='Find out how your neighbour is keeping', knows=[], holds=['spark (w_x08783) ×5']
Averil Tarn: goal='Enjoy a little peace in your neighbourhood', knows=[], holds=['spark (w_x08784) ×2']
Bertran Skell: goal='Keep the household blankets in good order', knows=[], holds=['spark (w_x08785) ×2']
Aldith Tarn: goal='Enjoy a little peace in your neighbourhood', knows=[], holds=['spark (w_x08789) ×6']
Noll of the Gutter Steps: goal='Find out how your neighbour is keeping', knows=[], holds=['spark (w_x08791) ×6']
Ede Scaffold: goal='Hear news from your kin', knows=[], holds=['spark (w_x08792) ×7']
Idonea Crake: goal='Keep your clothes dry', knows=[], holds=['spark (w_x08793) ×6']
Osanne of the Low Bridge: goal='Enjoy a little peace in your neighbourhood', knows=[], holds=['spark (w_x08794) ×7']
Dob Alder: goal='Hear news from your kin', knows=[], holds=['spark (w_x08795) ×2']
Rohese of the Low Bridge: goal='Keep your clothes dry', knows=[], holds=['spark (w_x08796) ×7']
Havise of Ostrelle: goal='Hear news from your kin', knows=[], holds=['spark (w_x08797) ×5']
Sibbe Fitch: goal='Keep your clothes dry', knows=[], holds=['spark (w_x08798) ×4']
Dunstan the Lesser: goal='Enjoy a little peace in your neighbourhood', knows=[], holds=['spark (w_x08799) ×5']
Tib Latchkey: goal='Hear news from your kin', knows=[], holds=['spark (w_x08800) ×5']
Osanne Threefinger: goal='Keep the household blankets in good order', knows=[], holds=['spark (w_x08802) ×6']
Osanne Roper: goal='Keep the household blankets in good order', knows=[], holds=['spark (w_x08805) ×5']
Nan Hawser: goal='Enjoy a little peace in your neighbourhood', knows=[], holds=['spark (w_x08806) ×6']
Idonea of the Shambles: goal='Hear news from your kin', knows=[], holds=['spark (w_x08808) ×4']
Ansel Brant: goal='Share a memory of the street', knows=[], holds=['spark (w_x08810) ×2']
Tobin of Cinder Row: goal='Keep your clothes dry', knows=[], holds=['spark (w_x08811) ×6']
Sef Brant: goal='Keep your clothes dry', knows=[], holds=['spark (w_x08812) ×6']
Jos of the Low Bridge: goal='Enjoy a little peace in your neighbourhood', knows=[], holds=['spark (w_x08813) ×4']
Gile the Long: goal='Share a memory of the street', knows=[], holds=['spark (w_x08814) ×7']
Mote Nineteen: goal='Keep your clothes dry', knows=[], holds=['spark (w_x08815) ×4']
Cobb Ashe: goal='Share a memory of the street', knows=[], holds=['spark (w_x08816) ×6']
Averil of the Slip: goal='Enjoy a little peace in your neighbourhood', knows=[], holds=['spark (w_x08817) ×7']
Rohese Brant: goal='Enjoy a little peace in your neighbourhood', knows=[], holds=['spark (w_x08818) ×3']
Sibbe of Cinder Row: goal='Keep your clothes dry', knows=[], holds=['spark (w_x08819) ×7']
Averil Latchkey: goal='Find out how your neighbour is keeping', knows=[], holds=['spark (w_x08820) ×4']
Hamel Quern: goal='Share a memory of the street', knows=[], holds=['spark (w_x08821) ×5']
Gile Vell: goal='Keep the household blankets in good order', knows=[], holds=['spark (w_x08824) ×2']
Havise of Cinder Row: goal='Keep your clothes dry', knows=[], holds=['spark (w_x08826) ×5']
Jos Marle: goal='Keep your clothes dry', knows=[], holds=['spark (w_x08828) ×5']
Aubin Roper: goal='Enjoy a little peace in your neighbourhood', knows=[], holds=['spark (w_x08830) ×3']
Jonet Roper: goal='Find out how your neighbour is keeping', knows=[], holds=['spark (w_x08831) ×3']
Dunstan Wetalms: goal='Keep your clothes dry', knows=[], holds=['spark (w_x08832) ×5']
Mote Fitch: goal='Hear news from your kin', knows=[], holds=['spark (w_x08833) ×5']
Ede Crake: goal='Share a memory of the street', knows=[], holds=['spark (w_x08834) ×6']
Pin Upstream: goal='Find out how your neighbour is keeping', knows=[], holds=['spark (w_x08835) ×5']
Renn Quern: goal='Keep your clothes dry', knows=[], holds=['spark (w_x08836) ×6']
Dob Stott: goal='Keep your clothes dry', knows=[], holds=['spark (w_x08837) ×3']
Osanne Scaffold: goal='Hear news from your kin', knows=[], holds=['spark (w_x08838) ×7']
Aldith Marle: goal='Keep your clothes dry', knows=[], holds=['spark (w_x08839) ×4']
Mote Pike: goal='Find out how your neighbour is keeping', knows=[], holds=['spark (w_x08840) ×7']
Hamel Hobbe: goal='Keep your clothes dry', knows=[], holds=['spark (w_x08842) ×7']
Tobin Roper: goal='Find out how your neighbour is keeping', knows=[], holds=['spark (w_x08843) ×7']
Rohese Crake: goal='Share a memory of the street', knows=[], holds=['spark (w_x08844) ×4']
Mote of the Low Bridge: goal='Share a memory of the street', knows=[], holds=['spark (w_x08845) ×5']
Osanne the Long: goal='Keep your clothes dry', knows=[], holds=['spark (w_x08846) ×5']
Hamel Stott: goal='Hear news from your kin', knows=[], holds=['spark (w_x08847) ×6']
Averil Quern: goal='Enjoy a little peace in your neighbourhood', knows=[], holds=['spark (w_x08848) ×7']
Tib Sparr: goal='Keep your clothes dry', knows=[], holds=['spark (w_x08849) ×5']
Ewart Scaffold: goal='Keep the household blankets in good order', knows=[], holds=['spark (w_x08850) ×5']
Ede Wetalms: goal='Enjoy a little peace in your neighbourhood', knows=[], holds=['spark (w_x08852) ×5']
Segwin of the Low Bridge: goal='Enjoy a little peace in your neighbourhood', knows=[], holds=['spark (w_x08853) ×7']
Aldith Roper: goal='Find out how your neighbour is keeping', knows=[], holds=['spark (w_x08854) ×3']
Pin of the Gutter Steps: goal='Hear news from your kin', knows=[], holds=['spark (w_x08855) ×3']
Averil the Long: goal='Share a memory of the street', knows=[], holds=['spark (w_x08857) ×2']
Tib Upstream: goal='Keep your clothes dry', knows=[], holds=['spark (w_x08858) ×7']
Betriss Roper: goal='Keep your clothes dry', knows=[], holds=['spark (w_x08859) ×2']
Segwin of the Slip: goal='Enjoy a little peace in your neighbourhood', knows=[], holds=['spark (w_x08860) ×6']
Jos Scaffold: goal='Hear news from your kin', knows=[], holds=['spark (w_x08861) ×3']
Gile Pike: goal='Hear news from your kin', knows=[], holds=['spark (w_x08862) ×4']
Betriss of Ostrelle: goal='Find out how your neighbour is keeping', knows=[], holds=['spark (w_x08863) ×3']
Clemence Brant: goal='Find out how your neighbour is keeping', knows=[], holds=['spark (w_x08864) ×3']
Noll Shortmeasure: goal='Share a memory of the street', knows=[], holds=['spark (w_x08865) ×7']
Ib Salter: goal='Keep your clothes dry', knows=[], holds=['spark (w_x08866) ×2']
Tib Alder: goal='Hear news from your kin', knows=[], holds=['spark (w_x08867) ×6']
Gile Ferrant: goal='Keep your clothes dry', knows=[], holds=['spark (w_x08868) ×7']
Cobb Dorn: goal='Find out how your neighbour is keeping', knows=[], holds=['spark (w_x08869) ×5']
Mote Vell: goal='Enjoy a little peace in your neighbourhood', knows=[], holds=['spark (w_x08870) ×6']
Ib Pike: goal='Keep your clothes dry', knows=[], holds=['spark (w_x08872) ×2']
Gile Salter: goal='Share a memory of the street', knows=[], holds=['spark (w_x08873) ×4']
Betriss Tarn: goal='Keep the household blankets in good order', knows=[], holds=['spark (w_x08874) ×3']
Betriss Latchkey: goal='Share a memory of the street', knows=[], holds=['spark (w_x08875) ×4']
Bertran Copp: goal='Keep your clothes dry', knows=[], holds=['spark (w_x08876) ×5']
Pin Wetalms: goal='Find out how your neighbour is keeping', knows=[], holds=['spark (w_x08878) ×3']
Grigor Tarn: goal='Find out how your neighbour is keeping', knows=[], holds=['spark (w_x08879) ×2']
Ansel Crake: goal='Enjoy a little peace in your neighbourhood', knows=[], holds=['spark (w_x08880) ×2']
Pin Brant: goal='Hear news from your kin', knows=[], holds=['spark (w_x08881) ×3']
Segwin Brant: goal='Hear news from your kin', knows=[], holds=['spark (w_x08883) ×7']
Sibbe Roper: goal='Keep your clothes dry', knows=[], holds=['spark (w_x08885) ×4']
Mote Salter: goal='Find out how your neighbour is keeping', knows=[], holds=['spark (w_x08886) ×3']
Lise Pike: goal='Hear news from your kin', knows=[], holds=['spark (w_x08890) ×2']
Cobb Latchkey: goal='Find out how your neighbour is keeping', knows=[], holds=['spark (w_x08891) ×5']
Sibbe of the Bellstand: goal='Enjoy a little peace in your neighbourhood', knows=[], holds=['spark (w_x08893) ×6']
Cobb of the Tenters: goal='Hear news from your kin', knows=[], holds=['spark (w_x08895) ×6']
Colm Hawser: goal='Keep the household blankets in good order', knows=[], holds=['spark (w_x08897) ×4']
Ede of Ostrelle: goal='Keep the household blankets in good order', knows=[], holds=['spark (w_x08900) ×4']
Cobb Shortmeasure: goal='Keep your clothes dry', knows=[], holds=['spark (w_x08901) ×2']
Hamel Sparr: goal='Hear news from your kin', knows=[], holds=['spark (w_x08902) ×7']
Lise Coldhands: goal='Keep your clothes dry', knows=[], holds=['spark (w_x08904) ×4']
Dunstan Latchkey: goal='Enjoy a little peace in your neighbourhood', knows=[], holds=['spark (w_x08905) ×6']
Clemence of the Low Bridge: goal='Share a memory of the street', knows=[], holds=['spark (w_x08906) ×7']
Segwin Fitch: goal='Enjoy a little peace in your neighbourhood', knows=[], holds=['spark (w_x08908) ×5']
Sibbe Copp: goal='Enjoy a little peace in your neighbourhood', knows=[], holds=['spark (w_x08909) ×6']
Pin Fitch: goal='Keep your clothes dry', knows=[], holds=['spark (w_x08910) ×4']
Grigor Latchkey: goal='Share a memory of the street', knows=[], holds=['spark (w_x08911) ×2']
Tib Vell: goal='Find out how your neighbour is keeping', knows=[], holds=['spark (w_x08913) ×5']
Dunstan of the Slip: goal='Hear news from your kin', knows=[], holds=['spark (w_x08914) ×7']
Averil Hawser: goal='Find out how your neighbour is keeping', knows=[], holds=['spark (w_x08915) ×6']
Havise Alder: goal='Enjoy a little peace in your neighbourhood', knows=[], holds=['spark (w_x08916) ×4']
Sibbe Salter: goal='Hear news from your kin', knows=[], holds=['spark (w_x08917) ×3']
Corin Skell: goal='Keep your clothes dry', knows=[], holds=['spark (w_x08918) ×6']
Segwin Stott: goal='Enjoy a little peace in your neighbourhood', knows=[], holds=['spark (w_x08919) ×5']
Colm Marle: goal='Find out how your neighbour is keeping', knows=[], holds=['spark (w_x08921) ×2']
Idonea of the Gutter Steps: goal='Keep your clothes dry', knows=[], holds=['spark (w_x08922) ×6']
Dob of the Slip: goal='Enjoy a little peace in your neighbourhood', knows=[], holds=['spark (w_x08923) ×7']
Segwin of Cinder Row: goal='Keep the household blankets in good order', knows=[], holds=['spark (w_x08924) ×6']
Ansel Brant: goal='Hear news from your kin', knows=[], holds=['spark (w_x08925) ×6']
Pin of the Bellstand: goal='Hear news from your kin', knows=[], holds=['spark (w_x08928) ×7']
Tobin of Ostrelle: goal='Find out how your neighbour is keeping', knows=[], holds=['spark (w_x08930) ×2']
Dunstan Hawser: goal='Hear news from your kin', knows=[], holds=['spark (w_x08932) ×4']
Jonet Hawser: goal='Keep the household blankets in good order', knows=[], holds=['spark (w_x08933) ×6']
Hamel of the Low Bridge: goal='Keep the household blankets in good order', knows=[], holds=['spark (w_x08934) ×5']
Segwin Scaffold: goal='Share a memory of the street', knows=[], holds=['spark (w_x08935) ×6']
Corin Stott: goal='Share a memory of the street', knows=[], holds=['spark (w_x08936) ×5']
Segwin the Lesser: goal='Enjoy a little peace in your neighbourhood', knows=[], holds=['spark (w_x08937) ×7']
Mote Copp: goal='Keep the household blankets in good order', knows=[], holds=['spark (w_x08938) ×6']
Jonet Dorn: goal='Share a memory of the street', knows=[], holds=['spark (w_x08939) ×4']
Pin Salter: goal='Share a memory of the street', knows=[], holds=['spark (w_x08940) ×5']
Tib Sparr: goal='Keep the household blankets in good order', knows=[], holds=['spark (w_x08941) ×5']
Sibbe Brant: goal='Share a memory of the street', knows=[], holds=['spark (w_x08942) ×5']
Idonea Skell: goal='Find out how your neighbour is keeping', knows=[], holds=['spark (w_x08943) ×3']
Segwin Stott: goal='Keep your clothes dry', knows=[], holds=['spark (w_x08944) ×7']
Ansel Shortmeasure: goal='Keep the household blankets in good order', knows=[], holds=['spark (w_x08945) ×2']
Ewart of the Shambles: goal='Enjoy a little peace in your neighbourhood', knows=[], holds=['spark (w_x08947) ×5']
Grigor Marle: goal='Hear news from your kin', knows=[], holds=['spark (w_x08948) ×5']
Pin Pike: goal='Hear news from your kin', knows=[], holds=['spark (w_x08949) ×3']
Sibbe Shortmeasure: goal='Enjoy a little peace in your neighbourhood', knows=[], holds=['spark (w_x08950) ×6']
Mote Stott: goal='Keep your clothes dry', knows=[], holds=['spark (w_x08951) ×3']
Rohese Upstream: goal='Keep the household blankets in good order', knows=[], holds=['spark (w_x08952) ×3']
Ansel Crake: goal='Keep your clothes dry', knows=[], holds=['spark (w_x08953) ×5']
Petronel Crake: goal='Hear news from your kin', knows=[], holds=['spark (w_x08954) ×4']
Aldith the Long: goal='Enjoy a little peace in your neighbourhood', knows=[], holds=['spark (w_x08956) ×2']
Averil Latchkey: goal='Keep your clothes dry', knows=[], holds=['spark (w_x08957) ×4']
Mote Wetalms: goal='Hear news from your kin', knows=[], holds=['spark (w_x08958) ×3']
Ib Brant: goal='Keep the household blankets in good order', knows=[], holds=['spark (w_x08959) ×3']
Ib Marle: goal='Keep the household blankets in good order', knows=[], holds=['spark (w_x08960) ×3']
Idonea Skell: goal='Hear news from your kin', knows=[], holds=['spark (w_x08961) ×6']
Lise of Ostrelle: goal='Keep your clothes dry', knows=[], holds=['spark (w_x08962) ×3']
Corin Hawser: goal='Find out how your neighbour is keeping', knows=[], holds=['spark (w_x08963) ×7']
Averil Sparr: goal='Find out how your neighbour is keeping', knows=[], holds=['spark (w_x08964) ×3']
Segwin Alder: goal='Keep the household blankets in good order', knows=[], holds=['spark (w_x08967) ×6']
Hamel Vell: goal='Enjoy a little peace in your neighbourhood', knows=[], holds=['spark (w_x08968) ×4']
Corin Dorn: goal='Find out how your neighbour is keeping', knows=[], holds=['spark (w_x08969) ×6']
Betriss Alder: goal='Enjoy a little peace in your neighbourhood', knows=[], holds=['spark (w_x08970) ×2']
Nan Stott: goal='Share a memory of the street', knows=[], holds=['spark (w_x08971) ×3']
Aubin Skell: goal='Keep your clothes dry', knows=[], holds=['spark (w_x08974) ×7']
Hamel of the Gutter Steps: goal='Keep the household blankets in good order', knows=[], holds=['spark (w_x08975) ×7']
Bertran Threefinger: goal='Share a memory of the street', knows=[], holds=['spark (w_x08976) ×3']
Rohese of Cinder Row: goal='Keep the household blankets in good order', knows=[], holds=['spark (w_x08977) ×4']
Dob of the Shambles: goal='Keep the household blankets in good order', knows=[], holds=['spark (w_x08979) ×5']
Jonet Coldhands: goal='Keep the household blankets in good order', knows=[], holds=['spark (w_x08980) ×4']
Ewart of the Needle: goal='Share a memory of the street', knows=[], holds=['spark (w_x08984) ×6']
Ede Ashe: goal='Share a memory of the street', knows=[], holds=['spark (w_x08986) ×4']
Averil Brant: goal='Enjoy a little peace in your neighbourhood', knows=[], holds=['spark (w_x08987) ×6']
Ede of Ostrelle: goal='Keep the household blankets in good order', knows=[], holds=['spark (w_x08988) ×2']
Havise Copp: goal='Enjoy a little peace in your neighbourhood', knows=[], holds=['spark (w_x08989) ×5']
Ede Hobbe: goal='Share a memory of the street', knows=[], holds=['spark (w_x08990) ×3']
Hamel of the Gutter Steps: goal='Keep your clothes dry', knows=[], holds=['spark (w_x08991) ×4']
Lise Hobbe: goal='Keep your clothes dry', knows=[], holds=['spark (w_x08993) ×4']
Corin Hawser: goal='Keep the household blankets in good order', knows=[], holds=['spark (w_x08994) ×7']
Nan of the Low Bridge: goal='Keep your clothes dry', knows=[], holds=['spark (w_x08996) ×5']
Idonea Copp: goal='Keep the household blankets in good order', knows=[], holds=['spark (w_x08997) ×2']
Dunstan Upstream: goal='Keep the household blankets in good order', knows=[], holds=['spark (w_x08998) ×4']
Ewart Crake: goal='Enjoy a little peace in your neighbourhood', knows=[], holds=['spark (w_x09000) ×5']
Renn of the Slip: goal='Share a memory of the street', knows=[], holds=['spark (w_x09002) ×6']
Nan Hawser: goal='Find out how your neighbour is keeping', knows=[], holds=['spark (w_x09003) ×5']
Sibbe Roper: goal='Hear news from your kin', knows=[], holds=['spark (w_x09004) ×7']
Ede Skell: goal='Share a memory of the street', knows=[], holds=['spark (w_x09006) ×4']
Tib Nineteen: goal='Find out how your neighbour is keeping', knows=[], holds=['spark (w_x09007) ×3']
Dunstan of Ostrelle: goal='Keep your clothes dry', knows=[], holds=['spark (w_x09009) ×6']
Pin the Long: goal='Keep the household blankets in good order', knows=[], holds=['spark (w_x09010) ×7']
Corin Ferrant: goal='Hear news from your kin', knows=[], holds=['spark (w_x09011) ×6']
Sibbe Salter: goal='Share a memory of the street', knows=[], holds=['spark (w_x09012) ×3']
Pin Shortmeasure: goal='Hear news from your kin', knows=[], holds=['spark (w_x09015) ×5']
Idonea of the Needle: goal='Keep the household blankets in good order', knows=[], holds=['spark (w_x09016) ×2']
Hamel Latchkey: goal='Find out how your neighbour is keeping', knows=[], holds=['spark (w_x09017) ×3']
Rohese of the Bellstand: goal='Share a memory of the street', knows=[], holds=['spark (w_x09018) ×5']
Grigor Wetalms: goal='Keep your clothes dry', knows=[], holds=['spark (w_x09019) ×5']
Betriss Ashe: goal='Enjoy a little peace in your neighbourhood', knows=[], holds=['spark (w_x09020) ×7']
Noll of the Tenters: goal='Enjoy a little peace in your neighbourhood', knows=[], holds=['spark (w_x09021) ×4']
Rohese Shortmeasure: goal='Keep the household blankets in good order', knows=[], holds=['spark (w_x09023) ×2']
Jonet Latchkey: goal='Find out how your neighbour is keeping', knows=[], holds=['spark (w_x09024) ×3']
Sibbe Dorn: goal='Keep your clothes dry', knows=[], holds=['spark (w_x09026) ×4']
Segwin Latchkey: goal='Keep your clothes dry', knows=[], holds=['spark (w_x09027) ×6']
Jos of Cinder Row: goal='Find out how your neighbour is keeping', knows=[], holds=['spark (w_x09028) ×2']
Clemence Tarn: goal='Share a memory of the street', knows=[], holds=['spark (w_x09029) ×5']
Ewart Marle: goal='Enjoy a little peace in your neighbourhood', knows=[], holds=['spark (w_x09031) ×5']
Averil Rasp: goal='Hear news from your kin', knows=[], holds=['spark (w_x09032) ×6']
Jonet Fitch: goal='Keep your clothes dry', knows=[], holds=['spark (w_x09033) ×7']
Petronel of the Gutter Steps: goal='Hear news from your kin', knows=[], holds=['spark (w_x09034) ×3']
Hamel Tarn: goal='Enjoy a little peace in your neighbourhood', knows=[], holds=['spark (w_x09035) ×4']
Lise Ashe: goal='Hear news from your kin', knows=[], holds=['spark (w_x09037) ×3']
Segwin Scaffold: goal='Hear news from your kin', knows=[], holds=['spark (w_x09039) ×3']
Ansel of the Low Bridge: goal='Share a memory of the street', knows=[], holds=['spark (w_x09040) ×6']
Tobin of the Gutter Steps: goal='Find out how your neighbour is keeping', knows=[], holds=['spark (w_x09041) ×3']
Colm Dorn: goal='Keep the household blankets in good order', knows=[], holds=['spark (w_x09042) ×3']
Clemence of the Shambles: goal='Find out how your neighbour is keeping', knows=[], holds=['spark (w_x09043) ×2']
Corin Threefinger: goal='Enjoy a little peace in your neighbourhood', knows=[], holds=['spark (w_x09045) ×2']
Hamel Roper: goal='Find out how your neighbour is keeping', knows=[], holds=['spark (w_x09046) ×5']
Hamel Scaffold: goal='Share a memory of the street', knows=[], holds=['spark (w_x09047) ×7']
Betriss Sparr: goal='Keep the household blankets in good order', knows=[], holds=['spark (w_x09048) ×7']
Lise of Ostrelle: goal='Hear news from your kin', knows=[], holds=['spark (w_x09050) ×4']
Grigor Crake: goal='Keep the household blankets in good order', knows=[], holds=['spark (w_x09051) ×7']
Betriss Nineteen: goal='Hear news from your kin', knows=[], holds=['spark (w_x09052) ×7']
Ib Hobbe: goal='Enjoy a little peace in your neighbourhood', knows=[], holds=['spark (w_x09053) ×4']
Dunstan Ferrant: goal='Share a memory of the street', knows=[], holds=['spark (w_x09055) ×3']
Hamel of Cinder Row: goal='Keep the household blankets in good order', knows=[], holds=['spark (w_x09056) ×7']
Colm Dorn: goal='Keep your clothes dry', knows=[], holds=['spark (w_x09057) ×5']
Jos the Long: goal='Keep your clothes dry', knows=[], holds=['spark (w_x09058) ×5']
Ewart Shortmeasure: goal='Enjoy a little peace in your neighbourhood', knows=[], holds=['spark (w_x09060) ×6']
Segwin Stott: goal='Enjoy a little peace in your neighbourhood', knows=[], holds=['spark (w_x09061) ×5']
Dob of the Gutter Steps: goal='Hear news from your kin', knows=[], holds=['spark (w_x09062) ×6']
Sef of the Slip: goal='Share a memory of the street', knows=[], holds=['spark (w_x09064) ×6']
Lise Quern: goal='Keep your clothes dry', knows=[], holds=['spark (w_x09065) ×3']
Aubin Quern: goal='Keep your clothes dry', knows=[], holds=['spark (w_x09067) ×7']
Aubin of the Slip: goal='Enjoy a little peace in your neighbourhood', knows=[], holds=['spark (w_x09068) ×3']
Clemence Marle: goal='Keep your clothes dry', knows=[], holds=['spark (w_x09069) ×4']
Clemence Wetalms: goal='Keep the household blankets in good order', knows=[], holds=['spark (w_x09070) ×6']
Averil Marle: goal='Share a memory of the street', knows=[], holds=['spark (w_x09071) ×2']
Bertran Sparr: goal='Share a memory of the street', knows=[], holds=['spark (w_x09072) ×4']
Segwin Crake: goal='Keep the household blankets in good order', knows=[], holds=['spark (w_x09073) ×4']
Averil Copp: goal='Keep your clothes dry', knows=[], holds=['spark (w_x09074) ×4']
Idonea Skell: goal='Keep your clothes dry', knows=[], holds=['spark (w_x09075) ×3']
Pin of the Tenters: goal='Share a memory of the street', knows=[], holds=['spark (w_x09076) ×7']
Segwin Brant: goal='Enjoy a little peace in your neighbourhood', knows=[], holds=['spark (w_x09078) ×7']
Cobb Stott: goal='Hear news from your kin', knows=[], holds=['spark (w_x09080) ×3']
Lise Skell: goal='Find out how your neighbour is keeping', knows=[], holds=['spark (w_x09082) ×2']
Havise Threefinger: goal='Find out how your neighbour is keeping', knows=[], holds=['spark (w_x09084) ×4']
Lise Salter: goal='Enjoy a little peace in your neighbourhood', knows=[], holds=['spark (w_x09085) ×2']
Osanne of the Slip: goal='Find out how your neighbour is keeping', knows=[], holds=['spark (w_x09086) ×5']
Tobin Nineteen: goal='Enjoy a little peace in your neighbourhood', knows=[], holds=['spark (w_x09087) ×6']
Petronel Sparr: goal='Find out how your neighbour is keeping', knows=[], holds=['spark (w_x09089) ×4']
Dunstan the Lesser: goal='Keep the household blankets in good order', knows=[], holds=['spark (w_x09091) ×3']
Jonet Wetalms: goal='Enjoy a little peace in your neighbourhood', knows=[], holds=['spark (w_x09092) ×4']
Ansel Alder: goal='Keep the household blankets in good order', knows=[], holds=['spark (w_x09093) ×4']
Ansel of Cinder Row: goal='Enjoy a little peace in your neighbourhood', knows=[], holds=['spark (w_x09096) ×6']
Betriss of the Shambles: goal='Keep your clothes dry', knows=[], holds=['spark (w_x09097) ×3']
Sef Stott: goal='Keep your clothes dry', knows=[], holds=['spark (w_x09098) ×5']
Bertran of the Slip: goal='Share a memory of the street', knows=[], holds=['spark (w_x09100) ×3']
Sef Hawser: goal='Hear news from your kin', knows=[], holds=['spark (w_x09101) ×7']
Nan of Cinder Row: goal='Share a memory of the street', knows=[], holds=['spark (w_x09102) ×3']
Dob Sparr: goal='Share a memory of the street', knows=[], holds=['spark (w_x09103) ×6']
Idonea Salter: goal='Share a memory of the street', knows=[], holds=['spark (w_x09104) ×6']
Tib of the Shambles: goal='Hear news from your kin', knows=[], holds=['spark (w_x09105) ×4']
Renn Roper: goal='Keep the household blankets in good order', knows=[], holds=['spark (w_x09106) ×7']
Ib Rasp: goal='Enjoy a little peace in your neighbourhood', knows=[], holds=['spark (w_x09107) ×3']
Sef of the Shambles: goal='Keep your clothes dry', knows=[], holds=['spark (w_x09108) ×3']
Lise Upstream: goal='Hear news from your kin', knows=[], holds=['spark (w_x09109) ×2']
Havise of Cinder Row: goal='Keep your clothes dry', knows=[], holds=['spark (w_x09110) ×5']
Aubin of the Needle: goal='Enjoy a little peace in your neighbourhood', knows=[], holds=['spark (w_x09113) ×3']
Ede of the Low Bridge: goal='Find out how your neighbour is keeping', knows=[], holds=['spark (w_x09120) ×4']
Mote Threefinger: goal='Keep your clothes dry', knows=[], holds=['spark (w_x09121) ×3']
Havise Coldhands: goal='Share a memory of the street', knows=[], holds=['spark (w_x09122) ×2']
Mote of the Gutter Steps: goal='Keep your clothes dry', knows=[], holds=['spark (w_x09123) ×6']
Aubin Brant: goal='Find out how your neighbour is keeping', knows=[], holds=['spark (w_x09124) ×3']
Segwin Pike: goal='Find out how your neighbour is keeping', knows=[], holds=['spark (w_x09125) ×5']
Idonea of Cinder Row: goal='Keep the household blankets in good order', knows=[], holds=['spark (w_x09127) ×5']
Grigor Tarn: goal='Hear news from your kin', knows=[], holds=['spark (w_x09128) ×7']
Segwin of the Gutter Steps: goal='Hear news from your kin', knows=[], holds=['spark (w_x09129) ×2']
Tib Sparr: goal='Keep the household blankets in good order', knows=[], holds=['spark (w_x09130) ×4']
Clemence of Cinder Row: goal='Keep the household blankets in good order', knows=[], holds=['spark (w_x09131) ×5']
Sef Rasp: goal='Enjoy a little peace in your neighbourhood', knows=[], holds=['spark (w_x09133) ×5']
Aldith Hobbe: goal='Enjoy a little peace in your neighbourhood', knows=[], holds=['spark (w_x09134) ×2']
Aldith Scaffold: goal='Keep your clothes dry', knows=[], holds=['spark (w_x09135) ×5']
Idonea of the Needle: goal='Keep your clothes dry', knows=[], holds=['spark (w_x09136) ×7']
Idonea Threefinger: goal='Hear news from your kin', knows=[], holds=['spark (w_x09137) ×2']
Sibbe Alder: goal='Share a memory of the street', knows=[], holds=['spark (w_x09141) ×6']
Rohese Scaffold: goal='Keep your clothes dry', knows=[], holds=['spark (w_x09143) ×4']
Clemence of the Gutter Steps: goal='Hear news from your kin', knows=[], holds=['spark (w_x09144) ×5']
Lise of Cinder Row: goal='Enjoy a little peace in your neighbourhood', knows=[], holds=['spark (w_x09145) ×2']
Sef Coldhands: goal='Keep the household blankets in good order', knows=[], holds=['spark (w_x09146) ×6']
Lise of Cinder Row: goal='Keep the household blankets in good order', knows=[], holds=['spark (w_x09147) ×2']
Havise Vell: goal='Hear news from your kin', knows=[], holds=['spark (w_x09148) ×2']
Ib Quern: goal='Enjoy a little peace in your neighbourhood', knows=[], holds=['spark (w_x09150) ×5']
Ewart Rasp: goal='Find out how your neighbour is keeping', knows=[], holds=['spark (w_x09151) ×2']
Sibbe Marle: goal='Keep your clothes dry', knows=[], holds=['spark (w_x09153) ×7']
Lise of the Bellstand: goal='Find out how your neighbour is keeping', knows=[], holds=['spark (w_x09154) ×6']
Cobb Fitch: goal='Keep the household blankets in good order', knows=[], holds=['spark (w_x09155) ×7']
Renn Salter: goal='Share a memory of the street', knows=[], holds=['spark (w_x09156) ×7']
Aldith Quern: goal='Share a memory of the street', knows=[], holds=['spark (w_x09157) ×3']
Jonet Wetalms: goal='Hear news from your kin', knows=[], holds=['spark (w_x09162) ×2']
Clemence Copp: goal='Keep your clothes dry', knows=[], holds=['spark (w_x09163) ×5']
Noll Brant: goal='Hear news from your kin', knows=[], holds=['spark (w_x09165) ×4']
Ib Vell: goal='Find out how your neighbour is keeping', knows=[], holds=['spark (w_x09166) ×7']
Ede Pike: goal='Find out how your neighbour is keeping', knows=[], holds=['spark (w_x09167) ×5']
Ewart Rasp: goal='Keep your clothes dry', knows=[], holds=['spark (w_x09168) ×5']
Noll Roper: goal='Find out how your neighbour is keeping', knows=[], holds=['spark (w_x09169) ×2']
Pin Pike: goal='Keep your clothes dry', knows=[], holds=['spark (w_x09170) ×5']
Grigor Stott: goal='Enjoy a little peace in your neighbourhood', knows=[], holds=['spark (w_x09171) ×2']
Rohese of the Tenters: goal='Hear news from your kin', knows=[], holds=['spark (w_x09172) ×6']
Tobin Tarn: goal='Enjoy a little peace in your neighbourhood', knows=[], holds=['spark (w_x09174) ×4']
Aubin Coldhands: goal='Find out how your neighbour is keeping', knows=[], holds=['spark (w_x09175) ×5']
Betriss Salter: goal='Keep the household blankets in good order', knows=[], holds=['spark (w_x09176) ×7']
Hamel Marle: goal='Keep the household blankets in good order', knows=[], holds=['spark (w_x09177) ×2']
Lise Fitch: goal='Hear news from your kin', knows=[], holds=['spark (w_x09178) ×7']
Jonet of the Needle: goal='Share a memory of the street', knows=[], holds=['spark (w_x09179) ×5']
Lise Crake: goal='Keep the household blankets in good order', knows=[], holds=['spark (w_x09180) ×3']
Lise Wetalms: goal='Enjoy a little peace in your neighbourhood', knows=[], holds=['spark (w_x09182) ×3']
Renn Skell: goal='Hear news from your kin', knows=[], holds=['spark (w_x09183) ×5']
Tobin Latchkey: goal='Share a memory of the street', knows=[], holds=['spark (w_x09185) ×5']
Bertran Skell: goal='Share a memory of the street', knows=[], holds=['spark (w_x09186) ×6']
Sibbe Upstream: goal='Hear news from your kin', knows=[], holds=['spark (w_x09187) ×2']
Aubin Threefinger: goal='Hear news from your kin', knows=[], holds=['spark (w_x09192) ×6']
Idonea Scaffold: goal='Share a memory of the street', knows=[], holds=['spark (w_x09193) ×6']
Pin Coldhands: goal='Find out how your neighbour is keeping', knows=[], holds=['spark (w_x09194) ×7']
Aubin of the Gutter Steps: goal='Find out how your neighbour is keeping', knows=[], holds=['spark (w_x09195) ×5']
Betriss of Cinder Row: goal='Keep the household blankets in good order', knows=[], holds=['spark (w_x09196) ×7']
Ewart of Ostrelle: goal='Find out how your neighbour is keeping', knows=[], holds=['spark (w_x09197) ×4']
Grigor Brant: goal='Keep the household blankets in good order', knows=[], holds=['spark (w_x09198) ×5']
Grigor Pike: goal='Keep the household blankets in good order', knows=[], holds=['spark (w_x09200) ×2']
Colm of Ostrelle: goal='Keep the household blankets in good order', knows=[], holds=['spark (w_x09201) ×3']
Idonea Skell: goal='Keep your clothes dry', knows=[], holds=['spark (w_x09202) ×4']
Nan of the Bellstand: goal='Share a memory of the street', knows=[], holds=['spark (w_x09204) ×4']
Mote Wetalms: goal='Find out how your neighbour is keeping', knows=[], holds=['spark (w_x09205) ×5']
Corin Crake: goal='Share a memory of the street', knows=[], holds=['spark (w_x09206) ×3']
Sibbe Skell: goal='Find out how your neighbour is keeping', knows=[], holds=['spark (w_x09207) ×7']
Hamel Brant: goal='Keep your clothes dry', knows=[], holds=['spark (w_x09208) ×4']
Tobin Roper: goal='Hear news from your kin', knows=[], holds=['spark (w_x09209) ×5']
Averil Copp: goal='Hear news from your kin', knows=[], holds=['spark (w_x09210) ×3']
Segwin Latchkey: goal='Keep the household blankets in good order', knows=[], holds=['spark (w_x09211) ×4']
Aldith the Lesser: goal='Find out how your neighbour is keeping', knows=[], holds=['spark (w_x09214) ×2']
Ansel Marle: goal='Keep the household blankets in good order', knows=[], holds=['spark (w_x09215) ×6']
Rohese Sparr: goal='Hear news from your kin', knows=[], holds=['spark (w_x09218) ×5']
Ede Threefinger: goal='Keep your clothes dry', knows=[], holds=['spark (w_x09221) ×6']
Corin Vell: goal='Keep the household blankets in good order', knows=[], holds=['spark (w_x09223) ×7']
Idonea Fitch: goal='Enjoy a little peace in your neighbourhood', knows=[], holds=['spark (w_x09224) ×7']
Lise Nineteen: goal='Keep the household blankets in good order', knows=[], holds=['spark (w_x09225) ×6']
Bertran Tarn: goal='Find out how your neighbour is keeping', knows=[], holds=['spark (w_x09228) ×6']
Aldith the Long: goal='Keep your clothes dry', knows=[], holds=['spark (w_x09230) ×7']
Sibbe Shortmeasure: goal='Keep the household blankets in good order', knows=[], holds=['spark (w_x09231) ×5']
Aldith Latchkey: goal='Hear news from your kin', knows=[], holds=['spark (w_x09232) ×7']
Osanne Pike: goal='Share a memory of the street', knows=[], holds=['spark (w_x09233) ×2']
Osanne Wetalms: goal='Keep the household blankets in good order', knows=[], holds=['spark (w_x09234) ×6']
Osanne Skell: goal='Keep your clothes dry', knows=[], holds=['spark (w_x09236) ×5']
Segwin Vell: goal='Hear news from your kin', knows=[], holds=['spark (w_x09237) ×6']
Rohese of Cinder Row: goal='Keep the household blankets in good order', knows=[], holds=['spark (w_x09239) ×3']
Ib Hawser: goal='Enjoy a little peace in your neighbourhood', knows=[], holds=['spark (w_x09241) ×4']
Pin Crake: goal='Hear news from your kin', knows=[], holds=['spark (w_x09242) ×6']
Ewart Ferrant: goal='Keep your clothes dry', knows=[], holds=['spark (w_x09243) ×3']
Nan Latchkey: goal='Hear news from your kin', knows=[], holds=['spark (w_x09244) ×6']
Rohese Quern: goal='Share a memory of the street', knows=[], holds=['spark (w_x09246) ×2']
Dob Shortmeasure: goal='Share a memory of the street', knows=[], holds=['spark (w_x09247) ×4']
Corin of Cinder Row: goal='Share a memory of the street', knows=[], holds=['spark (w_x09248) ×5']
Clemence of the Needle: goal='Share a memory of the street', knows=[], holds=['spark (w_x09249) ×7']
Ede Hawser: goal='Keep the household blankets in good order', knows=[], holds=['spark (w_x09251) ×7']
Ansel of Ostrelle: goal='Find out how your neighbour is keeping', knows=[], holds=['spark (w_x09252) ×2']
Noll the Long: goal='Hear news from your kin', knows=[], holds=['spark (w_x09253) ×3']
Sef Stott: goal='Find out how your neighbour is keeping', knows=[], holds=['spark (w_x09254) ×3']
Renn Scaffold: goal='Find out how your neighbour is keeping', knows=[], holds=['spark (w_x09256) ×2']
Nan Ashe: goal='Hear news from your kin', knows=[], holds=['spark (w_x09257) ×4']
Idonea Sparr: goal='Keep the household blankets in good order', knows=[], holds=['spark (w_x09259) ×4']
Clemence of the Shambles: goal='Share a memory of the street', knows=[], holds=['spark (w_x09260) ×3']
Idonea the Lesser: goal='Find out how your neighbour is keeping', knows=[], holds=['spark (w_x09261) ×4']
Dunstan of the Tenters: goal='Enjoy a little peace in your neighbourhood', knows=[], holds=['spark (w_x09263) ×2']
Mote Brant: goal='Hear news from your kin', knows=[], holds=['spark (w_x09264) ×6']
Aubin Pike: goal='Find out how your neighbour is keeping', knows=[], holds=['spark (w_x09265) ×6']
Ede Roper: goal='Keep your clothes dry', knows=[], holds=['spark (w_x09266) ×3']
Aubin of Cinder Row: goal='Find out how your neighbour is keeping', knows=[], holds=['spark (w_x09267) ×5']
Mote Rasp: goal='Keep the household blankets in good order', knows=[], holds=['spark (w_x09268) ×7']
Betriss Latchkey: goal='Share a memory of the street', knows=[], holds=['spark (w_x09269) ×3']
Aubin Alder: goal='Share a memory of the street', knows=[], holds=['spark (w_x09270) ×6']
Averil Ashe: goal='Hear news from your kin', knows=[], holds=['spark (w_x09271) ×2']
Nan Tarn: goal='Hear news from your kin', knows=[], holds=['spark (w_x09272) ×4']
Osanne of the Bellstand: goal='Hear news from your kin', knows=[], holds=['spark (w_x09273) ×2']
Clemence Fitch: goal='Share a memory of the street', knows=[], holds=['spark (w_x09274) ×7']
Cobb Upstream: goal='Hear news from your kin', knows=[], holds=['spark (w_x09275) ×7']
Segwin Roper: goal='Share a memory of the street', knows=[], holds=['spark (w_x09276) ×7']
Aubin Vell: goal='Keep the household blankets in good order', knows=[], holds=['spark (w_x09279) ×3']
Player: holds=['chalk pen (chalk1)']

Run cost: unknown (no pricing entry for this model)
