
== final state ==
weather: broken cloud; the streets are wet (wetness: wet)
Aldith: goal='None', knows=['Clemence of Ostrelle', 'Renn Hobbe', 'Tilman Rue', 'Noll Limeburn', 'Clemence Limeburn', 'Ede of the Needle'], holds=['spark (w_aq7ld) ×5']
  - I was four in the Great Rains; I remember being carried above brown water and a pale coin burning in the Rose when the sky had none.
  - I heard the Hammering from inside the anchorhold: stone, roof, screaming, and then voices at my squint naming the missing until dark.
Aldith Rill: goal="Find fodder for a drover's underfed mare", knows=['Petronel Clove', 'Havise Bram', 'Ede Fenn'], holds=['spark (w_p007u) ×7']
Idonea Dunn: goal='Get a splinter from your palm', knows=['Ewart Lark', 'Petronel Husk'], holds=['spark (w_p007v) ×3']
Lise Fitch: goal='Settle whose turn it is at the well', knows=[], holds=['spark (w_p007w) ×6']
Petronel Husk: goal='Keep rain off a bundle of kindling', knows=['Ewart Lark', 'Idonea Dunn'], holds=['bundle of firewood (fw001)', 'spark (w_p007x) ×6']
Sibbe Clove: goal='Deliver a message before the next bell', knows=['Hamel Clove', 'Tobin Clove'], holds=['spark (w_p007y) ×3']
Clemence Pell: goal='Avoid losing a rented stool', knows=['Renn Pell', 'Colm Pell'], holds=['spark (w_p007z) ×3']
Jos Quern: goal='Sell the last bruised apple', knows=['Noll Quern', 'Aubin Quern'], holds=['bruised apple (ap001)', 'spark (w_p0080) ×3']
Segwin Rook: goal='Keep your bread from a bold pigeon', knows=['Jos Rook', 'Noll Rook'], holds=['loaf (lf001)', 'spark (w_p0081) ×7']
Renn Sark: goal='Get your blanket back before dark', knows=['Aldith Sark', 'Osanne Sark'], holds=['spark (w_p0082) ×6']
Aubin Toll: goal='Buy lamp oil before dusk', knows=['Gile Toll', 'Segwin Toll'], holds=['spark (w_p0083) ×6']
Noll Dask: goal='Keep rain off a bundle of kindling', knows=['Sible Dask', 'Tobin Dask'], holds=['bundle of firewood (fw002)', 'spark (w_p0084) ×6']
Gile Dask: goal='Avoid losing a rented stool', knows=['Sible Dask', 'Tobin Dask'], holds=['spark (w_p0085) ×5']
Jos Sark: goal='Recover a disputed penny', knows=['Aldith Sark', 'Osanne Sark'], holds=['spark (w_p0086) ×2']
Tobin Clove: goal='Buy lamp oil before dusk', knows=['Hamel Clove', 'Sibbe Clove'], holds=['spark (w_p0087) ×4']
Ede Clove: goal='Replace a broken stone house lock', knows=['Averil Brant', 'Sibbe Vell', 'Averil Rasp'], holds=['spark (w_p009w) ×4']
Havise Ashe: goal='Find two clean bandages', knows=['Noll Vell', 'Tobin Marle'], holds=['spark (w_p009x) ×7']
Tobin Marle: goal='Collect kindling without a fine', knows=['Noll Vell', 'Havise Ashe'], holds=['spark (w_p009y) ×6']
Jos Fitch: goal='Learn who moved your market basket', knows=['Noll Vell', 'Havise Ashe'], holds=['spark (w_p009z) ×4']
Noll Brant: goal='Locate a younger sibling', knows=['Segwin Vell', 'Ewart Rasp'], holds=['spark (w_p00a0) ×2']
Segwin Vell: goal='Dry a blanket before curfew', knows=['Noll Brant', 'Ewart Rasp'], holds=['blanket (bl001)', 'spark (w_p00a1) ×4']
Ewart Rasp: goal="Secure tomorrow's place in the hiring line", knows=['Noll Brant', 'Segwin Vell'], holds=['spark (w_p00a2) ×5']
Segwin Mott: goal='Deliver a message before the next bell', knows=['Ewart Mott', 'Tib Mott'], holds=['spark (w_p00a3) ×3']
Ansel Quern: goal='None', knows=['Averil Quern', 'Bertran Skell', 'Ewart Vell', 'Sibbe Hobbe', 'Tib', 'Bertran Hobbe'], holds=['spark (w_danqn) ×2']
Averil Quern: goal='None', knows=['Ansel Quern', 'Clemence Skep', 'Gile Skell', 'Nan of Salorge', 'Rohese Crake', 'Sibbe Hobbe'], holds=['spark (w_davqn) ×24']
Sibbe Vell: goal='Get an employer to count the full day', knows=['Averil Brant', 'Averil Rasp', 'Averil Stott'], holds=['spark (w_p001p) ×7']
Jonet Mere: goal='Avoid losing a rented stool', knows=['Jonet Pell', 'Segwin Rusk'], holds=['spark (w_p001q) ×4']
Aldith Pell: goal='Recover a disputed penny', knows=['Betriss Rusk', 'Bertran Sark'], holds=['spark (w_p001r) ×2']
Betriss Rusk: goal='Keep rain off a bundle of kindling', knows=['Aldith Pell', 'Bertran Sark'], holds=['bundle of firewood (fw003)', 'spark (w_p001s) ×2']
Bertran Sark: goal='Get an employer to count the full day', knows=['Aldith Pell', 'Betriss Rusk'], holds=['spark (w_p001t) ×2']
Tobin Toll: goal='Find the key to a shared chest', knows=['Aldith Pell', 'Betriss Rusk'], holds=['spark (w_p001u) ×4']
Ansel Hobbe: goal='None', knows=['Gile Pike', 'Hamel Crake', 'Averil Hobbe', 'Ewart Fitch', 'Renn Hobbe', 'Dunstan Pike', 'Sibbe Hobbe', 'Clemence Hobbe', 'Jos Brant'], holds=['spark (w_a4anh) ×2']
  - I rang Ironthroat during the Hammering, and the full Ruin only after the fires began; people still say the bells came late.
Averil Hobbe: goal='None', knows=['Ansel Hobbe', 'Sibbe Pike', 'Ewart Fitch', 'Renn Hobbe', 'Noll Fitch'], holds=['spark (w_a6avh) ×7']
Ansel Rook: goal='Trade for a sound length of cord', knows=['Osanne Rook', 'Corin Rook'], holds=['spark (w_p004h) ×5']
Ansel Halfbell: goal='None', knows=['Gile Pike', 'Hamel Stott', 'Ewart Crake', 'Cobb Threefinger', 'Mote', 'Osanne Skell'], holds=['spark (w_ba8hf) ×6']
Ewart Mott: goal='Dry a blanket before curfew', knows=['Tib Mott', 'Segwin Mott'], holds=['blanket (bl002)', 'spark (w_p004w) ×3']
Ewart Alder: goal='None', knows=['Clemence Crake', 'Averil Skell', 'Bertran of the Ox', 'Tobin Alder', 'Renn of the Slip', 'Wyn Alder', 'Rohese of the Sluice'], holds=['spark (w_g4ewt) ×6']
  - The Hammering killed my father under the Moorings roof; when work resumed, twelve-year-old Wyn took the fore-pole because I could not, and she has been the better boatman since.
Tobin Alder: goal='None', knows=['Ewart Alder', 'Bertran of the Ox', 'Renn of the Slip', 'Sibbe Skell', 'Wyn Alder'], holds=['spark (w_g7tbn) ×2']
Wyn Alder: goal='None', knows=['Noll Fitch', 'Gude', 'Averil Skell', 'Ansel of Harne', 'Ewart Alder', 'Cobb Hawser', 'Tobin Alder', 'Renna Tapster', 'Ansel of the Sluice', 'Rohese of the Sluice'], holds=['spark (w_gw4ld) ×4']
  - I was twelve when the Moorings roof came down in the Hammering and killed my father; when the river work resumed, Ewart froze and I took the fore-pole.
Jonet Galt: goal='Learn who moved your market basket', knows=['Idonea Wren', 'Betriss Dunn', 'Averil Husk'], holds=['spark (w_p0039) ×2']
Ede Skell: goal='Find a quiet corner to sleep', knows=['Sible Tarn', 'Sibbe Ashe'], holds=['spark (w_p003a) ×5']
Sible Dask: goal='Trade for a sound length of cord', knows=['Tobin Dask', 'Noll Dask'], holds=['spark (w_p003b) ×6']
Ansel Thorn: goal='Stretch supper to one more bowl', knows=['Ewart Sedge', 'Dunstan Rill'], holds=['spark (w_p003c) ×3']
Tobin Dask: goal='Get a splinter from your palm', knows=['Sible Dask', 'Noll Dask'], holds=['spark (w_p003d) ×7']
Renn Skep: goal='Clear mud from your only coat', knows=['Aldith Skep', 'Petronel Skep'], holds=['spark (w_p003e) ×7']
Sibbe Hobbe: goal='None', knows=['Ansel Hobbe', 'Renn Hobbe', 'Ansel Quern', 'Averil Quern', 'Bertran Skell', 'Gile Skell', 'Nan of Salorge', 'Tib', 'Clemence Hobbe'], holds=['spark (w_dsbhb) ×3']
Averil Rasp: goal='Buy lamp oil before dusk', knows=['Averil Brant', 'Sibbe Vell', 'Averil Stott'], holds=['spark (w_p001v) ×2']
Bertran Clove: goal='Find the key to a shared chest', knows=['Segwin Clove', 'Betriss Clove'], holds=['spark (w_p001w) ×2']
Ewart Rusk: goal='Settle whose turn it is at the well', knows=['Betriss Pell', 'Segwin Sark'], holds=['spark (w_p001x) ×7']
Bertran Skell: goal='None', knows=['Osanne Skell', 'Petronel Skell', 'Ansel Quern', 'Gile Skell', 'Nan of Salorge', 'Petronel Crake', 'Sibbe Hobbe', 'Osanne Vell', 'Tobin Tarn', 'Renna Tapster'], holds=['spark (w_dbskl) ×6']
Sible Ashe: goal='Learn who moved your market basket', knows=['Idonea Marle', 'Ede Fitch', 'Lise Pike'], holds=['spark (w_p001y) ×4']
Noll Mott: goal='Learn why a promised cart is late', knows=['Colm Wren', 'Dunstan Galt'], holds=['spark (w_p001z) ×6']
Ewart Sedge: goal='Learn who moved your market basket', knows=['Dunstan Rill', 'Ansel Thorn'], holds=['spark (w_p0020) ×4']
Hamel Crake: goal='None', knows=['Ansel Hobbe', 'Sibbe Pike', 'Idonea Crake', 'Segwin Rasp', 'Renn Hobbe', 'Havise Dorn', 'Petronel Crake', 'Osanne Vell'], holds=['spark (w_a3crk) ×2']
  - I copied the Chapter order authorizing common tolls when individual Hammering knells became impossible; it was necessary, and I resent anyone who calls necessity impiety.
Sibbe Pike: goal='None', knows=['Clemence of Ostrelle', 'Gile Pike', 'Hamel Crake', 'Averil Hobbe', 'Idonea Crake', 'Havise Dorn', 'Dunstan Pike'], holds=['spark (w_a5sbp) ×2']
Segwin Rasp: goal='None', knows=['Hamel Crake', 'Idonea Crake', 'Havise Dorn', 'Dunstan Pike', 'Tilman Rue', 'Sible Mott', 'Hamel Stott', 'Aubin Ferrant', 'Jonet Sparr'], holds=['spark (w_a9prs) ×2']
  - As a junior grey clerk I copied the first Hammering rolls and watched names vanish between rent book, guild list, and survivor testimony; a clean copy cannot repair a missing witness.
Renn Hobbe: goal='None', knows=['Clemence of Ostrelle', 'Hamel Crake', 'Ansel Hobbe', 'Averil Hobbe', 'Ewart Fitch', 'Aldith', 'Tilman Rue', 'Noll Fitch', 'Gude', 'Sibbe Hobbe', 'Clemence Hobbe', 'Petronel Roper'], holds=['spark (w_a9rnh) ×4']
  - I was twelve in the Hammering and watched my father climb toward the bells while stone fell; I will not tell a family that one common toll settled their dead.
Havise Dorn: goal='None', knows=['Hamel Crake', 'Sibbe Pike', 'Segwin Rasp', 'Dunstan Pike', 'Hamel Stott', 'Jonet Sparr'], holds=['spark (w_ak3vd) ×4']
  - In the Hammering relief hall I watched a clerk ask whose house had fallen before asking who was hurt; I have never forgotten the order of those questions.
Renna Marle: goal='Get an employer to count the full day', knows=['Ewart Brant', 'Hamel Fitch'], holds=['spark (w_p004e) ×6']
Hamel Fitch: goal='Dry a blanket before curfew', knows=['Ewart Brant', 'Renna Marle'], holds=['blanket (bl003)', 'spark (w_p004f) ×6']
Colin Barley: goal='None', knows=['Hugh Crake of Brede'], holds=[]
Clement Rode: goal='None', knows=['Mabile Skell of Ostrelle'], holds=[]
Douce Fenn: goal='None', knows=['Hugh Crake of Brede'], holds=[]
Cobb Hobbe: goal='None', knows=['Grigor Ashe', 'Rohese Ashe', 'Renn Crake', 'Tobin Ashe', 'Sef'], holds=['spark (w_fc2hb) ×2']
Sef: goal='None', knows=['Cobb Hobbe', 'Grigor Ashe', 'Gile of Brede', 'Clemence Crake', 'Tobin Ashe', 'Warin Underbridge', 'Ede of the Needle'], holds=['spark (w_ft3tb) ×7']
Warin Underbridge: goal='None', knows=['Havise Dorn', 'Ede Hobbe', 'Averil Tarn', 'Ewart Tarn', 'Gile of Brede', 'Clemence Crake', 'Renn Crake', 'Tobin Ashe', 'Sef'], holds=['spark (w_fw7ub) ×4']
Betriss Crake: goal='Find two clean bandages', knows=['Petronel Hobbe', 'Havise Skell', 'Lise Tarn'], holds=['spark (w_p000k) ×7']
Havise Crake: goal='Find the key to a shared chest', knows=['Gude Hobbe', 'Gude Skell'], holds=['spark (w_p000l) ×3']
Gude Hobbe: goal='Have a sore heel looked at', knows=['Havise Crake', 'Gude Skell'], holds=['spark (w_p000m) ×2']
Gude Skell: goal='Collect a late wage', knows=['Havise Crake', 'Gude Hobbe'], holds=['spark (w_p000n) ×6']
Sible Skell: goal='Keep a sleeping place for tonight', knows=['Renna Crake', 'Colm Quern'], holds=['spark (w_p000o) ×5']
Colm Wren: goal='Return a borrowed knife', knows=['Dunstan Galt', 'Corin Nett'], holds=['knife (kn001)', 'spark (w_p000p) ×7']
Corin Marle: goal='Locate a younger sibling', knows=['Havise Crake', 'Gude Hobbe'], holds=['spark (w_p000q) ×4']
Dunstan Galt: goal='Stretch supper to one more bowl', knows=['Colm Wren', 'Corin Nett'], holds=['spark (w_p000r) ×4']
Hamel Clove: goal='Collect a late wage', knows=['Sibbe Clove', 'Tobin Clove'], holds=['spark (w_p000s) ×5']
Bertran Rusk: goal='Borrow a handcart for an hour', knows=['Renn Rusk', 'Osanne Rusk'], holds=['spark (w_p000t) ×7']
Corin Rasp: goal='Locate a younger sibling', knows=['Jonet Ashe', 'Aldith Skell'], holds=['spark (w_p000u) ×7']
Grigor Vell: goal='Replace a cracked cup', knows=['Renna Crake', 'Colm Quern'], holds=['spark (w_p000v) ×3']
Corin Nett: goal='Find the owner of a missing hen', knows=['Colm Wren', 'Dunstan Galt'], holds=['spark (w_p000w) ×7']
Gile Crake: goal='None', knows=['Noll Limeburn', 'Sibbe Stott', 'Ewart Crake', 'Bertran Stott', 'Dunstan Hobbe'], holds=['spark (w_b3glc) ×3']
Dunstan Hobbe: goal='None', knows=['Noll Limeburn', 'Gile Crake', 'Hamel Stott', 'Clemence Limeburn', 'Cobb Threefinger', 'Osanne Skell', 'Tobin Hobbe'], holds=['spark (w_bd7hb) ×7']
Tobin Hobbe: goal='None', knows=['Ewart Crake', 'Dunstan Hobbe', 'Mote', 'Osanne Skell', 'Renn of Ostrelle'], holds=['spark (w_bt4hb) ×7']
Ede Nett: goal='Borrow a handcart for an hour', knows=['Rohese Pell', 'Sibbe Rusk', 'Lise Sark'], holds=['spark (w_p0029) ×5']
Aldith Marle: goal='Collect kindling without a fine', knows=['Gude Marle', 'Gile Fitch'], holds=['spark (w_p002a) ×2']
Rohese Kern: goal="Secure tomorrow's place in the hiring line", knows=['Rohese Husk', 'Idonea Pell'], holds=['spark (w_p002b) ×6']
Bertran Lark: goal='Replace a cracked cup', knows=['Rohese Husk', 'Idonea Pell'], holds=['spark (w_p002c) ×3']
Bertran Nett: goal='Have a bent buckle straightened', knows=['Ansel Pell', 'Bertran Kern'], holds=['spark (w_p002d) ×5']
Ansel Pell: goal='Avoid losing a rented stool', knows=['Bertran Nett', 'Bertran Kern'], holds=['spark (w_p002e) ×6']
Corin Crake: goal='Sell the last bruised apple', knows=['Ede Crake', 'Gude Crake'], holds=['bruised apple (ap002)', 'spark (w_p002f) ×5']
Lise Tarn: goal='Straighten a freight wheel before the gate closes', knows=['Betriss Crake', 'Petronel Hobbe', 'Havise Skell'], holds=['spark (w_p007g) ×5']
Ansel Rasp: goal='Learn why a promised cart is late', knows=['Aubin Rasp', 'Renna Rasp'], holds=['spark (w_p007h) ×5']
Ansel Skell: goal='Trade for a sound length of cord', knows=['Segwin Fitch', 'Jos Ashe'], holds=['spark (w_p007i) ×5']
Grigor Galt: goal='Replace a cracked cup', knows=['Ansel Lark', 'Hamel Nett'], holds=['spark (w_p007j) ×7']
Jos Husk: goal='Mend a leaking shoe', knows=['Ansel Lark', 'Hamel Nett'], holds=['spark (w_p007k) ×4']
Ewart Lark: goal='Learn why a promised cart is late', knows=['Idonea Dunn', 'Petronel Husk'], holds=['spark (w_p007l) ×3']
Ewart Vell: goal='None', knows=['Ansel Quern', 'Clemence Skep', 'Petronel Crake', 'Tobin Vell', 'Tib', 'Osanne Vell'], holds=['spark (w_dewvl) ×7']
Petronel Crake: goal='None', knows=['Hamel Crake', 'Idonea Crake', 'Bertran Skell', 'Ewart Vell', 'Gile Skell', 'Rohese Crake', 'Tib', 'Osanne Vell'], holds=['spark (w_dpcrk) ×7', 'candle (4hvdh) ×16', 'flask of lamp oil (8ck1c) ×10', 'beeswax candle (ims7r) ×4', 'coil of wick (i4be2) ×6', 'bundle of firewood (aavv2) ×6']
Osanne Vell: goal='None', knows=['Hamel Crake', 'Dunstan Pike', 'Gude', 'Bertran Skell', 'Clemence Skep', 'Ewart Vell', 'Petronel Crake', 'Rohese Crake', 'Tobin Vell', 'Tib', 'Betriss Marle', 'Grigor Ashe'], holds=['spark (w_dv8ll) ×6']
Ede Fenn: goal='Have a bent buckle straightened', knows=['Petronel Clove', 'Havise Bram', 'Ede Kett'], holds=['spark (w_p002s) ×5']
Clemence Rud: goal='Clear mud from your only coat', knows=['Grigor Rud', 'Hamel Rud'], holds=['spark (w_p002t) ×4']
Aubin Rasp: goal='Have a bent buckle straightened', knows=['Renna Rasp', 'Ansel Rasp'], holds=['spark (w_p002u) ×4']
Ewart Brant: goal='Borrow a handcart for an hour', knows=['Renna Marle', 'Hamel Fitch'], holds=['spark (w_p002v) ×4']
Clemence of Ostrelle: goal='None', knows=['Gile Pike', 'Hamel Crake', 'Sibbe Pike', 'Renn Hobbe', 'Dunstan Pike', 'Aldith', 'Renn of Ostrelle', 'Jos Brant'], holds=['spark (w_a1clo) ×4']
Gile Pike: goal='None', knows=['Clemence of Ostrelle', 'Ansel Hobbe', 'Sibbe Pike', 'Idonea Crake', 'Dunstan Pike', 'Tilman Rue', 'Ansel Halfbell', 'Ansel of Harne', 'Ede of the Needle'], holds=['spark (w_a2gpk) ×6']
Dunstan Pike: goal='None', knows=['Clemence of Ostrelle', 'Gile Pike', 'Ansel Hobbe', 'Sibbe Pike', 'Segwin Rasp', 'Havise Dorn', 'Aubin Ferrant', 'Osanne Vell', 'Betriss Marle', 'Renna Tapster', 'Jos Brant'], holds=['spark (w_amt4p) ×6']
Averil Vell: goal='Replace a cracked cup', knows=['Sible Ashe', 'Idonea Marle', 'Ede Fitch'], holds=['spark (w_p004b) ×2']
Renn Tarn: goal='Keep a sleeping place for tonight', knows=['Warin Skell', 'Jonet Skell'], holds=['spark (w_p004c) ×5']
Renn Rusk: goal='Clear mud from your only coat', knows=['Bertran Rusk', 'Osanne Rusk'], holds=['spark (w_p004d) ×7']
Idonea Tarn: goal='None', knows=['Hamel of the Reach', 'Gile Tarn', 'Averil Skell', 'Bertran of the Ox', 'Gude Dask'], holds=['spark (w_bn1id) ×5']
Hamel of the Reach: goal='None', knows=['Idonea Tarn', 'Warin Underbridge', 'Ewart Alder', 'Cobb Hawser', 'Gude Dask'], holds=['spark (w_bn2hm) ×2']
Segwin Hobbe: goal='None', knows=['Renn Hobbe', 'Hamel Stott', 'Clemence Pike', 'Gude Dask'], holds=['spark (w_bn3sg) ×5']
Clemence Pike: goal='None', knows=['Dunstan Pike', 'Segwin Hobbe', 'Gude Dask'], holds=['spark (w_bn4cp) ×6']
Jonet Kett: goal='None', knows=['Gile Bram', 'Gude Dask'], holds=['spark (w_bn5jk) ×5']
Gile Bram: goal='None', knows=['Jonet Kett', 'Gude Dask'], holds=['spark (w_bn6gb) ×2']
Averil Nett: goal='None', knows=['Jos Mere', 'Gude Dask'], holds=['spark (w_bn7an) ×7']
Jos Mere: goal='None', knows=['Averil Nett', 'Gude Dask'], holds=['spark (w_bn8jm) ×3']
Ewart Toll: goal='None', knows=['Hamel Stott', 'Bertran Crake', 'Gude Dask'], holds=['spark (w_bn9et) ×3']
Aubin Wren: goal='None', knows=['Rohese Sedge', 'Ewart Tarn', 'Gude Dask'], holds=['spark (w_bnawr) ×4']
Bertran Crake: goal='None', knows=['Ewart Toll', 'Gude Dask'], holds=['spark (w_bnbcr) ×4']
Dunstan Hook: goal='None', knows=['Petronel of the Row', 'Gude Dask'], holds=['spark (w_bndhk) ×6']
Petronel of the Row: goal='None', knows=['Dunstan Hook', 'Gude Dask'], holds=['spark (w_bnpro) ×7']
Rohese Sedge: goal='None', knows=['Aubin Wren', 'Ewart Tarn', 'Gude Dask'], holds=['spark (w_bnrse) ×5']
Gude Dask: goal='Have two expenditure warrants signed', knows=['Averil Brant', 'Sibbe Vell', 'Averil Rasp'], holds=['spark (w_p009p) ×2']
Betriss Clove: goal='Trade for a sound length of cord', knows=['Bertran Clove', 'Segwin Clove'], holds=['spark (w_p009q) ×4']
Osanne Stott: goal='Keep rain off a bundle of kindling', knows=['Dob Stott', 'Renna Stott'], holds=['bundle of firewood (fw004)', 'spark (w_p009r) ×5']
Aubin Marle: goal='Collect kindling without a fine', knows=['Havise Fitch', 'Renn Fitch'], holds=['spark (w_p009s) ×6']
Renn Fitch: goal='Have a bent buckle straightened', knows=['Havise Fitch', 'Aubin Marle'], holds=['spark (w_p009t) ×6']
Grigor Pike: goal='Borrow a handcart for an hour', knows=['Havise Fitch', 'Aubin Marle'], holds=['spark (w_p009u) ×3']
Noll Vell: goal='Keep rain off a bundle of kindling', knows=['Havise Ashe', 'Tobin Marle'], holds=['bundle of firewood (fw005)', 'spark (w_p009v) ×3']
Cobb: goal='None', knows=['Ewart Skell', 'Rohese Skell', 'Warin Bluehand', 'Clemence Hobbe', 'Ede Hobbe', 'Nan', 'Tam Rud'], holds=['spark (w_e3cob) ×5']
Warin Bluehand: goal='None', knows=['Ewart Skell', 'Rohese Skell', 'Cobb', 'Clemence Hobbe', 'Nan', 'Tam Rud'], holds=['spark (w_e4bln) ×7']
Clemence Hobbe: goal='None', knows=['Ansel Hobbe', 'Renn Hobbe', 'Sibbe Hobbe', 'Ewart Skell', 'Cobb', 'Warin Bluehand', 'Petronel Roper', 'Bertran Hobbe', 'Gile Tarn', 'Ansel of Brede', 'Ede of the Needle'], holds=['spark (w_e5hob) ×6']
Betriss Marle: goal='None', knows=['Dunstan Pike', 'Osanne Vell', 'Rohese Skell', 'Petronel Roper', 'Nan', 'Tam Rud', 'Grigor Ashe'], holds=['spark (w_em3rl) ×5']
Tam Rud: goal='None', knows=['Sible Mott', 'Ewart Skell', 'Cobb', 'Warin Bluehand', 'Petronel Roper', 'Nan', 'Betriss Marle', 'Grigor Ashe', 'Renna Tapster'], holds=['spark (w_et7rd) ×7']
Rohese Pell: goal='Keep a sleeping place for tonight', knows=['Ede Nett', 'Sibbe Rusk', 'Lise Sark'], holds=['spark (w_p002l) ×6']
Osanne Pike: goal='Avoid losing a rented stool', knows=['Rohese Brant', 'Havise Vell'], holds=['spark (w_p002m) ×3']
Rohese Brant: goal='Learn why a promised cart is late', knows=['Osanne Pike', 'Havise Vell'], holds=['spark (w_p002n) ×4']
Havise Vell: goal='Dry a blanket before curfew', knows=['Osanne Pike', 'Rohese Brant'], holds=['blanket (bl004)', 'spark (w_p002o) ×3']
Osanne Rasp: goal='Collect a late wage', knows=['Osanne Pike', 'Rohese Brant'], holds=['spark (w_p002p) ×7']
Sibbe Rud: goal='Settle whose turn it is at the well', knows=['Hamel Quern', 'Warin Brant'], holds=['spark (w_p002q) ×2']
Hamel Quern: goal='Avoid losing a rented stool', knows=['Sibbe Rud', 'Warin Brant'], holds=['spark (w_p002r) ×5']
Gile Skell: goal='None', knows=['Averil Quern', 'Bertran Skell', 'Nan of Salorge', 'Petronel Crake', 'Rohese Crake', 'Sibbe Hobbe', 'Tobin Vell', 'Lise Copp'], holds=['spark (w_dgskl) ×7']
Nan of Salorge: goal='None', knows=['Averil Quern', 'Bertran Skell', 'Clemence Skep', 'Gile Skell', 'Rohese Crake', 'Sibbe Hobbe', 'Tib', 'Ansel of Salorge'], holds=['spark (w_dnnsl) ×4']
Averil Brant: goal='Stretch supper to one more bowl', knows=['Sibbe Vell', 'Averil Rasp', 'Averil Stott'], holds=['spark (w_p001j) ×4']
Betriss Lark: goal='Have a sore heel looked at', knows=['Sibbe Pell', 'Aubin Rusk'], holds=['spark (w_p001k) ×3']
Gude Mere: goal='Find two clean bandages', knows=['Sibbe Pell', 'Aubin Rusk'], holds=['spark (w_p001l) ×4']
Jonet Pell: goal="Secure tomorrow's place in the hiring line", knows=['Segwin Rusk', 'Hamel Sark'], holds=['spark (w_p001m) ×5']
Segwin Rusk: goal='Deliver a message before the next bell', knows=['Jonet Pell', 'Hamel Sark'], holds=['spark (w_p001n) ×6']
Hamel Sark: goal="Secure tomorrow's place in the hiring line", knows=['Jonet Pell', 'Segwin Rusk'], holds=['spark (w_p001o) ×3']
Petronel Mere: goal='Replace a warped hoop before the brewer arrives', knows=['Idonea Wren', 'Betriss Dunn', 'Jonet Galt'], holds=['spark (w_p006y) ×7']
Sibbe Tarn: goal='Have a bent buckle straightened', knows=['Renn Tarn', 'Warin Skell'], holds=['spark (w_p006z) ×4']
Ansel Wren: goal='Keep rain off a bundle of kindling', knows=['Ewart Thorn', 'Osanne Sedge'], holds=['bundle of firewood (fw006)', 'spark (w_p0070) ×5']
Dunstan Fitch: goal='Clear mud from your only coat', knows=['Warin Rasp', 'Rohese Fitch'], holds=['spark (w_p0071) ×7']
Noll Rook: goal='Keep rain off a bundle of kindling', knows=['Jos Rook', 'Dunstan Rook'], holds=['bundle of firewood (fw007)', 'spark (w_p0072) ×3']
Colm Pell: goal='Have a sore heel looked at', knows=['Renn Pell', 'Clemence Pell'], holds=['spark (w_p0073) ×3']
Ansel Lark: goal='Stretch supper to one more bowl', knows=['Hamel Nett', 'Grigor Galt'], holds=['spark (w_p0074) ×7']
Warin Rasp: goal='Learn why a promised cart is late', knows=['Dunstan Fitch', 'Rohese Fitch'], holds=['spark (w_p0075) ×3']
Hamel Nett: goal='Keep rain off a bundle of kindling', knows=['Ansel Lark', 'Grigor Galt'], holds=['bundle of firewood (fw008)', 'spark (w_p0076) ×5']
Corin Skep: goal='Settle whose turn it is at the well', knows=['Jos Skep', 'Bertran Skep'], holds=['spark (w_p0077) ×4']
Odo Trask: goal='None', knows=['Dunstan Skell', 'Clemence Skell', 'Corin Copp', 'Ewart Tarn', 'Lise Copp', 'Clemence Crake', 'Rohese Ashe'], holds=['spark (w_fo6gl) ×4']
Clemence Lark: goal='Dry a blanket before curfew', knows=['Idonea Wren', 'Betriss Dunn', 'Jonet Galt'], holds=['blanket (bl005)', 'spark (w_p0041) ×7']
Aubin Sedge: goal='Mend a leaking shoe', knows=['Corin Wren', 'Dunstan Sedge'], holds=['spark (w_p0042) ×2']
Idonea Crake: goal='None', knows=['Gile Pike', 'Hamel Crake', 'Sibbe Pike', 'Segwin Rasp', 'Sible Mott', 'Petronel Crake', 'Osanne Vell', 'Lise Copp'], holds=['spark (w_a7pcr) ×7']
Tilman Rue: goal='None', knows=['Gile Pike', 'Ewart Fitch', 'Segwin Rasp', 'Renn Hobbe', 'Aldith', 'Noll Fitch', 'Sible Mott', 'Gile Hobbe', 'Tam Rud', 'Jos Brant'], holds=['spark (w_ar5tl) ×7']
Sible Mott: goal='None', knows=['Idonea Crake', 'Segwin Rasp', 'Tilman Rue', 'Nan', 'Tam Rud', 'Lise Copp', 'Renna Tapster'], holds=['spark (w_az2sm) ×5']
Petronel Hobbe: goal='Account for a missing pantry key', knows=['Betriss Crake', 'Havise Skell', 'Lise Tarn'], holds=['spark (w_p004z) ×2']
Renna Rusk: goal='Stretch supper to one more bowl', knows=['Ede Pell', 'Jos Rusk'], holds=['spark (w_p0050) ×2']
Lise Toll: goal='Borrow a handcart for an hour', knows=['Idonea Varn', 'Clemence Wick'], holds=['spark (w_p0051) ×3']
Idonea Varn: goal='Get a splinter from your palm', knows=['Lise Toll', 'Clemence Wick'], holds=['spark (w_p0052) ×6']
Clemence Wick: goal='Keep rain off a bundle of kindling', knows=['Lise Toll', 'Idonea Varn'], holds=['bundle of firewood (fw009)', 'spark (w_p0053) ×7']
Averil Yew: goal='Locate a younger sibling', knows=['Lise Toll', 'Idonea Varn'], holds=['spark (w_p0054) ×7']
Aldith Hobbe: goal='Collect kindling without a fine', knows=['Lise Skell', 'Osanne Tarn'], holds=['spark (w_p0055) ×6']
Lise Skell: goal='Learn who moved your market basket', knows=['Aldith Hobbe', 'Osanne Tarn'], holds=['spark (w_p0056) ×4']
Osanne Tarn: goal='Recover a disputed penny', knows=['Aldith Hobbe', 'Lise Skell'], holds=['spark (w_p0057) ×3']
Osanne Rook: goal="Secure tomorrow's place in the hiring line", knows=['Ansel Rook', 'Corin Rook'], holds=['spark (w_p0058) ×3']
Jonet Marle: goal='Keep rain off a bundle of kindling', knows=['Aldith Hobbe', 'Lise Skell'], holds=['bundle of firewood (fw010)', 'spark (w_p0059) ×3']
Havise Pike: goal='Have a sore heel looked at', knows=['Sible Rud', 'Renna Quern'], holds=['spark (w_p005a) ×6']
Lise Ashe: goal='Replace a cracked cup', knows=['Gile Ashe', 'Ewart Ashe'], holds=['spark (w_p005b) ×5']
Betriss Skell: goal='Return a borrowed knife', knows=['Dunstan Mere', 'Lise Kern'], holds=['knife (kn002)', 'spark (w_p005c) ×5']
Jonet Bram: goal="Secure tomorrow's place in the hiring line", knows=['Warin Bram', 'Colm Bram'], holds=['spark (w_p005d) ×4']
Renna Sedge: goal='Settle whose turn it is at the well', knows=['Ansel Vell', 'Tobin Brant'], holds=['spark (w_p005e) ×6']
Sible Rud: goal='Buy lamp oil before dusk', knows=['Havise Pike', 'Renna Quern'], holds=['spark (w_p005f) ×2']
Renna Quern: goal='Get a splinter from your palm', knows=['Havise Pike', 'Sible Rud'], holds=['spark (w_p005g) ×3']
Sible Sedge: goal='Return a borrowed knife', knows=['Jos Sedge', 'Grigor Sedge'], holds=['knife (kn003)', 'spark (w_p005h) ×6']
Idonea Rill: goal='Replace a cracked cup', knows=['Havise Rill', 'Grigor Rill'], holds=['spark (w_p005i) ×3']
Clemence Husk: goal='Trade for a sound length of cord', knows=['Ansel Vell', 'Tobin Brant'], holds=['spark (w_p005j) ×2']
Renna Clove: goal='Settle whose turn it is at the well', knows=['Havise Pike', 'Sible Rud'], holds=['spark (w_p005k) ×3']
Lise Wick: goal='Deliver a message before the next bell', knows=['Corin Kett', 'Segwin Bram'], holds=['spark (w_p005l) ×4']
Sef Pell: goal='Get your blanket back before dark', knows=['Colm Pell', 'Clemence Pell'], holds=['spark (w_p005m) ×3']
Ede Rud: goal='Find where the older children hid your cup', knows=['Jos Rud', 'Gile Rud'], holds=['spark (w_p005n) ×4']
Petronel Skep: goal='Find the familiar adult you lost sight of', knows=['Renn Skep', 'Aldith Skep'], holds=['spark (w_p005o) ×4']
Ib Quern: goal='Keep your bread from a bold pigeon', knows=['Gude Quern', 'Clemence Quern'], holds=['loaf (lf002)', 'spark (w_p005p) ×4']
Aldith Sedge: goal='Buy a wooden button to replace the one you dropped', knows=['Sible Sedge', 'Grigor Sedge'], holds=['spark (w_p005q) ×5']
Averil Toll: goal='Find where the older children hid your cup', knows=['Gile Toll', 'Segwin Toll'], holds=['spark (w_p005r) ×5']
Pin Quern: goal='Carry a small bundle without dropping it', knows=['Gude Quern', 'Clemence Quern'], holds=['small bundle (bn001)', 'spark (w_p005s) ×2']
Nan Skep: goal='Find the familiar adult you lost sight of', knows=['Hamel Skep', 'Ewart Skep'], holds=['spark (w_p005t) ×2']
Osanne Rusk: goal='Learn why a promised cart is late', knows=['Bertran Rusk', 'Renn Rusk'], holds=['spark (w_p005u) ×6']
Sible Hobbe: goal='Keep rain off a bundle of kindling', knows=['Noll Hobbe', 'Corin Hobbe'], holds=['bundle of firewood (fw011)', 'spark (w_p005v) ×4']
Dob Skep: goal='Collect kindling without a fine', knows=['Renn Skep', 'Aldith Skep'], holds=['spark (w_p005w) ×2']
Jonet Skep: goal='Dry a blanket before curfew', knows=['Hamel Skep', 'Ewart Skep'], holds=['blanket (bl006)', 'spark (w_p005x) ×2']
Gile Ashe: goal='Buy lamp oil before dusk', knows=['Lise Ashe', 'Ewart Ashe'], holds=['spark (w_p005y) ×6']
Sef Rud: goal='Keep rain off a bundle of kindling', knows=['Clemence Rud', 'Hamel Rud'], holds=['bundle of firewood (fw012)', 'spark (w_p005z) ×2']
Corin Rook: goal='Collect kindling without a fine', knows=['Ansel Rook', 'Osanne Rook'], holds=['spark (w_p0060) ×5']
Segwin Thorn: goal='Find the key to a shared chest', knows=['Gile Thorn', 'Sibbe Thorn'], holds=['spark (w_p0061) ×2']
Grigor Rook: goal='Get a splinter from your palm', knows=['Ansel Rook', 'Osanne Rook'], holds=['spark (w_p0062) ×5']
Ansel Rusk: goal='Keep rain off a bundle of kindling', knows=['Bertran Rusk', 'Renn Rusk'], holds=['bundle of firewood (fw013)', 'spark (w_p0063) ×5']
Dunstan Rook: goal='Clear mud from your only coat', knows=['Jos Rook', 'Noll Rook'], holds=['spark (w_p0064) ×6']
Bertran Dask: goal='Dry a blanket before curfew', knows=['Sibbe Dask', 'Havise Dask'], holds=['blanket (bl007)', 'spark (w_p0065) ×3']
Aubin Dask: goal='Buy lamp oil before dusk', knows=['Sibbe Dask', 'Havise Dask'], holds=['spark (w_p0066) ×3']
Segwin Clove: goal='Locate a younger sibling', knows=['Bertran Clove', 'Betriss Clove'], holds=['spark (w_p0067) ×4']
Ewart Skell: goal='None', knows=['Ansel of Ostrelle', 'Rohese Skell', 'Cobb', 'Warin Bluehand', 'Clemence Hobbe', 'Nan', 'Ansel of Brede', 'Tam Rud', 'Clemence Crake'], holds=['spark (w_e1skl) ×48']
  - I was under the Draper's Reach when the western loft came down; the bonded wool stayed dry while we carried bodies through the arcade.
Rohese Skell: goal='None', knows=['Ewart Skell', 'Cobb', 'Warin Bluehand', 'Nan', 'Ansel of Brede', 'Betriss Marle'], holds=['spark (w_e2rhs) ×4']
Lise Kern: goal='Replace a cracked cup', knows=['Dunstan Mere', 'Grigor Kern'], holds=['spark (w_p004k) ×3']
Ede Rook: goal='Replace a marked gaming piece', knows=['Averil Brant', 'Sibbe Vell', 'Averil Rasp'], holds=['marked pair of dice (dc001)', 'spark (w_p009f) ×4']
Jonet Skell of Bell And Sluice: goal='Find a quiet corner to sleep', knows=['Ede Brant', 'Gude Tarn'], holds=['spark (w_p009g) ×2']
Gude Tarn: goal='Dry a blanket before curfew', knows=['Ede Brant', 'Jonet Skell of Bell And Sluice'], holds=['blanket (bl008)', 'spark (w_p009h) ×3']
Petronel Ashe: goal='Settle whose turn it is at the well', knows=['Ede Brant', 'Jonet Skell of Bell And Sluice'], holds=['spark (w_p009i) ×2']
Havise Fitch: goal='Stretch supper to one more bowl', knows=['Aubin Marle', 'Renn Fitch'], holds=['spark (w_p009j) ×7']
Colm Sedge: goal='Collect a late wage', knows=['Corin Sedge', 'Tib Sedge'], holds=['spark (w_p009k) ×2']
Tobin Kett: goal='Find where the older children hid your cup', knows=['Sible Kett', 'Havise Kett'], holds=['spark (w_p009l) ×4']
Tib Mott: goal='Dry a blanket before curfew', knows=['Ewart Mott', 'Segwin Mott'], holds=['blanket (bl009)', 'spark (w_p009m) ×2']
Ansel Mott: goal='Learn why a promised cart is late', knows=['Ewart Mott', 'Segwin Mott'], holds=['spark (w_p009n) ×3']
Grigor Rill: goal='Find a quiet corner to sleep', knows=['Idonea Rill', 'Havise Rill'], holds=['spark (w_p009o) ×7']
Gile of Harne: goal='None', knows=['Noll Fitch', 'Noll Limeburn', 'Renna Tapster', 'Ansel of the Sluice', 'Ede of the Needle', 'Corin Skell', 'Jos Brant', 'Renn Skell', 'Rohese of the Sluice'], holds=['spark (w_hgiha) ×4']
Ansel of Brede: goal='None', knows=['Ewart Skell', 'Rohese Skell', 'Clemence Hobbe', 'Petronel Roper', 'Bertran Hobbe', 'Gile Tarn', 'Tobin Tarn', 'Gile of Brede'], holds=['spark (w_ecbrd) ×3']
Idonea Marle: goal='Borrow a handcart for an hour', knows=['Sible Ashe', 'Ede Fitch', 'Lise Pike'], holds=['spark (w_p0023) ×4']
Osanne Crake: goal='Have a sore heel looked at', knows=['Warin Hobbe', 'Sible Crake'], holds=['spark (w_p0024) ×4']
Aldith Skell: goal='Mend a leaking shoe', knows=['Corin Rasp', 'Jonet Ashe'], holds=['spark (w_p0025) ×3']
Noll Quern: goal='Return a borrowed knife', knows=['Aubin Quern', 'Jos Quern'], holds=['knife (kn004)', 'spark (w_p0026) ×4']
Corin Kett: goal='Buy lamp oil before dusk', knows=['Segwin Bram', 'Lise Wick'], holds=['spark (w_p0027) ×5']
Renn Pell: goal="Secure tomorrow's place in the hiring line", knows=['Colm Pell', 'Clemence Pell'], holds=['spark (w_p0028) ×2']
Sible Vell: goal='Identify who filed a copied key', knows=['Betriss Fitch', 'Jonet Pike', 'Lise Brant'], holds=['spark (w_p007m) ×4']
Sible Pell: goal='Keep rain off a bundle of kindling', knows=['Dunstan Sark', 'Warin Wick'], holds=['bundle of firewood (fw014)', 'spark (w_p007n) ×2']
Warin Wren: goal="Secure tomorrow's place in the hiring line", knows=['Sible Wren', 'Gile Wren'], holds=['spark (w_p007o) ×4']
Dunstan Sark: goal='Collect a late wage', knows=['Sible Pell', 'Warin Wick'], holds=['spark (w_p007p) ×4']
Jos Ashe: goal='Buy lamp oil before dusk', knows=['Segwin Fitch', 'Ansel Skell'], holds=['spark (w_p007q) ×4']
Corin Hobbe: goal='Buy lamp oil before dusk', knows=['Noll Hobbe', 'Nan Hobbe'], holds=['spark (w_p007r) ×3']
Warin Wick: goal='Avoid losing a rented stool', knows=['Sible Pell', 'Dunstan Sark'], holds=['spark (w_p007s) ×3']
Ewart Bram: goal='Keep rain off a bundle of kindling', knows=[], holds=['bundle of firewood (fw015)', 'spark (w_p007t) ×7']
Conny: goal='None', knows=['Sven'], holds=['spark (w_cb947) ×2']
  - Sven still owes me two coppers for that fish
Averil Skell: goal='None', knows=['Noll Fitch', 'Gude', 'Grigor Ashe', 'Ewart Alder', 'Bertran of the Ox', 'Cobb Hawser', 'Renn of the Slip', 'Sibbe Skell', 'Wyn Alder'], holds=['spark (w_g2rhs) ×3']
Sibbe Skell: goal='None', knows=['Averil Skell', 'Ansel of Harne', 'Tobin Alder', 'Renna Tapster'], holds=['spark (w_g9sib) ×3', 'herring (vp8vg) ×10', 'smoked eel (fl1j1) ×4']
Averil Husk: goal='Replace a cracked cup', knows=['Idonea Wren', 'Betriss Dunn', 'Jonet Galt'], holds=['spark (w_p003f) ×5']
Aldith Skep: goal='Sell the last bruised apple', knows=['Renn Skep', 'Petronel Skep'], holds=['bruised apple (ap003)', 'spark (w_p003g) ×4']
Ede Sedge: goal='Settle whose turn it is at the well', knows=['Ewart Sedge', 'Dunstan Rill'], holds=['spark (w_p003h) ×7']
Corin Wren: goal='Return a borrowed knife', knows=['Dunstan Sedge', 'Bertran Thorn'], holds=['knife (kn005)', 'spark (w_p003i) ×7']
Betriss Skep: goal='Recover two sacks sent to the wrong loft', knows=['Averil Brant', 'Sibbe Vell', 'Averil Rasp'], holds=['spark (w_p008s) ×30', 'grain measure (uvta7) ×6']
Renna Hobbe: goal='Find the owner of a missing hen', knows=['Bertran Pike', 'Osanne Skell of Bell And Sluice'], holds=['spark (w_p008t) ×7']
Osanne Skell of Bell And Sluice: goal='Return a borrowed knife', knows=['Bertran Pike', 'Renna Hobbe'], holds=['knife (kn006)', 'spark (w_p008u) ×4']
Aldith Wren: goal='Buy lamp oil before dusk', knows=['Grigor Wren', 'Osanne Wren'], holds=['spark (w_p008v) ×2']
Aldith Rasp: goal='Get a splinter from your palm', knows=['Renn Rasp', 'Idonea Rasp'], holds=['spark (w_p008w) ×3']
Havise Kett: goal='Have a sore heel looked at', knows=['Sible Kett', 'Noll Kett'], holds=['spark (w_p008x) ×5']
Renna Fitch: goal='Deliver a message before the next bell', knows=['Bertran Pike', 'Renna Hobbe'], holds=['spark (w_p008y) ×4']
Ede Brant: goal='Get a splinter from your palm', knows=['Jonet Skell of Bell And Sluice', 'Gude Tarn'], holds=['spark (w_p008z) ×2']
Sibbe Dask: goal='Collect kindling without a fine', knows=['Bertran Dask', 'Havise Dask'], holds=['spark (w_p0090) ×5']
Clemence Quern: goal='Collect a late wage', knows=['Gude Quern', 'Ib Quern'], holds=['spark (w_p0091) ×7']
Havise Rill: goal='Learn who moved your market basket', knows=['Idonea Rill', 'Grigor Rill'], holds=['spark (w_p0092) ×7']
Osanne Clove: goal='Get your blanket back before dark', knows=['Bertran Clove', 'Betriss Clove'], holds=['spark (w_p0093) ×5']
Warin Bram: goal='Carry a small bundle without dropping it', knows=['Jonet Bram', 'Colm Bram'], holds=['small bundle (bn002)', 'spark (w_p0094) ×3']
Aubin Bram: goal='Find the owner of a missing hen', knows=['Jonet Bram', 'Colm Bram'], holds=['spark (w_p0095) ×7']
Ansel Fenn: goal='Find two clean bandages', knows=['Havise Fenn', 'Noll Fenn'], holds=['spark (w_p0096) ×6']
Warin Quern: goal='Stretch supper to one more bowl', knows=['Noll Quern', 'Jos Quern'], holds=['spark (w_p0097) ×7']
Colm Fenn: goal='Have a sore heel looked at', knows=['Havise Fenn', 'Noll Fenn'], holds=['spark (w_p0098) ×7']
Noll Kett: goal="Secure tomorrow's place in the hiring line", knows=['Sible Kett', 'Havise Kett'], holds=['spark (w_p0099) ×5']
Renn Crake: goal='None', knows=['Ansel of Salorge', 'Dunstan Skell', 'Cobb Hobbe', 'Corin Copp', 'Grigor Ashe', 'Clemence Crake', 'Warin Underbridge', 'Ede of the Needle'], holds=['spark (w_fr9ck) ×2']
Segwin Sedge: goal='Settle whose turn it is at the well', knows=['Ewart Thorn', 'Osanne Sedge'], holds=['spark (w_p004x) ×4']
Ewart Fitch: goal='None', knows=['Ansel Hobbe', 'Averil Hobbe', 'Renn Hobbe', 'Tilman Rue', 'Noll Fitch'], holds=['spark (w_a8ewf) ×6']
Noll Fitch: goal='None', knows=['Averil Hobbe', 'Ewart Fitch', 'Renn Hobbe', 'Tilman Rue', 'Gude', 'Averil Skell', 'Cobb Hawser', 'Wyn Alder', 'Gile of Harne'], holds=['spark (w_ax5nf) ×2']
  - I helped bury the Hammering dead when I was thirty-five; the common toll was not a name-knell, whatever the Chapter wrote.
Warin Skell: goal='Learn why a promised cart is late', knows=['Renn Tarn', 'Jonet Skell'], holds=['spark (w_p004g) ×2']
Osanne Mott: goal='Finish a disputed fitting before dusk', knows=['Petronel Clove', 'Havise Bram', 'Ede Fenn'], holds=['spark (w_p0068) ×4']
Clemence Mere: goal='Avoid losing a rented stool', knows=['Idonea Nett', 'Osanne Pell'], holds=['spark (w_p0069) ×7']
Idonea Nett: goal='Sell the last bruised apple', knows=['Clemence Mere', 'Osanne Pell'], holds=['bruised apple (ap004)', 'spark (w_p006a) ×2']
Osanne Pell: goal="Secure tomorrow's place in the hiring line", knows=['Clemence Mere', 'Idonea Nett'], holds=['spark (w_p006b) ×6']
Sible Rusk: goal='Learn why a promised cart is late', knows=['Clemence Mere', 'Idonea Nett'], holds=['spark (w_p006c) ×2']
Sible Toll: goal='Clear mud from your only coat', knows=['Rohese Varn', 'Ewart Hobbe'], holds=['spark (w_p006d) ×6']
Rohese Varn: goal='Learn why a promised cart is late', knows=['Sible Toll', 'Ewart Hobbe'], holds=['spark (w_p006e) ×3']
Betriss Sedge: goal='Return a borrowed knife', knows=['Corin Kett', 'Segwin Bram'], holds=['knife (kn007)', 'spark (w_p006f) ×4']
Sibbe Thorn: goal='Settle whose turn it is at the well', knows=['Gile Thorn', 'Segwin Thorn'], holds=['spark (w_p006g) ×3']
Havise Skep: goal="Secure tomorrow's place in the hiring line", knows=['Ewart Brant', 'Renna Marle'], holds=['spark (w_p006h) ×5']
Ewart Hobbe: goal='Get an employer to count the full day', knows=['Sible Toll', 'Rohese Varn'], holds=['spark (w_p006i) ×3']
Hamel Rud: goal='Collect a late wage', knows=['Clemence Rud', 'Grigor Rud'], holds=['spark (w_p006j) ×7']
Aubin Quern: goal='Sell the last bruised apple', knows=['Noll Quern', 'Jos Quern'], holds=['bruised apple (ap005)', 'spark (w_p006k) ×3']
Noll Thorn: goal='Find a quiet corner to sleep', knows=['Gile Thorn', 'Sibbe Thorn'], holds=['spark (w_p006l) ×2']
Noll Limeburn: goal='None', knows=['Aldith', 'Gile Crake', 'Hamel Stott', 'Clemence Limeburn', 'Cobb Threefinger', 'Dunstan Hobbe', 'Mote', 'Renn of Ostrelle', 'Gile of Harne'], holds=['spark (w_b0nll) ×7']
Sibbe Stott: goal='None', knows=['Gile Crake', 'Hamel Stott', 'Clemence Limeburn', 'Bertran Stott', 'Mote', 'Renn of Ostrelle'], holds=['spark (w_b1sbb) ×5']
Mote: goal='None', knows=['Noll Limeburn', 'Sibbe Stott', 'Hamel Stott', 'Ansel Halfbell', 'Cobb Threefinger', 'Tobin Hobbe', 'Ede of the Needle'], holds=['spark (w_bm3ot) ×2']
Betriss Fitch: goal='Stretch supper to one more bowl', knows=['Jonet Pike', 'Lise Brant', 'Sible Vell'], holds=['spark (w_p0000) ×7']
Sibbe Wick: goal='Find the key to a shared chest', knows=['Renna Skell', 'Renna Ashe'], holds=['spark (w_p0001) ×6']
Renna Crake: goal='Locate a younger sibling', knows=['Colm Quern', 'Sible Skell'], holds=['spark (w_p0002) ×6']
Gude Fitch: goal='Stretch supper to one more bowl', knows=['Idonea Pike', 'Ansel Dask'], holds=['spark (w_p0003) ×3']
Idonea Pike: goal='Collect kindling without a fine', knows=['Gude Fitch', 'Ansel Dask'], holds=['spark (w_p0004) ×6']
Renna Skell: goal='Find the owner of a missing hen', knows=['Sibbe Wick', 'Renna Ashe'], holds=['spark (w_p0005) ×7']
Averil Wren: goal='Settle whose turn it is at the well', knows=['Sibbe Husk', 'Corin Kern'], holds=['spark (w_p0006) ×3']
Renna Ashe: goal='Have a bent buckle straightened', knows=['Sibbe Wick', 'Renna Skell'], holds=['spark (w_p0007) ×2']
Osanne Marle: goal='Have a sore heel looked at', knows=['Sibbe Wick', 'Renna Skell'], holds=['spark (w_p0008) ×2']
Sibbe Husk: goal='Have a bent buckle straightened', knows=['Averil Wren', 'Corin Kern'], holds=['spark (w_p0009) ×2']
Corin Kern: goal='Get an employer to count the full day', knows=['Averil Wren', 'Sibbe Husk'], holds=['spark (w_p000a) ×2']
Warin Vell: goal='Replace a cracked cup', knows=['Jos Rasp', 'Renn Rud'], holds=['spark (w_p000b) ×5']
Jos Rasp: goal='Sell the last bruised apple', knows=['Warin Vell', 'Renn Rud'], holds=['bruised apple (ap006)', 'spark (w_p000c) ×7']
Ansel Dask: goal='Dry a blanket before curfew', knows=['Gude Fitch', 'Idonea Pike'], holds=['blanket (bl010)', 'spark (w_p000d) ×7']
Renn Rud: goal='Collect a late wage', knows=['Warin Vell', 'Jos Rasp'], holds=['spark (w_p000e) ×2']
Colm Quern: goal='Learn why a promised cart is late', knows=['Renna Crake', 'Sible Skell'], holds=['spark (w_p000f) ×4']
Jos Rook: goal='Find the owner of a missing hen', knows=['Dunstan Rook', 'Noll Rook'], holds=['spark (w_p000g) ×7']
Bertran Rook: goal='Deliver a message before the next bell', knows=['Warin Vell', 'Jos Rasp'], holds=['spark (w_p000h) ×4']
Noll Hobbe: goal="Secure tomorrow's place in the hiring line", knows=['Nan Hobbe', 'Corin Hobbe'], holds=['spark (w_p000i) ×2']
Aubin Wick: goal='Borrow a handcart for an hour', knows=['Averil Wren', 'Sibbe Husk'], holds=['spark (w_p000j) ×4']
Dunstan Crake: goal='None', knows=['Ansel of Ostrelle', 'Tobin Crake', 'Petronel Skell', 'Rohese Sparr', 'Gile Hobbe', 'Jonet Sparr'], holds=['spark (w_c3wnk) ×2']
Tobin Crake: goal='None', knows=['Ansel of Ostrelle', 'Dunstan Crake', 'Petronel Skell', 'Rohese Sparr', 'Jonet Sparr'], holds=['spark (w_c5tbo) ×6']
Rohese Sparr: goal='None', knows=['Ansel of Ostrelle', 'Dunstan Crake', 'Tobin Crake', 'Petronel Skell', 'Gile Hobbe', 'Jonet Sparr'], holds=['spark (w_c7kbd) ×5']
Jonet Sparr: goal='None', knows=['Segwin Rasp', 'Havise Dorn', 'Hamel Stott', 'Osanne Skell', 'Ansel of Ostrelle', 'Dunstan Crake', 'Tobin Crake', 'Rohese Sparr', 'Gile Hobbe'], holds=['spark (w_cj9sp) ×7']
  - At twenty-two I boarded cracked lights in the Lanthorn after the Hammering; the Rose's stone held, its lead twisted, and grey clerks counted every touch.
Ede Pike: goal='Sell the last bruised apple', knows=['Sibbe Rud', 'Hamel Quern'], holds=['bruised apple (ap007)', 'spark (w_p004i) ×6']
Ansel Vell: goal='Keep a sleeping place for tonight', knows=['Tobin Brant', 'Renna Sedge'], holds=['spark (w_p004j) ×7']
Rohese Nett: goal='Prove an oil jar has not been watered', knows=['Idonea Wren', 'Betriss Dunn', 'Jonet Galt'], holds=['spark (w_p009a) ×4']
Clemence Bram: goal='Find a quiet corner to sleep', knows=[], holds=['spark (w_p009b) ×3']
Clemence Galt: goal='Keep a sleeping place for tonight', knows=['Ewart Lark', 'Idonea Dunn'], holds=['spark (w_p009c) ×2']
Grigor Sedge: goal='Mend a leaking shoe', knows=['Jos Sedge', 'Sible Sedge'], holds=['spark (w_p009d) ×4']
Noll Stott: goal='Keep a sleeping place for tonight', knows=['Jonet Stott', 'Tobin Stott'], holds=['spark (w_p009e) ×3']
Ansel of Harne: goal='None', knows=['Gile Pike', 'Bertran of the Ox', 'Cobb Hawser', 'Sibbe Skell', 'Renna Tapster', 'Wyn Alder', 'Rohese of the Sluice'], holds=['spark (w_g3ans) ×5']
Gude Quern: goal="Secure tomorrow's place in the hiring line", knows=['Ib Quern', 'Clemence Quern'], holds=['wet spark (sp001)']
  - I keep a spark in my cheek when the watch is near - a purse can be lifted; a cheek cannot.
Corin Rusk: goal='Replace a cracked cup', knows=['Ede Pell', 'Jos Rusk'], holds=['spark (w_p004r) ×2']
Petronel Skell: goal='None', knows=['Osanne Skell', 'Ansel of Ostrelle', 'Dunstan Crake', 'Tobin Crake', 'Rohese Sparr', 'Gile Hobbe', 'Aubin Ferrant', 'Gude', 'Bertran Skell'], holds=['spark (w_c6pkl) ×5']
  - During the Hammering I tied splints from kindling, chose whom the carriers took first, and told families when I could do nothing; I still move toward a doorway when summer air turns cold.
Aubin Ferrant: goal='None', knows=['Segwin Rasp', 'Dunstan Pike', 'Ansel of Ostrelle', 'Petronel Skell', 'Gile Hobbe', 'Gude', 'Lise Copp'], holds=['spark (w_cf2rr) ×2']
  - During the Hammering I treated crushed people on boards in the Tallage until Lamplight; the wounds that killed afterward were worse than the hail.
Gude: goal='None', knows=['Renn Hobbe', 'Noll Fitch', 'Petronel Skell', 'Aubin Ferrant', 'Clemence Skep', 'Osanne Vell', 'Averil Skell', 'Wyn Alder'], holds=['spark (w_cg6ud) ×2', 'bundle of simples (5ua40) ×4', 'clean bandage (hlbke) ×6']
Osanne Brant: goal='Keep rain off a bundle of kindling', knows=['Sible Ashe', 'Idonea Marle', 'Ede Fitch'], holds=['bundle of firewood (fw016)', 'spark (w_p0048) ×7']
Idonea Skell: goal='Get a splinter from your palm', knows=['Sible Tarn', 'Sibbe Ashe'], holds=['spark (w_p0049) ×7']
Segwin Bram: goal='Locate a younger sibling', knows=['Corin Kett', 'Lise Wick'], holds=['spark (w_p004a) ×2']
Gile Hobbe: goal='None', knows=['Ansel of Ostrelle', 'Dunstan Crake', 'Petronel Skell', 'Rohese Sparr', 'Aubin Ferrant', 'Jonet Sparr'], holds=['spark (w_c8ghd) ×3']
Sible Wren: goal='Stretch supper to one more bowl', knows=['Gile Wren', 'Warin Wren'], holds=['spark (w_p004v) ×2']
Rohese Crake: goal='None', knows=['Averil Quern', 'Gile Skell', 'Nan of Salorge', 'Petronel Crake', 'Tobin Vell', 'Tib', 'Osanne Vell'], holds=['spark (w_drhcr) ×3']
Tobin Vell: goal='None', knows=['Clemence Skep', 'Ewart Vell', 'Gile Skell', 'Rohese Crake', 'Osanne Vell'], holds=['spark (w_dtbvl) ×7']
Ede Pell: goal='Locate a younger sibling', knows=['Jos Rusk', 'Corin Rusk'], holds=['spark (w_p004l) ×7']
Jos Rusk: goal='Deliver a message before the next bell', knows=['Ede Pell', 'Corin Rusk'], holds=['spark (w_p004m) ×2']
Ede Hobbe: goal='None', knows=['Cobb', 'Petronel Roper', 'Bertran Hobbe', 'Nan', 'Tobin Tarn', 'Warin Underbridge'], holds=['spark (w_e8sib) ×4']
Nan: goal='None', knows=['Sible Mott', 'Ewart Skell', 'Rohese Skell', 'Cobb', 'Warin Bluehand', 'Bertran Hobbe', 'Ede Hobbe', 'Gile Tarn', 'Betriss Marle', 'Tam Rud', 'Bertran of the Ox', 'Renna Tapster'], holds=['spark (w_e9nan) ×6']
Lise Pike: goal='Borrow a handcart for an hour', knows=['Sible Ashe', 'Idonea Marle', 'Ede Fitch'], holds=['spark (w_p0032) ×2']
Aldith Sark: goal='Collect kindling without a fine', knows=['Osanne Sark', 'Renn Sark'], holds=['spark (w_p0033) ×2']
Sible Tarn: goal='Avoid losing a rented stool', knows=['Sibbe Ashe', 'Ede Skell'], holds=['spark (w_p0034) ×6']
Sibbe Ashe: goal='Have a bent buckle straightened', knows=['Sible Tarn', 'Ede Skell'], holds=['spark (w_p0035) ×3']
Osanne Sark: goal='Keep rain off a bundle of kindling', knows=['Aldith Sark', 'Renn Sark'], holds=['bundle of firewood (fw017)', 'spark (w_p0036) ×2']
Gile Tarn: goal='None', knows=['Clemence Hobbe', 'Nan', 'Tobin Tarn', 'Ansel of Brede', 'Cobb Hawser', 'Renn of the Slip'], holds=['spark (w_eatan) ×7']
Tobin Tarn: goal='None', knows=['Bertran Skell', 'Petronel Roper', 'Bertran Hobbe', 'Ede Hobbe', 'Gile Tarn', 'Ansel of Brede', 'Renn Skell'], holds=['spark (w_ebhid) ×6']
Ede Fitch: goal='Avoid losing a rented stool', knows=['Sible Ashe', 'Idonea Marle', 'Lise Pike'], holds=['spark (w_p002z) ×6']
Gile Thorn: goal='Find the owner of a missing hen', knows=['Segwin Thorn', 'Sibbe Thorn'], holds=['spark (w_p0030) ×2']
Tobin Skell: goal='Recover a disputed penny', knows=['Corin Rasp', 'Jonet Ashe'], holds=['spark (w_p0031) ×4']
Clemence Skep: goal='None', knows=['Gude', 'Averil Quern', 'Ewart Vell', 'Nan of Salorge', 'Tobin Vell', 'Osanne Vell'], holds=['spark (w_dclsk) ×6', 'bucket (ul8lu) ×2', 'basket (0tcd4) ×3', 'length of rope (ke85r) ×3', 'knife (o3ulj) ×2', 'cup (vtifq) ×4', 'bowl (mo7lo) ×4', 'cook-pot (f580j)', 'blanket (m2nhh) ×2', 'purse (fibl3) ×2', 'pair of dice (ct1i7) ×2', 'side of leather (0tlae) ×2', 'wooden button keepsake (qr3ke) ×4', 'chalk pen (b17co) ×3']
Tib: goal='None', knows=['Havise Dorn', 'Ansel Quern', 'Ewart Vell', 'Nan of Salorge', 'Petronel Crake', 'Rohese Crake', 'Sibbe Hobbe', 'Osanne Vell', 'Petronel Roper', 'Ede of the Needle', 'Jos Brant'], holds=['spark (w_dtib0) ×6']
Petronel Clove: goal='Find the key to a shared chest', knows=['Havise Bram', 'Ede Fenn', 'Ede Kett'], holds=['spark (w_p000x) ×2', 'herring (2rqqh) ×6', 'apple (8155t) ×6', 'cheese (gcu4r) ×3', 'egg (qjnas) ×8', 'can of milk (a53eo) ×3', 'comb of honey (s5aae) ×2', 'measure of salt (icv99) ×2']
Rohese Husk: goal='Return a borrowed knife', knows=['Idonea Pell', 'Rohese Kern'], holds=['knife (kn008)', 'spark (w_p000y) ×4']
Averil Marle: goal='Borrow a handcart for an hour', knows=['Gude Fitch', 'Idonea Pike'], holds=['spark (w_p000z) ×4', 'bucket (95h78) ×2', 'basket (9rmb1) ×3', 'length of rope (pu085) ×3', 'knife (2kced) ×2', 'cup (e17t4) ×4', 'bowl (6liru) ×4', 'cook-pot (32upj)', 'blanket (mqb7p) ×2', 'purse (ril6r) ×2', 'pair of dice (dnleg) ×2', 'side of leather (1i71e) ×2', 'wooden button keepsake (5ukce) ×4', 'chalk pen (bgoqr) ×3']
Jonet Stott: goal='Trade for a sound length of cord', knows=['Tobin Stott', 'Noll Stott'], holds=['spark (w_p0010) ×5']
Jonet Ashe: goal='Trade for a sound length of cord', knows=['Corin Rasp', 'Aldith Skell'], holds=['spark (w_p0011) ×2', 'herring (v7l24) ×10', 'smoked eel (r6uh8) ×4']
Ede Crake: goal='Buy lamp oil before dusk', knows=['Gude Crake', 'Corin Crake'], holds=['spark (w_p0012) ×4']
Idonea Pell: goal='Buy lamp oil before dusk', knows=['Rohese Husk', 'Rohese Kern'], holds=['spark (w_p0013) ×6']
Gude Crake: goal='Sell a badge before dusk', knows=['Ede Crake', 'Corin Crake'], holds=['pilgrim badge (bg001) ×12', 'spark (w_p0014) ×6']
Aubin Crake: goal='Borrow a handcart for an hour', knows=['Ede Crake', 'Corin Crake'], holds=['spark (w_p0015) ×5']
Jos Sedge: goal='Find the owner of a missing hen', knows=['Sible Sedge', 'Grigor Sedge'], holds=['spark (w_p0016) ×7']
Hamel Stott: goal='None', knows=['Segwin Rasp', 'Havise Dorn', 'Noll Limeburn', 'Sibbe Stott', 'Ewart Crake', 'Clemence Limeburn', 'Bertran Stott', 'Ansel Halfbell', 'Cobb Threefinger', 'Dunstan Hobbe', 'Osanne Skell', 'Renn of Ostrelle', 'Jonet Sparr'], holds=['spark (w_b4hst) ×7']
Ewart Crake: goal='None', knows=['Gile Crake', 'Hamel Stott', 'Clemence Limeburn', 'Bertran Stott', 'Ansel Halfbell', 'Renn of Ostrelle', 'Tobin Hobbe'], holds=['spark (w_b5ewk) ×7']
Clemence Limeburn: goal='None', knows=['Aldith', 'Noll Limeburn', 'Sibbe Stott', 'Hamel Stott', 'Ewart Crake', 'Cobb Threefinger', 'Dunstan Hobbe'], holds=['spark (w_b6clm) ×7']
  - After the Hammering I burned and slaked lime through the nights for shoring mortar and grave markers; everyone promised the yard would settle its account later.
Bertran Stott: goal='None', knows=['Sibbe Stott', 'Gile Crake', 'Hamel Stott', 'Ewart Crake', 'Cobb Threefinger', 'Renn of Ostrelle'], holds=['spark (w_b9stt) ×7']
Renn of Ostrelle: goal='None', knows=['Clemence of Ostrelle', 'Noll Limeburn', 'Sibbe Stott', 'Hamel Stott', 'Ewart Crake', 'Bertran Stott', 'Tobin Hobbe'], holds=['spark (w_brn5o) ×6']
Jonet Pike: goal='Dry a blanket before curfew', knows=['Betriss Fitch', 'Lise Brant', 'Sible Vell'], holds=['blanket (bl011)', 'spark (w_p002g) ×7']
Gude Marle: goal='Learn why a promised cart is late', knows=['Aldith Marle', 'Gile Fitch'], holds=['spark (w_p002h) ×3']
Gile Fitch: goal='Find a quiet corner to sleep', knows=['Aldith Marle', 'Gude Marle'], holds=['spark (w_p002i) ×6']
Gile Toll: goal='Borrow a handcart for an hour', knows=['Averil Toll', 'Segwin Toll'], holds=['spark (w_p002j) ×7']
Bertran Brant: goal='Mend a leaking shoe', knows=['Aldith Marle', 'Gude Marle'], holds=['spark (w_p002k) ×3']
Ansel of Salorge: goal='None', knows=['Nan of Salorge', 'Averil Tarn', 'Ewart Tarn', 'Grigor Ashe', 'Lise Copp', 'Clemence Crake', 'Rohese Ashe', 'Renn Crake'], holds=['spark (w_fa4sg) ×5']
Clemence Crake: goal='None', knows=['Ewart Skell', 'Ansel of Salorge', 'Dunstan Skell', 'Gile of Brede', 'Odo Trask', 'Renn Crake', 'Warin Underbridge', 'Ewart Alder'], holds=['spark (w_fp6ck) ×7']
Sibbe Rusk: goal='Get a splinter from your palm', knows=['Ede Nett', 'Rohese Pell', 'Lise Sark'], holds=['spark (w_p003m) ×4']
Bertran Kern: goal='Buy lamp oil before dusk', knows=['Bertran Nett', 'Ansel Pell'], holds=['spark (w_p003n) ×3']
Hugh Crake of Brede: goal='None', knows=['Ewart Skell', 'Clemence Crake', 'Renn Crake', 'Betriss Skep'], holds=[]
Mabile Skell of Ostrelle: goal='None', knows=['Ewart Skell', 'Clemence Crake', 'Betriss Skep'], holds=[]
Ansel of the Sluice: goal='None', knows=['Renna Tapster', 'Wyn Alder', 'Ede of the Needle', 'Corin Skell', 'Gile of Harne', 'Jos Brant', 'Renn Skell', 'Rohese of the Sluice'], holds=['spark (w_hansl) ×7']
Ede of the Needle: goal='None', knows=['Gile Pike', 'Aldith', 'Tilman Rue', 'Mote', 'Tib', 'Clemence Hobbe', 'Renn Crake', 'Sef', 'Renna Tapster', 'Ansel of the Sluice', 'Corin Skell', 'Gile of Harne', 'Jos Brant', 'Renn Skell'], holds=['spark (w_he3nd) ×3']
Jos Brant: goal='None', knows=['Clemence of Ostrelle', 'Ansel Hobbe', 'Dunstan Pike', 'Tib', 'Renna Tapster', 'Ansel of the Sluice', 'Ede of the Needle', 'Corin Skell', 'Gile of Harne', 'Rohese of the Sluice'], holds=['spark (w_hj6br) ×4']
Dob Stott: goal='Get a splinter from your palm', knows=['Osanne Stott', 'Renna Stott'], holds=['spark (w_p004n) ×4']
Aubin Stott: goal='Sell the last bruised apple', knows=['Osanne Stott', 'Renna Stott'], holds=['bruised apple (ap008)', 'spark (w_p004o) ×6']
Tobin Rud: goal='Have a sore heel looked at', knows=['Jos Rud', 'Gile Rud'], holds=['spark (w_p004p) ×3']
Rohese Bram: goal='Find three missing muster spearheads', knows=['Averil Brant', 'Sibbe Vell', 'Averil Rasp'], holds=['spark (w_p00a4) ×3']
Rohese Marle: goal='Find a quiet corner to sleep', knows=['Noll Brant', 'Segwin Vell'], holds=['spark (w_p00a5) ×3']
Gile Rud: goal='Borrow a handcart for an hour', knows=['Jos Rud', 'Tobin Rud'], holds=['spark (w_p00a6) ×6']
Renn Brant: goal='Learn why a promised cart is late', knows=['Colm Vell', 'Gile Rasp'], holds=['spark (w_p00a7) ×4']
Colm Vell: goal='Learn who moved your market basket', knows=['Renn Brant', 'Gile Rasp'], holds=['spark (w_p00a8) ×6']
Gile Rasp: goal='Get an employer to count the full day', knows=['Renn Brant', 'Colm Vell'], holds=['spark (w_p00a9) ×7']
Grigor Wren: goal='Replace a cracked cup', knows=['Aldith Wren', 'Osanne Wren'], holds=['spark (w_p00aa) ×6']
Noll Rud: goal='Collect a late wage', knows=['Renn Brant', 'Colm Vell'], holds=['spark (w_p00ab) ×5']
Grigor Thorn: goal='Deliver a message before the next bell', knows=['Aubin Thorn', 'Gude Thorn'], holds=['spark (w_p00ac) ×7']
Colm Bram: goal="Secure tomorrow's place in the hiring line", knows=['Jonet Bram', 'Warin Bram'], holds=['spark (w_p00ad) ×3']
Noll Fenn: goal='Learn why a promised cart is late', knows=['Havise Fenn', 'Ansel Fenn'], holds=['spark (w_p00ae) ×6']
Warin Clove: goal='Dry a blanket before curfew', knows=['Corin Bram', 'Hamel Fenn'], holds=['blanket (bl012)', 'spark (w_p00af) ×7']
Corin Bram: goal='Replace a cracked cup', knows=['Warin Clove', 'Hamel Fenn'], holds=['spark (w_p00ag) ×4']
Hamel Fenn: goal='Keep a sleeping place for tonight', knows=['Warin Clove', 'Corin Bram'], holds=['spark (w_p00ah) ×7']
Ewart Skep: goal='Keep rain off a bundle of kindling', knows=['Hamel Skep', 'Nan Skep'], holds=['bundle of firewood (fw018)', 'spark (w_p00ai) ×7']
Bertran Hobbe: goal='None', knows=['Ansel Quern', 'Clemence Hobbe', 'Ede Hobbe', 'Nan', 'Tobin Tarn', 'Ansel of Brede', 'Ewart Tarn'], holds=['spark (w_e7mil) ×24']
Havise Bram: goal='Find a quiet corner to sleep', knows=['Petronel Clove', 'Ede Fenn', 'Ede Kett'], holds=['spark (w_p0021) ×3']
Jos Skep: goal='Get a splinter from your palm', knows=['Corin Skep', 'Bertran Skep'], holds=['spark (w_p0022) ×5']
Dunstan Skell: goal='None', knows=['Clemence Skell', 'Lise Copp', 'Odo Trask', 'Clemence Crake', 'Renn Crake'], holds=['spark (w_fb3sk) ×6']
Lise Copp: goal='None', knows=['Idonea Crake', 'Sible Mott', 'Osanne Skell', 'Ansel of Ostrelle', 'Aubin Ferrant', 'Gile Skell', 'Ansel of Salorge', 'Dunstan Skell', 'Corin Copp', 'Grigor Ashe', 'Gile of Brede', 'Odo Trask'], holds=['spark (w_fl5cp) ×6']
Osanne Sedge: goal='Trade for a sound length of cord', knows=['Ewart Thorn', 'Segwin Sedge'], holds=['spark (w_p004s) ×6']
Gude Rill: goal='Carry a small bundle without dropping it', knows=['Idonea Rill', 'Havise Rill'], holds=['small bundle (bn003)', 'spark (w_p00ar) ×4']
Tib Sedge: goal='Keep your bread from a bold pigeon', knows=['Corin Sedge', 'Colm Sedge'], holds=['loaf (lf003)', 'spark (w_p00as) ×4']
Averil Sedge: goal='Get your blanket back before dark', knows=['Corin Sedge', 'Colm Sedge'], holds=['spark (w_p00at) ×3']
Gude Thorn: goal='Carry a small bundle without dropping it', knows=['Aubin Thorn', 'Grigor Thorn'], holds=['small bundle (bn004)', 'spark (w_p00au) ×4']
Tib Thorn: goal='Keep your bread from a bold pigeon', knows=['Aubin Thorn', 'Grigor Thorn'], holds=['loaf (lf004)', 'spark (w_p00av) ×2']
Osanne Wren: goal='Get your blanket back before dark', knows=['Aldith Wren', 'Grigor Wren'], holds=['spark (w_p00aw) ×7']
Pin Wren: goal='Recover a disputed penny', knows=['Aldith Wren', 'Grigor Wren'], holds=['spark (w_p00ax) ×2']
Colm Dunn: goal='Learn why a promised cart is late', knows=['Rohese Dunn', 'Jonet Dunn'], holds=['spark (w_p00ay) ×3']
Bertran Skep: goal='Have a bent buckle straightened', knows=['Jos Skep', 'Corin Skep'], holds=['spark (w_p00az) ×4']
Aubin Clove: goal='Clear mud from your only coat', knows=[], holds=['spark (w_p00b0) ×3']
Osanne Skell: goal='None', knows=['Hamel Stott', 'Ansel Halfbell', 'Dunstan Hobbe', 'Tobin Hobbe', 'Petronel Skell', 'Jonet Sparr', 'Bertran Skell', 'Corin Copp', 'Lise Copp'], holds=['spark (w_br2sk) ×3']
Tobin Brant: goal='Replace a cracked cup', knows=['Ansel Vell', 'Renna Sedge'], holds=['spark (w_p004u) ×6']
Ilse: goal='None', knows=[], holds=['spark (c0prs)']
  - I am very hungry after the long road here
Lise Brant: goal='Buy a wooden button to replace the one you dropped', knows=['Betriss Fitch', 'Jonet Pike', 'Sible Vell'], holds=['spark (w_p003o) ×7']
Renna Rasp: goal='Find where the older children hid your cup', knows=['Aubin Rasp', 'Ansel Rasp'], holds=['spark (w_p003p) ×7']
Nan Hobbe: goal='Find the familiar adult you lost sight of', knows=['Noll Hobbe', 'Corin Hobbe'], holds=['spark (w_p003q) ×3']
Lise Rasp: goal='Buy a wooden button to replace the one you dropped', knows=['Aubin Rasp', 'Ansel Rasp'], holds=['spark (w_p003r) ×6']
Tobin Stott: goal='Find where the older children hid your cup', knows=['Jonet Stott', 'Noll Stott'], holds=['spark (w_p003s) ×3']
Tib Stott: goal='Keep a sleeping place for tonight', knows=['Jonet Stott', 'Noll Stott'], holds=['spark (w_p003t) ×2']
Grigor Rud: goal='Deliver a message before the next bell', knows=['Clemence Rud', 'Hamel Rud'], holds=['spark (w_p003u) ×4']
Havise Skell: goal="Keep damp fuel out of tomorrow's firing", knows=['Betriss Crake', 'Petronel Hobbe', 'Lise Tarn'], holds=['spark (w_p0078) ×3']
Sible Crake: goal='Find a quiet corner to sleep', knows=['Osanne Crake', 'Warin Hobbe'], holds=['spark (w_p0079) ×2']
Jonet Rud: goal='Dry a blanket before curfew', knows=['Hamel Rook', 'Colm Dask'], holds=['blanket (bl013)', 'spark (w_p007a) ×6']
Rohese Fitch: goal='Keep a sleeping place for tonight', knows=['Dunstan Fitch', 'Warin Rasp'], holds=['spark (w_p007b) ×3']
Warin Pike: goal='Find two clean bandages', knows=['Dunstan Fitch', 'Warin Rasp'], holds=['spark (w_p007c) ×5']
Hamel Ashe: goal='Have a bent buckle straightened', knows=['Osanne Crake', 'Warin Hobbe'], holds=['spark (w_p007d) ×3']
Segwin Fitch: goal='Find a quiet corner to sleep', knows=['Ansel Skell', 'Jos Ashe'], holds=['spark (w_p007e) ×5']
Segwin Toll: goal='Get an employer to count the full day', knows=['Gile Toll', 'Averil Toll'], holds=['spark (w_p007f) ×7']
Averil Tarn: goal='None', knows=['Ansel of Salorge', 'Clemence Skell', 'Ewart Tarn', 'Rohese Ashe', 'Warin Underbridge'], holds=['spark (w_fa8tn) ×2']
Ewart Tarn: goal='None', knows=['Bertran Hobbe', 'Ansel of Salorge', 'Averil Tarn', 'Grigor Ashe', 'Odo Trask', 'Warin Underbridge'], holds=['spark (w_fe2tn) ×2']
Ede Kett: goal='Get a splinter from your palm', knows=['Petronel Clove', 'Havise Bram', 'Ede Fenn'], holds=['spark (w_p0043) ×6']
Ewart Thorn: goal='Locate a younger sibling', knows=['Osanne Sedge', 'Segwin Sedge'], holds=['spark (w_p0044) ×2']
Petronel Roper: goal='None', knows=['Renn Hobbe', 'Tib', 'Clemence Hobbe', 'Ede Hobbe', 'Tobin Tarn', 'Ansel of Brede', 'Betriss Marle', 'Tam Rud', 'Cobb Hawser'], holds=['spark (w_e6ptr) ×6']
Betriss Dunn: goal='Trade for a sound length of cord', knows=['Idonea Wren', 'Jonet Galt', 'Averil Husk'], holds=['spark (w_p0037) ×2']
Dunstan Rill: goal='Clear mud from your only coat', knows=['Ewart Sedge', 'Ansel Thorn'], holds=['spark (w_p0038) ×6']
Grigor Ashe: goal='None', knows=['Osanne Vell', 'Betriss Marle', 'Tam Rud', 'Ansel of Salorge', 'Cobb Hobbe', 'Ewart Tarn', 'Lise Copp', 'Rohese Ashe', 'Renn Crake', 'Tobin Ashe', 'Sef', 'Averil Skell'], holds=['spark (w_fg2sh) ×2']
Rohese Ashe: goal='None', knows=['Ansel of Salorge', 'Averil Tarn', 'Cobb Hobbe', 'Grigor Ashe', 'Odo Trask', 'Tobin Ashe'], holds=['spark (w_fr5as) ×6']
Jonet Skell: goal="Secure tomorrow's place in the hiring line", knows=['Renn Tarn', 'Warin Skell'], holds=['spark (w_p004y) ×2']
Tobin Ashe: goal='None', knows=['Cobb Hobbe', 'Ewart Tarn', 'Grigor Ashe', 'Rohese Ashe', 'Sef', 'Warin Underbridge'], holds=['spark (w_ft1as) ×5']
Petronel Kern: goal='Mend a leaking shoe', knows=['Idonea Wren', 'Betriss Dunn', 'Jonet Galt'], holds=['spark (w_p003j) ×3']
Dunstan Sedge: goal='Dry a blanket before curfew', knows=['Corin Wren', 'Bertran Thorn'], holds=['blanket (bl014)', 'spark (w_p003k) ×6']
Bertran Thorn: goal='Mend a leaking shoe', knows=['Corin Wren', 'Dunstan Sedge'], holds=['spark (w_p003l) ×6']
Aldith Rud: goal='Get the ward hand to count a full crew day', knows=['Averil Brant', 'Sibbe Vell', 'Averil Rasp'], holds=['spark (w_p0088) ×4']
Jonet Dunn: goal='Find the owner of a missing hen', knows=['Rohese Dunn', 'Colm Dunn'], holds=['spark (w_p0089) ×5']
Havise Fenn: goal='Stretch supper to one more bowl', knows=['Ansel Fenn', 'Noll Fenn'], holds=['spark (w_p008a) ×3']
Jonet Crake: goal='Find the owner of a missing hen', knows=['Betriss Hobbe', 'Noll Skell'], holds=['spark (w_p008b) ×4']
Betriss Hobbe: goal='Return a borrowed knife', knows=['Jonet Crake', 'Noll Skell'], holds=['knife (kn009)', 'spark (w_p008c) ×5']
Noll Skell: goal='Find a quiet corner to sleep', knows=['Jonet Crake', 'Betriss Hobbe'], holds=['spark (w_p008d) ×5']
Warin Tarn: goal='Get a splinter from your palm', knows=['Jonet Crake', 'Betriss Hobbe'], holds=['spark (w_p008e) ×5']
Aubin Thorn: goal='Locate a younger sibling', knows=['Grigor Thorn', 'Gude Thorn'], holds=['spark (w_p008f) ×3']
Grigor Fitch: goal='Have a bent buckle straightened', knows=['Ansel Pike', 'Gile Brant'], holds=['spark (w_p008g) ×6']
Ansel Pike: goal='Trade for a sound length of cord', knows=['Grigor Fitch', 'Gile Brant'], holds=['spark (w_p008h) ×4']
Gile Brant: goal='Get a splinter from your palm', knows=['Grigor Fitch', 'Ansel Pike'], holds=['spark (w_p008i) ×4']
Renn Vell: goal='Learn who moved your market basket', knows=['Grigor Fitch', 'Ansel Pike'], holds=['spark (w_p008j) ×7']
Cobb Hawser: goal='None', knows=['Noll Fitch', 'Hamel of the Reach', 'Petronel Roper', 'Gile Tarn', 'Averil Skell', 'Ansel of Harne', 'Bertran of the Ox', 'Renn of the Slip', 'Wyn Alder'], holds=['spark (w_g6cbb) ×2']
Renn of the Slip: goal='None', knows=['Gile Tarn', 'Ewart Tarn', 'Averil Skell', 'Ewart Alder', 'Bertran of the Ox', 'Cobb Hawser', 'Tobin Alder', 'Renn Skell'], holds=['spark (w_g8rnn) ×3']
Betriss Stott: goal='Learn why a promised cart is late', knows=['Petronel Rud', 'Jonet Quern'], holds=['spark (w_p0017) ×7']
Osanne Kern: goal='Settle whose turn it is at the well', knows=['Petronel Lark', 'Aldith Lark'], holds=['spark (w_p0018) ×5']
Petronel Lark: goal='Locate a younger sibling', knows=['Osanne Kern', 'Aldith Lark'], holds=['spark (w_p0019) ×4']
Renn Rasp: goal="Secure tomorrow's place in the hiring line", knows=['Idonea Rasp', 'Aldith Rasp'], holds=['spark (w_p001a) ×4']
Bertran Rasp: goal='Sell the last bruised apple', knows=['Idonea Rasp', 'Aldith Rasp'], holds=['bruised apple (ap009)', 'spark (w_p001b) ×3']
Ansel of Ostrelle: goal='None', knows=['Dunstan Crake', 'Tobin Crake', 'Petronel Skell', 'Rohese Sparr', 'Gile Hobbe', 'Aubin Ferrant', 'Jonet Sparr', 'Ewart Skell', 'Lise Copp'], holds=['spark (w_c2nsl) ×7']
Grigor Kern: goal='Mend a leaking shoe', knows=['Dunstan Mere', 'Lise Kern'], holds=['spark (w_p004t) ×3']
Clemence Skell: goal='None', knows=['Averil Tarn', 'Dunstan Skell', 'Corin Copp', 'Gile of Brede', 'Odo Trask'], holds=['spark (w_fc7sk) ×4']
Corin Copp: goal='None', knows=['Osanne Skell', 'Clemence Skell', 'Gile of Brede', 'Lise Copp', 'Odo Trask', 'Renn Crake'], holds=['spark (w_fc9rn) ×5']
Gile of Brede: goal='None', knows=['Ansel of Brede', 'Clemence Skell', 'Corin Copp', 'Lise Copp', 'Clemence Crake', 'Sef', 'Warin Underbridge'], holds=['spark (w_fg4br) ×7']
Lise Sark: goal='Sell the last bruised apple', knows=['Ede Nett', 'Rohese Pell', 'Sibbe Rusk'], holds=['bruised apple (ap010)', 'spark (w_p0045) ×6']
Renna Kern: goal='Mend a leaking shoe', knows=['Bertran Nett', 'Ansel Pell'], holds=['spark (w_p0046) ×7']
Dunstan Mere: goal='Clear mud from your only coat', knows=['Lise Kern', 'Grigor Kern'], holds=['spark (w_p0047) ×2']
Renna Fenn: goal='Settle a licence inspection before curfew', knows=['Averil Brant', 'Sibbe Vell', 'Averil Rasp'], holds=['spark (w_p00aj) ×5']
Averil Pike: goal='Get a splinter from your palm', knows=['Warin Clove', 'Corin Bram'], holds=['spark (w_p00ak) ×2']
Jonet Vell: goal='Trade for a sound length of cord', knows=['Havise Stott', 'Corin Quern'], holds=['spark (w_p00al) ×7']
Havise Dask: goal='Learn why a promised cart is late', knows=['Bertran Dask', 'Sibbe Dask'], holds=['spark (w_p00am) ×2']
Havise Stott: goal='Trade for a sound length of cord', knows=['Jonet Vell', 'Corin Quern'], holds=['spark (w_p00an) ×5']
Renna Stott: goal='Mend a leaking shoe', knows=['Dob Stott', 'Osanne Stott'], holds=['spark (w_p00ao) ×5']
Corin Quern: goal='Collect kindling without a fine', knows=['Jonet Vell', 'Havise Stott'], holds=['spark (w_p00ap) ×6']
Gile Skep: goal='Find the owner of a missing hen', knows=['Jonet Vell', 'Havise Stott'], holds=['spark (w_p00aq) ×5']
Jonet Quern: goal='Find leather for two promised repairs', knows=['Betriss Stott', 'Petronel Rud'], holds=['spark (w_p006m) ×4']
Havise Rasp: goal='Find a quiet corner to sleep', knows=['Petronel Stott', 'Osanne Rud'], holds=['spark (w_p006n) ×5']
Petronel Stott: goal='Borrow a handcart for an hour', knows=['Havise Rasp', 'Osanne Rud'], holds=['spark (w_p006o) ×7']
Osanne Rud: goal='Learn why a promised cart is late', knows=['Havise Rasp', 'Petronel Stott'], holds=['spark (w_p006p) ×7']
Bertran Quern: goal='Have a sore heel looked at', knows=['Havise Rasp', 'Petronel Stott'], holds=['spark (w_p006q) ×3']
Hamel Rook: goal='Trade for a sound length of cord', knows=['Colm Dask', 'Segwin Fenn'], holds=['spark (w_p006r) ×4']
Colm Dask: goal='Avoid losing a rented stool', knows=['Hamel Rook', 'Segwin Fenn'], holds=['spark (w_p006s) ×6']
Noll Wick: goal='Find two clean bandages', knows=['Sible Toll', 'Rohese Varn'], holds=['spark (w_p006t) ×2']
Ewart Ashe: goal="Secure tomorrow's place in the hiring line", knows=['Lise Ashe', 'Gile Ashe'], holds=['spark (w_p006u) ×7']
Segwin Fenn: goal='Settle whose turn it is at the well', knows=['Hamel Rook', 'Colm Dask'], holds=['spark (w_p006v) ×7']
Ewart Dask: goal='Dry a blanket before curfew', knows=[], holds=['blanket (bl015)', 'spark (w_p006w) ×5']
Gile Wren: goal='Locate a younger sibling', knows=['Sible Wren', 'Warin Wren'], holds=['spark (w_p006x) ×3']
Cobb Threefinger: goal='None', knows=['Noll Limeburn', 'Hamel Stott', 'Clemence Limeburn', 'Bertran Stott', 'Ansel Halfbell', 'Dunstan Hobbe', 'Mote'], holds=['spark (w_bc6tf) ×7']
Petronel Rud: goal='Borrow a handcart for an hour', knows=['Betriss Stott', 'Jonet Quern'], holds=['spark (w_p002w) ×4']
Warin Brant: goal='Avoid losing a rented stool', knows=['Sibbe Rud', 'Hamel Quern'], holds=['spark (w_p002x) ×6']
Warin Hobbe: goal='Locate a younger sibling', knows=['Osanne Crake', 'Sible Crake'], holds=['spark (w_p002y) ×4']
Sven: goal='None', knows=['Conny'], holds=['herring (fzbn9)', 'spark (w_sv3n1) ×7']
  - I'm going to get some fish
Bertran of the Ox: goal='None', knows=['Nan', 'Averil Skell', 'Ansel of Harne', 'Ewart Alder', 'Cobb Hawser', 'Tobin Alder', 'Renn of the Slip', 'Renna Tapster'], holds=['spark (w_g5brt) ×2', 'pot of ale (9cmkb) ×20', 'hot pie (b1bnd) ×6']
Renna Tapster: goal='None', knows=['Dunstan Pike', 'Sible Mott', 'Bertran Skell', 'Nan', 'Tam Rud', 'Ansel of Harne', 'Bertran of the Ox', 'Sibbe Skell', 'Wyn Alder', 'Ansel of the Sluice', 'Ede of the Needle', 'Corin Skell', 'Gile of Harne', 'Jos Brant'], holds=['spark (w_gr8tp) ×2', 'pot of ale (tlhrj) ×20', 'hot pie (km8g2) ×6']
Idonea Wren: goal='Borrow a handcart for an hour', knows=['Betriss Dunn', 'Jonet Galt', 'Averil Husk'], holds=['spark (w_p001c) ×5']
Rohese Dunn: goal='Collect a late wage', knows=['Jonet Dunn', 'Colm Dunn'], holds=['spark (w_p001d) ×7']
Aldith Lark: goal='Get a splinter from your palm', knows=['Osanne Kern', 'Petronel Lark'], holds=['spark (w_p001e) ×5']
Lise Mere: goal='Sell the last bruised apple', knows=['Osanne Kern', 'Petronel Lark'], holds=['bruised apple (ap011)', 'spark (w_p001f) ×6']
Sibbe Pell: goal='Collect kindling without a fine', knows=['Aubin Rusk', 'Betriss Lark'], holds=['spark (w_p001g) ×7']
Aubin Rusk: goal='Get a splinter from your palm', knows=['Sibbe Pell', 'Betriss Lark'], holds=['spark (w_p001h) ×6']
Corin Sedge: goal='Sell the last bruised apple', knows=['Colm Sedge', 'Tib Sedge'], holds=['bruised apple (ap012)', 'spark (w_p001i) ×3']
Corin Skell: goal='None', knows=['Renna Tapster', 'Ansel of the Sluice', 'Ede of the Needle', 'Gile of Harne', 'Jos Brant', 'Renn Skell', 'Rohese of the Sluice'], holds=['spark (w_hewsk) ×7']
Renn Skell: goal='None', knows=['Tobin Tarn', 'Renn of the Slip', 'Ansel of the Sluice', 'Ede of the Needle', 'Corin Skell', 'Gile of Harne', 'Rohese of the Sluice'], holds=['spark (w_hrnsk) ×3']
Rohese of the Sluice: goal='None', knows=['Ansel of Harne', 'Ewart Alder', 'Wyn Alder', 'Ansel of the Sluice', 'Corin Skell', 'Gile of Harne', 'Jos Brant', 'Renn Skell'], holds=['spark (w_hrosl) ×2']
Averil Stott: goal='Find the key to a shared chest', knows=['Averil Brant', 'Sibbe Vell', 'Averil Rasp'], holds=['spark (w_p003v) ×4']
Betriss Pell: goal='Replace a cracked cup', knows=['Ewart Rusk', 'Segwin Sark'], holds=['spark (w_p003w) ×2']
Jos Rud: goal='Get a splinter from your palm', knows=['Tobin Rud', 'Gile Rud'], holds=['spark (w_p003x) ×4']
Segwin Sark: goal='Settle whose turn it is at the well', knows=['Ewart Rusk', 'Betriss Pell'], holds=['spark (w_p003y) ×6']
Colm Toll: goal='Collect a late wage', knows=['Ewart Rusk', 'Betriss Pell'], holds=['spark (w_p003z) ×3']
Hamel Skep: goal='Have a sore heel looked at', knows=['Nan Skep', 'Ewart Skep'], holds=['spark (w_p0040) ×3']
Sibbe Quern: goal='Replace the fraying well rope', knows=['Averil Brant', 'Sibbe Vell', 'Averil Rasp'], holds=['spark (w_p008k) ×5']
Idonea Rasp: goal='Get an employer to count the full day', knows=['Renn Rasp', 'Aldith Rasp'], holds=['spark (w_p008l) ×7']
Rohese Hobbe: goal='Get a splinter from your palm', knows=['Hamel Tarn', 'Corin Ashe'], holds=['spark (w_p008m) ×7']
Sible Kett: goal='Stretch supper to one more bowl', knows=['Havise Kett', 'Noll Kett'], holds=['spark (w_p008n) ×7']
Hamel Tarn: goal='Learn why a promised cart is late', knows=['Rohese Hobbe', 'Corin Ashe'], holds=['spark (w_p008o) ×7']
Corin Ashe: goal='Deliver a message before the next bell', knows=['Rohese Hobbe', 'Hamel Tarn'], holds=['spark (w_p008p) ×3']
Noll Marle: goal='Clear mud from your only coat', knows=['Rohese Hobbe', 'Hamel Tarn'], holds=['spark (w_p008q) ×3']
Bertran Pike: goal='Return a borrowed knife', knows=['Renna Hobbe', 'Osanne Skell of Bell And Sluice'], holds=['knife (kn010)', 'spark (w_p008r) ×2']
Segwin Marle: goal='Find out how your neighbour is keeping', knows=[], holds=['spark (w_x00000) ×4']
Sibbe Quern: goal='Find somewhere you will be left alone', knows=[], holds=['spark (w_x00001) ×7']
Osanne Skell: goal='Hear news from your kin', knows=[], holds=['spark (w_x00002) ×4']
Dob Latchkey: goal='Keep the household blankets in good order', knows=[], holds=['spark (w_x00003) ×2']
Nan Crake: goal='Enjoy a little peace in your neighbourhood', knows=[], holds=['spark (w_x00004) ×5']
Aldith Hawser: goal='Enjoy a little peace in your neighbourhood', knows=[], holds=['spark (w_x00005) ×3']
Bertran of the Tenters: goal='Get the penny you were promised for the horse', knows=[], holds=['spark (w_x00006) ×3']
Ib Copp: goal="Get taken on for a day's work", knows=[], holds=['spark (w_x00007) ×7']
Ewart Hawser: goal='Find somewhere to dry your blanket', knows=[], holds=['spark (w_x00008) ×5']
Pin Fitch: goal='Find something to put on your feet', knows=[], holds=['spark (w_x00009) ×7']
Havise of the Tenters: goal='Keep your clothes dry', knows=[], holds=['spark (w_x00010) ×4']
Jos Marle: goal='Enjoy a little peace in your neighbourhood', knows=[], holds=['spark (w_x00011) ×3']
Rohese Marle: goal='Keep the household blankets in good order', knows=[], holds=['spark (w_x00012) ×3']
Lise Crake: goal='Hear news from your kin', knows=[], holds=['spark (w_x00013) ×5']
Ib of the Slip: goal='Find out how your neighbour is keeping', knows=[], holds=['spark (w_x00014) ×4']
Ede Brant: goal='Get your sleeping corner back', knows=[], holds=['spark (w_x00015) ×5']
Mote Brant: goal='Find out how your neighbour is keeping', knows=[], holds=['spark (w_x00016) ×7']
Lise Wetalms: goal='Keep the household blankets in good order', knows=[], holds=['spark (w_x00017) ×6']
Tib of Cinder Row: goal='Keep the household blankets in good order', knows=[], holds=['spark (w_x00018) ×5']
Tib Wetalms: goal='Hear news from your kin', knows=[], holds=['spark (w_x00019) ×2']
Averil Shortmeasure: goal='Find a salve for your hands', knows=[], holds=['spark (w_x00020) ×2']
Petronel of the Tenters: goal='Enjoy a little peace in your neighbourhood', knows=[], holds=['spark (w_x00021) ×2']
Havise Ferrant: goal='Share a memory of the street', knows=[], holds=['spark (w_x00022) ×3']
Ede Shortmeasure: goal='Keep the household blankets in good order', knows=[], holds=['spark (w_x00023) ×3']
Averil of the Gutter Steps: goal='Keep your clothes dry', knows=[], holds=['spark (w_x00024) ×3']
Ib Brant: goal='Find somewhere you will be left alone', knows=[], holds=['spark (w_x00025) ×3']
Pin Fitch: goal='Enjoy a little peace in your neighbourhood', knows=[], holds=['spark (w_x00026) ×3']
Jonet Pike: goal='Enjoy a little peace in your neighbourhood', knows=[], holds=['spark (w_x00027) ×4']
Tobin of Ostrelle: goal='Find out how your neighbour is keeping', knows=[], holds=['spark (w_x00028) ×5']
Noll of the Slip: goal='Find a salve for your hands', knows=[], holds=['spark (w_x00029) ×5']
Ib the Lesser: goal='Hear news from your kin', knows=[], holds=['spark (w_x00030) ×4']
Jonet Coldhands: goal='Find somewhere to dry your blanket', knows=[], holds=['spark (w_x00031) ×6']
Averil of the Slip: goal='Get your sleeping corner back', knows=[], holds=['spark (w_x00032) ×7']
Tib of Ostrelle: goal='Share a memory of the street', knows=[], holds=['spark (w_x00033) ×5']
Mote Upstream: goal='Share a memory of the street', knows=[], holds=['spark (w_x00034) ×7']
Ede of the Tenters: goal='Find out how your neighbour is keeping', knows=[], holds=['spark (w_x00035) ×6']
Sibbe Marle: goal='Find a quiet frontage where you are welcome', knows=[], holds=['spark (w_x00036) ×3']
Osanne Scaffold: goal='Enjoy a little peace in your neighbourhood', knows=[], holds=['spark (w_x00037) ×5']
Hamel Tarn: goal='Keep your clothes dry', knows=[], holds=['spark (w_x00038) ×3']
Tib Stott: goal='Share a memory of the street', knows=[], holds=['spark (w_x00039) ×6']
Hamel of the Low Bridge: goal='Share a memory of the street', knows=[], holds=['spark (w_x00040) ×4']
Grigor Dorn: goal='Enjoy a little peace in your neighbourhood', knows=[], holds=['spark (w_x00041) ×3']
Idonea Upstream: goal='Beg or find a meal today', knows=[], holds=['spark (w_x00042) ×3']
Betriss Vell: goal='Hear news from your kin', knows=[], holds=['spark (w_x00043) ×2']
Bertran Scaffold: goal='Find a quiet frontage where you are welcome', knows=[], holds=['spark (w_x00044) ×2']
Havise of the Slip: goal='Get the penny you were promised for the horse', knows=[], holds=['spark (w_x00045) ×2']
Averil Pike: goal='Hear news from your kin', knows=[], holds=['spark (w_x00046) ×2']
Pin Marle: goal='Find a quiet frontage where you are welcome', knows=[], holds=['spark (w_x00047) ×4']
Renn Ferrant: goal='Find out how your neighbour is keeping', knows=[], holds=['spark (w_x00048) ×2']
Averil Upstream: goal='Keep the household blankets in good order', knows=[], holds=['spark (w_x00049) ×4']
Rohese Hobbe: goal='Keep your clothes dry', knows=[], holds=['spark (w_x00050) ×3']
Ansel the Lesser: goal='Share a memory of the street', knows=[], holds=['spark (w_x00051) ×7']
Havise Latchkey: goal='Keep the household blankets in good order', knows=[], holds=['spark (w_x00052) ×2']
Jonet the Lesser: goal='Get the penny you were promised for the horse', knows=[], holds=['spark (w_x00053) ×5']
Idonea Skell: goal='Keep your clothes dry', knows=[], holds=['spark (w_x00054) ×4']
Nan the Lesser: goal='Replace your lost alms bowl', knows=[], holds=['spark (w_x00055) ×2']
Jos of Cinder Row: goal='Replace your lost alms bowl', knows=[], holds=['spark (w_x00056) ×3']
Corin of the Bellstand: goal='Hear news from your kin', knows=[], holds=['spark (w_x00057) ×2']
Havise of the Gutter Steps: goal='Keep your clothes dry', knows=[], holds=['spark (w_x00058) ×6']
Aldith Hobbe: goal='Hear news from your kin', knows=[], holds=['spark (w_x00059) ×5']
Tib Dorn: goal='Enjoy a little peace in your neighbourhood', knows=[], holds=['spark (w_x00060) ×5']
Nan of the Shambles: goal='Hear news from your kin', knows=[], holds=['spark (w_x00061) ×5']
Dunstan Salter: goal='Keep your clothes dry', knows=[], holds=['spark (w_x00062) ×3']
Tobin Scaffold: goal='Hear news from your kin', knows=[], holds=['spark (w_x00063) ×5']
Ede Dorn: goal='Enjoy a little peace in your neighbourhood', knows=[], holds=['spark (w_x00064) ×7']
Noll Pike: goal='Share a memory of the street', knows=[], holds=['spark (w_x00065) ×2']
Cobb Stott: goal='Find a quiet frontage where you are welcome', knows=[], holds=['spark (w_x00066) ×4']
Aldith of the Tenters: goal='Hear news from your kin', knows=[], holds=['spark (w_x00067) ×5']
Mote Pike: goal='Share a memory of the street', knows=[], holds=['spark (w_x00068) ×3']
Bertran Coldhands: goal='Keep the household blankets in good order', knows=[], holds=['spark (w_x00069) ×4']
Nan Upstream: goal='Get your sleeping corner back', knows=[], holds=['spark (w_x00070) ×3']
Ib Upstream: goal='Find out how your neighbour is keeping', knows=[], holds=['spark (w_x00071) ×4']
Clemence of the Needle: goal='Hear news from your kin', knows=[], holds=['spark (w_x00072) ×4']
Petronel Stott: goal='Enjoy a little peace in your neighbourhood', knows=[], holds=['spark (w_x00073) ×5']
Sibbe Coldhands: goal='Keep the household blankets in good order', knows=[], holds=['spark (w_x00074) ×3']
Clemence of Ostrelle: goal='Share a memory of the street', knows=[], holds=['spark (w_x00075) ×4']
Ansel of the Tenters: goal='Keep your clothes dry', knows=[], holds=['spark (w_x00076) ×4']
Petronel Hobbe: goal='Keep your clothes dry', knows=[], holds=['spark (w_x00077) ×7']
Sibbe Threefinger: goal='Hear news from your kin', knows=[], holds=['spark (w_x00078) ×5']
Pin Latchkey: goal='Hear news from your kin', knows=[], holds=['spark (w_x00079) ×7']
Cobb Tarn: goal='Keep your clothes dry', knows=[], holds=['spark (w_x00080) ×2']
Petronel Vell: goal='Share a memory of the street', knows=[], holds=['spark (w_x00081) ×4']
Betriss Crake: goal='Share a memory of the street', knows=[], holds=['spark (w_x00082) ×2']
Nan of the Slip: goal='Enjoy a little peace in your neighbourhood', knows=[], holds=['spark (w_x00083) ×2']
Bertran Crake: goal='Keep the household blankets in good order', knows=[], holds=['spark (w_x00084) ×3']
Pin Ashe: goal='Share a memory of the street', knows=[], holds=['spark (w_x00085) ×5']
Ewart Ashe: goal='Keep the household blankets in good order', knows=[], holds=['spark (w_x00086) ×4']
Tobin Wetalms: goal='Enjoy a little peace in your neighbourhood', knows=[], holds=['spark (w_x00087) ×2']
Sibbe Vell: goal='Share a memory of the street', knows=[], holds=['spark (w_x00088) ×7']
Corin of the Low Bridge: goal='Keep the household blankets in good order', knows=[], holds=['spark (w_x00089) ×4']
Colm of the Bellstand: goal='Find a quiet frontage where you are welcome', knows=[], holds=['spark (w_x00090) ×7']
Ib of Ostrelle: goal='Hear news from your kin', knows=[], holds=['spark (w_x00091) ×4']
Sibbe of the Shambles: goal='Enjoy a little peace in your neighbourhood', knows=[], holds=['spark (w_x00092) ×7']
Clemence of the Shambles: goal='Share a memory of the street', knows=[], holds=['spark (w_x00093) ×4']
Lise Fitch: goal='Hear news from your kin', knows=[], holds=['spark (w_x00094) ×2']
Dob Threefinger: goal='Keep your clothes dry', knows=[], holds=['spark (w_x00095) ×7']
Bertran Hawser: goal='Keep your clothes dry', knows=[], holds=['spark (w_x00096) ×6']
Ib Skell: goal='Find out how your neighbour is keeping', knows=[], holds=['spark (w_x00097) ×6']
Nan Dorn: goal='Keep the household blankets in good order', knows=[], holds=['spark (w_x00098) ×6']
Dob Hawser: goal='Get the penny you were promised for the horse', knows=[], holds=['spark (w_x00099) ×2']
Dob Ferrant: goal='Share a memory of the street', knows=[], holds=['spark (w_x00100) ×7']
Gile Hobbe: goal='Find somewhere you will be left alone', knows=[], holds=['spark (w_x00101) ×2']
Cobb of the Slip: goal='Get the penny you were promised for the horse', knows=[], holds=['spark (w_x00102) ×3']
Gile the Lesser: goal='Share a memory of the street', knows=[], holds=['spark (w_x00103) ×3']
Dunstan Vell: goal='Find a quiet frontage where you are welcome', knows=[], holds=['spark (w_x00104) ×4']
Ansel Hawser: goal='Find something to put on your feet', knows=[], holds=['spark (w_x00105) ×5']
Colm Rasp: goal='Enjoy a little peace in your neighbourhood', knows=[], holds=['spark (w_x00106) ×7']
Jos Nineteen: goal='Hear news from your kin', knows=[], holds=['spark (w_x00107) ×2']
Ib Quern: goal='Keep your clothes dry', knows=[], holds=['spark (w_x00108) ×3']
Aubin Tarn: goal='Keep the household blankets in good order', knows=[], holds=['spark (w_x00109) ×4']
Havise Coldhands: goal='Hear news from your kin', knows=[], holds=['spark (w_x00110) ×5']
Pin Alder: goal='Get your sleeping corner back', knows=[], holds=['spark (w_x00111) ×2']
Aldith Skell: goal='Enjoy a little peace in your neighbourhood', knows=[], holds=['spark (w_x00112) ×2']
Tobin Scaffold: goal='Hear news from your kin', knows=[], holds=['spark (w_x00113) ×3']
Jos Hobbe: goal='Keep your clothes dry', knows=[], holds=['spark (w_x00114) ×7']
Ib of the Low Bridge: goal='Find out how your neighbour is keeping', knows=[], holds=['spark (w_x00115) ×6']
Jonet of the Tenters: goal='Enjoy a little peace in your neighbourhood', knows=[], holds=['spark (w_x00116) ×2']
Colm Hobbe: goal='Hear news from your kin', knows=[], holds=['spark (w_x00117) ×3']
Ede of the Tenters: goal='Hear news from your kin', knows=[], holds=['spark (w_x00118) ×7']
Grigor Coldhands: goal='Enjoy a little peace in your neighbourhood', knows=[], holds=['spark (w_x00119) ×3']
Dunstan Upstream: goal='Enjoy a little peace in your neighbourhood', knows=[], holds=['spark (w_x00120) ×7']
Dunstan Copp: goal='Find somewhere to dry your blanket', knows=[], holds=['spark (w_x00121) ×4']
Aubin Threefinger: goal='Enjoy a little peace in your neighbourhood', knows=[], holds=['spark (w_x00122) ×2']
Petronel of Cinder Row: goal='Hear news from your kin', knows=[], holds=['spark (w_x00123) ×3']
Lise of the Needle: goal='Keep your clothes dry', knows=[], holds=['spark (w_x00124) ×3']
Lise of the Slip: goal='Enjoy a little peace in your neighbourhood', knows=[], holds=['spark (w_x00125) ×4']
Corin of the Bellstand: goal='Hear news from your kin', knows=[], holds=['spark (w_x00126) ×3']
Havise of the Bellstand: goal='Hear news from your kin', knows=[], holds=['spark (w_x00127) ×4']
Petronel Sparr: goal='Enjoy a little peace in your neighbourhood', knows=[], holds=['spark (w_x00128) ×2']
Grigor Quern: goal='Find out how your neighbour is keeping', knows=[], holds=['spark (w_x00129) ×7']
Nan Shortmeasure: goal='Find a salve for your hands', knows=[], holds=['spark (w_x00130) ×5']
Lise Threefinger: goal='Share a memory of the street', knows=[], holds=['spark (w_x00131) ×3']
Betriss Shortmeasure: goal='Find out how your neighbour is keeping', knows=[], holds=['spark (w_x00132) ×3']
Tobin Shortmeasure: goal='Find somewhere to dry your blanket', knows=[], holds=['spark (w_x00133) ×7']
Cobb Roper: goal='Find something to put on your feet', knows=[], holds=['spark (w_x00134) ×7']
Tib Coldhands: goal='Find out how your neighbour is keeping', knows=[], holds=['spark (w_x00135) ×5']
Colm Vell: goal='Keep the household blankets in good order', knows=[], holds=['spark (w_x00136) ×5']
Dob Quern: goal='Find out how your neighbour is keeping', knows=[], holds=['spark (w_x00137) ×7']
Rohese Copp: goal='Find a salve for your hands', knows=[], holds=['spark (w_x00138) ×4']
Bertran of the Tenters: goal='Share a memory of the street', knows=[], holds=['spark (w_x00139) ×7']
Ede Ashe: goal='Find somewhere you will be left alone', knows=[], holds=['spark (w_x00140) ×6']
Aubin Skell: goal='Share a memory of the street', knows=[], holds=['spark (w_x00141) ×3']
Mote Brant: goal='Find out how your neighbour is keeping', knows=[], holds=['spark (w_x00142) ×5']
Aldith Alder: goal='Share a memory of the street', knows=[], holds=['spark (w_x00143) ×6']
Gile the Long: goal='Hear news from your kin', knows=[], holds=['spark (w_x00144) ×7']
Averil of the Low Bridge: goal='Find out how your neighbour is keeping', knows=[], holds=['spark (w_x00145) ×3']
Sibbe Ferrant: goal='Find somewhere you will be left alone', knows=[], holds=['spark (w_x00146) ×5']
Rohese Marle: goal='Find a quiet frontage where you are welcome', knows=[], holds=['spark (w_x00147) ×7']
Averil the Long: goal='Share a memory of the street', knows=[], holds=['spark (w_x00148) ×6']
Corin of the Needle: goal='Keep the household blankets in good order', knows=[], holds=['spark (w_x00149) ×7']
Idonea of the Shambles: goal='Hear news from your kin', knows=[], holds=['spark (w_x00150) ×5']
Aldith of the Shambles: goal='Keep your clothes dry', knows=[], holds=['spark (w_x00151) ×6']
Clemence Upstream: goal='Share a memory of the street', knows=[], holds=['spark (w_x00152) ×3']
Aubin Copp: goal='Enjoy a little peace in your neighbourhood', knows=[], holds=['spark (w_x00153) ×7']
Renn Crake: goal="Get taken on for a day's work", knows=[], holds=['spark (w_x00154) ×4']
Osanne Roper: goal='Replace your lost alms bowl', knows=[], holds=['spark (w_x00155) ×5']
Ede Rasp: goal='Get the penny you were promised for the horse', knows=[], holds=['spark (w_x00156) ×6']
Gile of the Bellstand: goal='Enjoy a little peace in your neighbourhood', knows=[], holds=['spark (w_x00157) ×2']
Idonea Coldhands: goal='Enjoy a little peace in your neighbourhood', knows=[], holds=['spark (w_x00158) ×2']
Nan of the Shambles: goal='Keep the household blankets in good order', knows=[], holds=['spark (w_x00159) ×2']
Aldith Hobbe: goal='Enjoy a little peace in your neighbourhood', knows=[], holds=['spark (w_x00160) ×3']
Rohese Dorn: goal='Keep your clothes dry', knows=[], holds=['spark (w_x00161) ×2']
Aldith of the Shambles: goal='Share a memory of the street', knows=[], holds=['spark (w_x00162) ×2']
Lise Marle: goal='Enjoy a little peace in your neighbourhood', knows=[], holds=['spark (w_x00163) ×5']
Tobin Alder: goal='Keep the household blankets in good order', knows=[], holds=['spark (w_x00164) ×6']
Betriss Nineteen: goal='Keep the household blankets in good order', knows=[], holds=['spark (w_x00165) ×4']
Nan Tarn: goal='Beg or find a meal today', knows=[], holds=['spark (w_x00166) ×6']
Sibbe Vell: goal='Find a salve for your hands', knows=[], holds=['spark (w_x00167) ×5']
Havise the Long: goal='Keep the household blankets in good order', knows=[], holds=['spark (w_x00168) ×5']
Renn Quern: goal='Enjoy a little peace in your neighbourhood', knows=[], holds=['spark (w_x00169) ×4']
Dunstan Stott: goal='Enjoy a little peace in your neighbourhood', knows=[], holds=['spark (w_x00170) ×7']
Jonet Sparr: goal='Get the penny you were promised for the horse', knows=[], holds=['spark (w_x00171) ×6']
Segwin Tarn: goal='Enjoy a little peace in your neighbourhood', knows=[], holds=['spark (w_x00172) ×5']
Lise Dorn: goal='Replace your lost alms bowl', knows=[], holds=['spark (w_x00173) ×6']
Mote Ashe: goal='Keep your clothes dry', knows=[], holds=['spark (w_x00174) ×2']
Betriss Hobbe: goal='Find out how your neighbour is keeping', knows=[], holds=['spark (w_x00175) ×2']
Renn the Long: goal='Share a memory of the street', knows=[], holds=['spark (w_x00176) ×4']
Ib of the Slip: goal='Find out how your neighbour is keeping', knows=[], holds=['spark (w_x00177) ×3']
Ede of Ostrelle: goal='Find a quiet frontage where you are welcome', knows=[], holds=['spark (w_x00178) ×5']
Tib Roper: goal='Keep the household blankets in good order', knows=[], holds=['spark (w_x00179) ×3']
Lise Ferrant: goal='Share a memory of the street', knows=[], holds=['spark (w_x00180) ×7']
Mote Roper: goal='Share a memory of the street', knows=[], holds=['spark (w_x00181) ×5']
Mote Nineteen: goal='Keep the household blankets in good order', knows=[], holds=['spark (w_x00182) ×7']
Tib Dorn: goal='Keep your clothes dry', knows=[], holds=['spark (w_x00183) ×4']
Rohese Threefinger: goal='Enjoy a little peace in your neighbourhood', knows=[], holds=['spark (w_x00184) ×3']
Ib of the Low Bridge: goal='Find somewhere you will be left alone', knows=[], holds=['spark (w_x00185) ×7']
Cobb Brant: goal='Share a memory of the street', knows=[], holds=['spark (w_x00186) ×3']
Lise Roper: goal='Keep the household blankets in good order', knows=[], holds=['spark (w_x00187) ×6']
Sef Upstream: goal='Enjoy a little peace in your neighbourhood', knows=[], holds=['spark (w_x00188) ×5']
Renn Skell: goal='Keep the household blankets in good order', knows=[], holds=['spark (w_x00189) ×4']
Aldith Rasp: goal='Hear news from your kin', knows=[], holds=['spark (w_x00190) ×5']
Idonea Scaffold: goal='Enjoy a little peace in your neighbourhood', knows=[], holds=['spark (w_x00191) ×3']
Bertran Salter: goal='Get your sleeping corner back', knows=[], holds=['spark (w_x00192) ×6']
Mote Scaffold: goal='Hear news from your kin', knows=[], holds=['spark (w_x00193) ×3']
Ewart Hobbe: goal='Share a memory of the street', knows=[], holds=['spark (w_x00194) ×2']
Noll of the Low Bridge: goal='Share a memory of the street', knows=[], holds=['spark (w_x00195) ×3']
Averil of Ostrelle: goal='Hear news from your kin', knows=[], holds=['spark (w_x00196) ×2']
Osanne Nineteen: goal='Find out how your neighbour is keeping', knows=[], holds=['spark (w_x00197) ×5']
Jonet of the Bellstand: goal='Keep the household blankets in good order', knows=[], holds=['spark (w_x00198) ×2']
Hamel Nineteen: goal='Enjoy a little peace in your neighbourhood', knows=[], holds=['spark (w_x00199) ×7']
Dunstan Scaffold: goal='Hear news from your kin', knows=[], holds=['spark (w_x00200) ×7']
Clemence of the Gutter Steps: goal='Get your sleeping corner back', knows=[], holds=['spark (w_x00201) ×7']
Renn Hobbe: goal='Keep the household blankets in good order', knows=[], holds=['spark (w_x00202) ×3']
Petronel the Lesser: goal='Replace your lost alms bowl', knows=[], holds=['spark (w_x00203) ×2']
Ewart Salter: goal='Share a memory of the street', knows=[], holds=['spark (w_x00204) ×7']
Petronel of the Bellstand: goal='Get the penny you were promised for the horse', knows=[], holds=['spark (w_x00205) ×3']
Renn of the Bellstand: goal='Enjoy a little peace in your neighbourhood', knows=[], holds=['spark (w_x00206) ×3']
Averil of the Low Bridge: goal='Beg or find a meal today', knows=[], holds=['spark (w_x00207) ×2']
Bertran Rasp: goal='Keep the household blankets in good order', knows=[], holds=['spark (w_x00208) ×3']
Ede Tarn: goal='Hear news from your kin', knows=[], holds=['spark (w_x00209) ×2']
Ib Ferrant: goal='Hear news from your kin', knows=[], holds=['spark (w_x00210) ×7']
Havise Nineteen: goal='Keep the household blankets in good order', knows=[], holds=['spark (w_x00211) ×6']
Jonet Pike: goal='Hear news from your kin', knows=[], holds=['spark (w_x00212) ×2']
Ewart Ashe: goal='Share a memory of the street', knows=[], holds=['spark (w_x00213) ×3']
Aldith Tarn: goal='Share a memory of the street', knows=[], holds=['spark (w_x00214) ×2']
Osanne of the Tenters: goal='Get your sleeping corner back', knows=[], holds=['spark (w_x00215) ×6']
Grigor Coldhands: goal='Find out how your neighbour is keeping', knows=[], holds=['spark (w_x00216) ×3']
Sef Stott: goal='Find out how your neighbour is keeping', knows=[], holds=['spark (w_x00217) ×2']
Sef of the Needle: goal='Find out how your neighbour is keeping', knows=[], holds=['spark (w_x00218) ×5']
Dunstan Stott: goal='Find out how your neighbour is keeping', knows=[], holds=['spark (w_x00219) ×5']
Ewart Latchkey: goal='Find out how your neighbour is keeping', knows=[], holds=['spark (w_x00220) ×2']
Ewart Roper: goal='Keep your clothes dry', knows=[], holds=['spark (w_x00221) ×6']
Clemence Shortmeasure: goal="Get taken on for a day's work", knows=[], holds=['spark (w_x00222) ×4']
Betriss of the Bellstand: goal='Share a memory of the street', knows=[], holds=['spark (w_x00223) ×4']
Lise Skell: goal='Find somewhere to dry your blanket', knows=[], holds=['spark (w_x00224) ×7']
Dob Tarn: goal='Hear news from your kin', knows=[], holds=['spark (w_x00225) ×4']
Lise Skell: goal="Get taken on for a day's work", knows=[], holds=['spark (w_x00226) ×7']
Nan Fitch: goal='Find out how your neighbour is keeping', knows=[], holds=['spark (w_x00227) ×3']
Rohese of the Tenters: goal='Hear news from your kin', knows=[], holds=['spark (w_x00228) ×2']
Aldith Skell: goal='Keep the household blankets in good order', knows=[], holds=['spark (w_x00229) ×6']
Ansel Latchkey: goal='Find out how your neighbour is keeping', knows=[], holds=['spark (w_x00230) ×3']
Betriss Coldhands: goal='Keep the household blankets in good order', knows=[], holds=['spark (w_x00231) ×2']
Clemence Latchkey: goal='Keep the household blankets in good order', knows=[], holds=['spark (w_x00232) ×4']
Tib of the Gutter Steps: goal='Keep your clothes dry', knows=[], holds=['spark (w_x00233) ×3']
Havise Crake: goal='Keep your clothes dry', knows=[], holds=['spark (w_x00234) ×5']
Ede Upstream: goal='Get your sleeping corner back', knows=[], holds=['spark (w_x00235) ×4']
Aldith Rasp: goal='Hear news from your kin', knows=[], holds=['spark (w_x00236) ×2']
Renn Fitch: goal='Keep the household blankets in good order', knows=[], holds=['spark (w_x00237) ×2']
Rohese of Cinder Row: goal='Find a quiet frontage where you are welcome', knows=[], holds=['spark (w_x00238) ×5']
Renn Shortmeasure: goal='Share a memory of the street', knows=[], holds=['spark (w_x00239) ×3']
Hamel Shortmeasure: goal='Keep the household blankets in good order', knows=[], holds=['spark (w_x00240) ×3']
Idonea Coldhands: goal='Hear news from your kin', knows=[], holds=['spark (w_x00241) ×2']
Osanne Wetalms: goal='Share a memory of the street', knows=[], holds=['spark (w_x00242) ×5']
Averil of the Shambles: goal='Share a memory of the street', knows=[], holds=['spark (w_x00243) ×7']
Ede Skell: goal='Share a memory of the street', knows=[], holds=['spark (w_x00244) ×3']
Colm Crake: goal='Share a memory of the street', knows=[], holds=['spark (w_x00245) ×3']
Pin of the Gutter Steps: goal='Hear news from your kin', knows=[], holds=['spark (w_x00246) ×4']
Tib of the Low Bridge: goal='Enjoy a little peace in your neighbourhood', knows=[], holds=['spark (w_x00247) ×6']
Rohese Upstream: goal='Find something to put on your feet', knows=[], holds=['spark (w_x00248) ×3']
Mote Wetalms: goal="Get taken on for a day's work", knows=[], holds=['spark (w_x00249) ×6']
Bertran of the Low Bridge: goal='Keep your clothes dry', knows=[], holds=['spark (w_x00250) ×7']
Petronel Fitch: goal='Find a salve for your hands', knows=[], holds=['spark (w_x00251) ×4']
Sibbe of the Bellstand: goal='Keep your clothes dry', knows=[], holds=['spark (w_x00252) ×3']
Havise Pike: goal='Find out how your neighbour is keeping', knows=[], holds=['spark (w_x00253) ×7']
Renn Latchkey: goal='Enjoy a little peace in your neighbourhood', knows=[], holds=['spark (w_x00254) ×3']
Averil Tarn: goal='Find out how your neighbour is keeping', knows=[], holds=['spark (w_x00255) ×5']
Petronel Skell: goal='Share a memory of the street', knows=[], holds=['spark (w_x00256) ×7']
Ede Hawser: goal='Keep the household blankets in good order', knows=[], holds=['spark (w_x00257) ×4']
Jonet Nineteen: goal='Share a memory of the street', knows=[], holds=['spark (w_x00258) ×5']
Corin of the Shambles: goal='Enjoy a little peace in your neighbourhood', knows=[], holds=['spark (w_x00259) ×3']
Petronel of the Gutter Steps: goal='Find out how your neighbour is keeping', knows=[], holds=['spark (w_x00260) ×7']
Ede Salter: goal='Find out how your neighbour is keeping', knows=[], holds=['spark (w_x00261) ×3']
Osanne Coldhands: goal='Keep the household blankets in good order', knows=[], holds=['spark (w_x00262) ×6']
Aubin Scaffold: goal='Get your sleeping corner back', knows=[], holds=['spark (w_x00263) ×2']
Petronel Hawser: goal='Hear news from your kin', knows=[], holds=['spark (w_x00264) ×2']
Ewart the Lesser: goal='Enjoy a little peace in your neighbourhood', knows=[], holds=['spark (w_x00265) ×6']
Aldith the Long: goal='Hear news from your kin', knows=[], holds=['spark (w_x00266) ×7']
Renn Salter: goal='Share a memory of the street', knows=[], holds=['spark (w_x00267) ×2']
Tib Salter: goal='Enjoy a little peace in your neighbourhood', knows=[], holds=['spark (w_x00268) ×7']
Ewart Copp: goal='Find somewhere to dry your blanket', knows=[], holds=['spark (w_x00269) ×7']
Grigor Dorn: goal='Find a quiet frontage where you are welcome', knows=[], holds=['spark (w_x00270) ×4']
Rohese Brant: goal='Keep your clothes dry', knows=[], holds=['spark (w_x00271) ×5']
Ansel of Cinder Row: goal='Find somewhere to dry your blanket', knows=[], holds=['spark (w_x00272) ×2']
Betriss Wetalms: goal='Find out how your neighbour is keeping', knows=[], holds=['spark (w_x00273) ×3']
Rohese the Lesser: goal='Keep your clothes dry', knows=[], holds=['spark (w_x00274) ×6']
Jonet Hawser: goal='Enjoy a little peace in your neighbourhood', knows=[], holds=['spark (w_x00275) ×4']
Tib Marle: goal='Find out how your neighbour is keeping', knows=[], holds=['spark (w_x00276) ×7']
Jonet Quern: goal='Keep the household blankets in good order', knows=[], holds=['spark (w_x00277) ×7']
Gile Scaffold: goal='Get the penny you were promised for the horse', knows=[], holds=['spark (w_x00278) ×2']
Havise Roper: goal='Share a memory of the street', knows=[], holds=['spark (w_x00279) ×6']
Jos Salter: goal='Find somewhere to dry your blanket', knows=[], holds=['spark (w_x00280) ×5']
Averil Upstream: goal='Find a quiet frontage where you are welcome', knows=[], holds=['spark (w_x00281) ×3']
Corin Skell: goal='Find out how your neighbour is keeping', knows=[], holds=['spark (w_x00282) ×6']
Hamel Quern: goal='Keep your clothes dry', knows=[], holds=['spark (w_x00283) ×4']
Idonea the Lesser: goal='Hear news from your kin', knows=[], holds=['spark (w_x00284) ×4']
Lise Nineteen: goal='Find a quiet frontage where you are welcome', knows=[], holds=['spark (w_x00285) ×6']
Colm Shortmeasure: goal='Enjoy a little peace in your neighbourhood', knows=[], holds=['spark (w_x00286) ×3']
Jonet Latchkey: goal='Hear news from your kin', knows=[], holds=['spark (w_x00287) ×3']
Nan Hawser: goal='Find out how your neighbour is keeping', knows=[], holds=['spark (w_x00288) ×5']
Dob Roper: goal='Get the penny you were promised for the horse', knows=[], holds=['spark (w_x00289) ×6']
Pin Dorn: goal='Find out how your neighbour is keeping', knows=[], holds=['spark (w_x00290) ×2']
Rohese Tarn: goal='Hear news from your kin', knows=[], holds=['spark (w_x00291) ×5']
Sef of Cinder Row: goal='Find somewhere to dry your blanket', knows=[], holds=['spark (w_x00292) ×7']
Hamel the Lesser: goal='Keep the household blankets in good order', knows=[], holds=['spark (w_x00293) ×2']
Lise Quern: goal='Find somewhere you will be left alone', knows=[], holds=['spark (w_x00294) ×2']
Cobb Fitch: goal='Find out how your neighbour is keeping', knows=[], holds=['spark (w_x00295) ×6']
Rohese Coldhands: goal='Find a salve for your hands', knows=[], holds=['spark (w_x00296) ×7']
Osanne Wetalms: goal='Enjoy a little peace in your neighbourhood', knows=[], holds=['spark (w_x00297) ×6']
Nan of the Gutter Steps: goal='Keep the household blankets in good order', knows=[], holds=['spark (w_x00298) ×4']
Ede of the Needle: goal='Keep your clothes dry', knows=[], holds=['spark (w_x00299) ×2']
Sef Wetalms: goal='Hear news from your kin', knows=[], holds=['spark (w_x00300) ×5']
Idonea Upstream: goal='Find out how your neighbour is keeping', knows=[], holds=['spark (w_x00301) ×5']
Pin of the Slip: goal='Enjoy a little peace in your neighbourhood', knows=[], holds=['spark (w_x00302) ×4']
Lise Salter: goal='Keep the household blankets in good order', knows=[], holds=['spark (w_x00303) ×6']
Petronel of the Needle: goal='Keep your clothes dry', knows=[], holds=['spark (w_x00304) ×7']
Noll of the Needle: goal='Hear news from your kin', knows=[], holds=['spark (w_x00305) ×2']
Gile Fitch: goal='Enjoy a little peace in your neighbourhood', knows=[], holds=['spark (w_x00306) ×5']
Rohese of the Needle: goal='Enjoy a little peace in your neighbourhood', knows=[], holds=['spark (w_x00307) ×3']
Petronel the Lesser: goal='Find somewhere to dry your blanket', knows=[], holds=['spark (w_x00308) ×5']
Segwin Brant: goal='Beg or find a meal today', knows=[], holds=['spark (w_x00309) ×5']
Sibbe of the Tenters: goal='Enjoy a little peace in your neighbourhood', knows=[], holds=['spark (w_x00310) ×2']
Tobin Nineteen: goal='Find a quiet frontage where you are welcome', knows=[], holds=['spark (w_x00311) ×5']
Pin of the Gutter Steps: goal='Find something to put on your feet', knows=[], holds=['spark (w_x00312) ×3']
Ewart of the Gutter Steps: goal='Keep your clothes dry', knows=[], holds=['spark (w_x00313) ×6']
Jonet Coldhands: goal='Find a quiet frontage where you are welcome', knows=[], holds=['spark (w_x00314) ×5']
Jonet of Ostrelle: goal='Hear news from your kin', knows=[], holds=['spark (w_x00315) ×3']
Hamel Fitch: goal='Hear news from your kin', knows=[], holds=['spark (w_x00316) ×7']
Aubin Dorn: goal='Keep the household blankets in good order', knows=[], holds=['spark (w_x00317) ×7']
Ede Sparr: goal='Enjoy a little peace in your neighbourhood', knows=[], holds=['spark (w_x00318) ×2']
Grigor Sparr: goal='Keep your clothes dry', knows=[], holds=['spark (w_x00319) ×3']
Nan of the Gutter Steps: goal='Share a memory of the street', knows=[], holds=['spark (w_x00320) ×4']
Grigor of Ostrelle: goal='Find a quiet frontage where you are welcome', knows=[], holds=['spark (w_x00321) ×2']
Lise Marle: goal='Keep your clothes dry', knows=[], holds=['spark (w_x00322) ×2']
Havise Salter: goal="Get taken on for a day's work", knows=[], holds=['spark (w_x00323) ×7']
Bertran of the Slip: goal='Enjoy a little peace in your neighbourhood', knows=[], holds=['spark (w_x00324) ×3']
Aubin of the Needle: goal='Share a memory of the street', knows=[], holds=['spark (w_x00325) ×4']
Osanne of the Shambles: goal='Keep your clothes dry', knows=[], holds=['spark (w_x00326) ×5']
Dunstan Scaffold: goal='Share a memory of the street', knows=[], holds=['spark (w_x00327) ×6']
Idonea of the Low Bridge: goal='Find out how your neighbour is keeping', knows=[], holds=['spark (w_x00328) ×2']
Ansel Latchkey: goal='Enjoy a little peace in your neighbourhood', knows=[], holds=['spark (w_x00329) ×5']
Nan Stott: goal='Find out how your neighbour is keeping', knows=[], holds=['spark (w_x00330) ×3']
Idonea of the Bellstand: goal='Enjoy a little peace in your neighbourhood', knows=[], holds=['spark (w_x00331) ×7']
Nan Roper: goal='Replace your lost alms bowl', knows=[], holds=['spark (w_x00332) ×4']
Renn Ferrant: goal='Find out how your neighbour is keeping', knows=[], holds=['spark (w_x00333) ×5']
Colm Threefinger: goal='Keep your clothes dry', knows=[], holds=['spark (w_x00334) ×2']
Ib Hobbe: goal='Beg or find a meal today', knows=[], holds=['spark (w_x00335) ×7']
Aldith Brant: goal='Hear news from your kin', knows=[], holds=['spark (w_x00336) ×5']
Renn of Cinder Row: goal='Enjoy a little peace in your neighbourhood', knows=[], holds=['spark (w_x00337) ×5']
Clemence Hawser: goal='Enjoy a little peace in your neighbourhood', knows=[], holds=['spark (w_x00338) ×3']
Lise Hobbe: goal='Share a memory of the street', knows=[], holds=['spark (w_x00339) ×7']
Ansel Ferrant: goal='Share a memory of the street', knows=[], holds=['spark (w_x00340) ×3']
Corin of the Needle: goal='Keep the household blankets in good order', knows=[], holds=['spark (w_x00341) ×6']
Tib of the Bellstand: goal='Hear news from your kin', knows=[], holds=['spark (w_x00342) ×4']
Colm the Lesser: goal='Enjoy a little peace in your neighbourhood', knows=[], holds=['spark (w_x00343) ×2']
Idonea Tarn: goal='Keep your clothes dry', knows=[], holds=['spark (w_x00344) ×3']
Havise of the Shambles: goal='Hear news from your kin', knows=[], holds=['spark (w_x00345) ×4']
Hamel Hawser: goal='Hear news from your kin', knows=[], holds=['spark (w_x00346) ×5']
Nan of the Gutter Steps: goal='Find somewhere you will be left alone', knows=[], holds=['spark (w_x00347) ×6']
Colm Upstream: goal="Get taken on for a day's work", knows=[], holds=['spark (w_x00348) ×7']
Mote Crake: goal='Find out how your neighbour is keeping', knows=[], holds=['spark (w_x00349) ×4']
Ewart Threefinger: goal='Hear news from your kin', knows=[], holds=['spark (w_x00350) ×6']
Cobb the Long: goal='Find a salve for your hands', knows=[], holds=['spark (w_x00351) ×2']
Dunstan Shortmeasure: goal='Find out how your neighbour is keeping', knows=[], holds=['spark (w_x00352) ×7']
Betriss of the Gutter Steps: goal='Hear news from your kin', knows=[], holds=['spark (w_x00353) ×7']
Nan Stott: goal='Hear news from your kin', knows=[], holds=['spark (w_x00354) ×5']
Ib Copp: goal='Enjoy a little peace in your neighbourhood', knows=[], holds=['spark (w_x00355) ×2']
Cobb Shortmeasure: goal='Replace your lost alms bowl', knows=[], holds=['spark (w_x00356) ×5']
Tobin Stott: goal='Share a memory of the street', knows=[], holds=['spark (w_x00357) ×3']
Jonet of the Tenters: goal='Find a salve for your hands', knows=[], holds=['spark (w_x00358) ×6']
Tib of the Low Bridge: goal='Share a memory of the street', knows=[], holds=['spark (w_x00359) ×4']
Rohese Ferrant: goal='Share a memory of the street', knows=[], holds=['spark (w_x00360) ×5']
Corin of Cinder Row: goal='Get the penny you were promised for the horse', knows=[], holds=['spark (w_x00361) ×6']
Dob Crake: goal='Enjoy a little peace in your neighbourhood', knows=[], holds=['spark (w_x00362) ×3']
Ewart Shortmeasure: goal='Find somewhere you will be left alone', knows=[], holds=['spark (w_x00363) ×6']
Mote Roper: goal='Enjoy a little peace in your neighbourhood', knows=[], holds=['spark (w_x00364) ×3']
Clemence Tarn: goal='Keep the household blankets in good order', knows=[], holds=['spark (w_x00365) ×3']
Ewart Dorn: goal='Enjoy a little peace in your neighbourhood', knows=[], holds=['spark (w_x00366) ×7']
Ede Nineteen: goal='Get your sleeping corner back', knows=[], holds=['spark (w_x00367) ×6']
Osanne Coldhands: goal='Keep your clothes dry', knows=[], holds=['spark (w_x00368) ×3']
Lise Latchkey: goal='Find a quiet frontage where you are welcome', knows=[], holds=['spark (w_x00369) ×2']
Ansel Hobbe: goal='Enjoy a little peace in your neighbourhood', knows=[], holds=['spark (w_x00370) ×4']
Noll Nineteen: goal='Keep your clothes dry', knows=[], holds=['spark (w_x00371) ×3']
Mote Crake: goal='Share a memory of the street', knows=[], holds=['spark (w_x00372) ×6']
Jos Nineteen: goal='Find a quiet frontage where you are welcome', knows=[], holds=['spark (w_x00373) ×5']
Tobin of Ostrelle: goal='Enjoy a little peace in your neighbourhood', knows=[], holds=['spark (w_x00374) ×6']
Nan of Cinder Row: goal='Hear news from your kin', knows=[], holds=['spark (w_x00375) ×5']
Ede of the Needle: goal='Find out how your neighbour is keeping', knows=[], holds=['spark (w_x00376) ×5']
Averil Hawser: goal='Enjoy a little peace in your neighbourhood', knows=[], holds=['spark (w_x00377) ×4']
Ansel Ashe: goal='Find a salve for your hands', knows=[], holds=['spark (w_x00378) ×6']
Noll of Ostrelle: goal='Keep your clothes dry', knows=[], holds=['spark (w_x00379) ×2']
Nan Quern: goal='Replace your lost alms bowl', knows=[], holds=['spark (w_x00380) ×3']
Bertran Scaffold: goal='Enjoy a little peace in your neighbourhood', knows=[], holds=['spark (w_x00381) ×7']
Mote Sparr: goal='Replace your lost alms bowl', knows=[], holds=['spark (w_x00382) ×3']
Ansel of Ostrelle: goal='Enjoy a little peace in your neighbourhood', knows=[], holds=['spark (w_x00383) ×6']
Corin Roper: goal='Find somewhere you will be left alone', knows=[], holds=['spark (w_x00384) ×2']
Ewart Marle: goal='Hear news from your kin', knows=[], holds=['spark (w_x00385) ×4']
Tobin Ashe: goal='Find out how your neighbour is keeping', knows=[], holds=['spark (w_x00386) ×3']
Petronel the Lesser: goal='Hear news from your kin', knows=[], holds=['spark (w_x00387) ×2']
Averil Hobbe: goal='Hear news from your kin', knows=[], holds=['spark (w_x00388) ×5']
Grigor the Long: goal='Find out how your neighbour is keeping', knows=[], holds=['spark (w_x00389) ×4']
Aldith Stott: goal='Share a memory of the street', knows=[], holds=['spark (w_x00390) ×6']
Jos Nineteen: goal='Hear news from your kin', knows=[], holds=['spark (w_x00391) ×3']
Tib Skell: goal='Enjoy a little peace in your neighbourhood', knows=[], holds=['spark (w_x00392) ×3']
Tib Sparr: goal='Keep the household blankets in good order', knows=[], holds=['spark (w_x00393) ×5']
Ede Hobbe: goal='Enjoy a little peace in your neighbourhood', knows=[], holds=['spark (w_x00394) ×2']
Hamel Ferrant: goal='Keep your clothes dry', knows=[], holds=['spark (w_x00395) ×7']
Ansel Alder: goal='Keep your clothes dry', knows=[], holds=['spark (w_x00396) ×3']
Segwin of the Shambles: goal="Get taken on for a day's work", knows=[], holds=['spark (w_x00397) ×6']
Jonet the Lesser: goal='Keep the household blankets in good order', knows=[], holds=['spark (w_x00398) ×5']
Idonea Nineteen: goal='Enjoy a little peace in your neighbourhood', knows=[], holds=['spark (w_x00399) ×7']
Dunstan Hobbe: goal='Keep your clothes dry', knows=[], holds=['spark (w_x00400) ×2']
Sibbe Latchkey: goal='Keep the household blankets in good order', knows=[], holds=['spark (w_x00401) ×4']
Betriss Alder: goal='Keep the household blankets in good order', knows=[], holds=['spark (w_x00402) ×4']
Osanne Pike: goal='Keep the household blankets in good order', knows=[], holds=['spark (w_x00403) ×2']
Sef Ashe: goal='Share a memory of the street', knows=[], holds=['spark (w_x00404) ×7']
Osanne Sparr: goal='Get the penny you were promised for the horse', knows=[], holds=['spark (w_x00405) ×5']
Hamel of the Gutter Steps: goal='Find out how your neighbour is keeping', knows=[], holds=['spark (w_x00406) ×2']
Betriss Brant: goal='Hear news from your kin', knows=[], holds=['spark (w_x00407) ×4']
Havise of Cinder Row: goal='Keep your clothes dry', knows=[], holds=['spark (w_x00408) ×6']
Corin Tarn: goal='Enjoy a little peace in your neighbourhood', knows=[], holds=['spark (w_x00409) ×3']
Gile Tarn: goal='Get the penny you were promised for the horse', knows=[], holds=['spark (w_x00410) ×5']
Colm Stott: goal='Hear news from your kin', knows=[], holds=['spark (w_x00411) ×6']
Dunstan Threefinger: goal='Keep your clothes dry', knows=[], holds=['spark (w_x00412) ×3']
Betriss Copp: goal='Find somewhere to dry your blanket', knows=[], holds=['spark (w_x00413) ×3']
Jonet Ferrant: goal='Share a memory of the street', knows=[], holds=['spark (w_x00414) ×4']
Sef Copp: goal='Hear news from your kin', knows=[], holds=['spark (w_x00415) ×5']
Jos Skell: goal='Find out how your neighbour is keeping', knows=[], holds=['spark (w_x00416) ×6']
Cobb Vell: goal='Enjoy a little peace in your neighbourhood', knows=[], holds=['spark (w_x00417) ×2']
Renn Hawser: goal='Share a memory of the street', knows=[], holds=['spark (w_x00418) ×3']
Sef Brant: goal='Share a memory of the street', knows=[], holds=['spark (w_x00419) ×6']
Betriss Ashe: goal='Keep the household blankets in good order', knows=[], holds=['spark (w_x00420) ×2']
Tib Stott: goal='Keep the household blankets in good order', knows=[], holds=['spark (w_x00421) ×2']
Sibbe of Ostrelle: goal='Keep the household blankets in good order', knows=[], holds=['spark (w_x00422) ×4']
Betriss Sparr: goal='Keep the household blankets in good order', knows=[], holds=['spark (w_x00423) ×3']
Jos Brant: goal='Keep the household blankets in good order', knows=[], holds=['spark (w_x00424) ×5']
Segwin Alder: goal='Keep your clothes dry', knows=[], holds=['spark (w_x00425) ×5']
Betriss Copp: goal="Get taken on for a day's work", knows=[], holds=['spark (w_x00426) ×4']
Mote Hawser: goal='Get your sleeping corner back', knows=[], holds=['spark (w_x00427) ×7']
Bertran Pike: goal='Find somewhere to dry your blanket', knows=[], holds=['spark (w_x00428) ×5']
Noll Marle: goal='Hear news from your kin', knows=[], holds=['spark (w_x00429) ×6']
Noll Ferrant: goal='Share a memory of the street', knows=[], holds=['spark (w_x00430) ×3']
Mote Stott: goal='Find out how your neighbour is keeping', knows=[], holds=['spark (w_x00431) ×2']
Dunstan Ashe: goal='Find out how your neighbour is keeping', knows=[], holds=['spark (w_x00432) ×4']
Petronel Ferrant: goal='Keep the household blankets in good order', knows=[], holds=['spark (w_x00433) ×2']
Aldith Copp: goal='Hear news from your kin', knows=[], holds=['spark (w_x00434) ×4']
Sef Skell: goal='Keep the household blankets in good order', knows=[], holds=['spark (w_x00435) ×3']
Averil of the Tenters: goal='Enjoy a little peace in your neighbourhood', knows=[], holds=['spark (w_x00436) ×4']
Ib of the Needle: goal='Get your sleeping corner back', knows=[], holds=['spark (w_x00437) ×6']
Ib Latchkey: goal="Get taken on for a day's work", knows=[], holds=['spark (w_x00438) ×4']
Jonet of the Shambles: goal='Keep your clothes dry', knows=[], holds=['spark (w_x00439) ×3']
Tobin Dorn: goal='Hear news from your kin', knows=[], holds=['spark (w_x00440) ×7']
Aldith Marle: goal='Hear news from your kin', knows=[], holds=['spark (w_x00441) ×7']
Mote Vell: goal='Share a memory of the street', knows=[], holds=['spark (w_x00442) ×2']
Grigor Hobbe: goal='Find out how your neighbour is keeping', knows=[], holds=['spark (w_x00443) ×5']
Tib Threefinger: goal='Share a memory of the street', knows=[], holds=['spark (w_x00444) ×6']
Lise Copp: goal='Beg or find a meal today', knows=[], holds=['spark (w_x00445) ×5']
Petronel Vell: goal='Keep your clothes dry', knows=[], holds=['spark (w_x00446) ×7']
Segwin Latchkey: goal='Keep your clothes dry', knows=[], holds=['spark (w_x00447) ×6']
Dob Copp: goal='Beg or find a meal today', knows=[], holds=['spark (w_x00448) ×5']
Segwin Nineteen: goal='Share a memory of the street', knows=[], holds=['spark (w_x00449) ×4']
Jonet Rasp: goal='Get the penny you were promised for the horse', knows=[], holds=['spark (w_x00450) ×4']
Aubin Salter: goal='Find somewhere you will be left alone', knows=[], holds=['spark (w_x00451) ×5']
Bertran Ferrant: goal='Keep your clothes dry', knows=[], holds=['spark (w_x00452) ×5']
Colm Hobbe: goal='Hear news from your kin', knows=[], holds=['spark (w_x00453) ×5']
Noll Rasp: goal='Find out how your neighbour is keeping', knows=[], holds=['spark (w_x00454) ×2']
Clemence Hawser: goal='Hear news from your kin', knows=[], holds=['spark (w_x00455) ×6']
Aldith Quern: goal='Enjoy a little peace in your neighbourhood', knows=[], holds=['spark (w_x00456) ×2']
Osanne Quern: goal='Enjoy a little peace in your neighbourhood', knows=[], holds=['spark (w_x00457) ×7']
Osanne the Long: goal='Keep your clothes dry', knows=[], holds=['spark (w_x00458) ×7']
Ansel Coldhands: goal='Hear news from your kin', knows=[], holds=['spark (w_x00459) ×3']
Havise of the Needle: goal='Keep your clothes dry', knows=[], holds=['spark (w_x00460) ×4']
Ede Hawser: goal='Replace your lost alms bowl', knows=[], holds=['spark (w_x00461) ×6']
Ansel Roper: goal='Keep the household blankets in good order', knows=[], holds=['spark (w_x00462) ×2']
Idonea Hawser: goal='Hear news from your kin', knows=[], holds=['spark (w_x00463) ×6']
Segwin Dorn: goal='Find a quiet frontage where you are welcome', knows=[], holds=['spark (w_x00464) ×3']
Mote Shortmeasure: goal='Enjoy a little peace in your neighbourhood', knows=[], holds=['spark (w_x00465) ×2']
Betriss Salter: goal='Share a memory of the street', knows=[], holds=['spark (w_x00466) ×2']
Noll Upstream: goal='Keep the household blankets in good order', knows=[], holds=['spark (w_x00467) ×4']
Jos Marle: goal='Find a quiet frontage where you are welcome', knows=[], holds=['spark (w_x00468) ×4']
Sibbe Skell: goal='Get your sleeping corner back', knows=[], holds=['spark (w_x00469) ×2']
Aldith Quern: goal='Find somewhere to dry your blanket', knows=[], holds=['spark (w_x00470) ×6']
Petronel Marle: goal='Find somewhere you will be left alone', knows=[], holds=['spark (w_x00471) ×5']
Ewart of the Tenters: goal='Find somewhere to dry your blanket', knows=[], holds=['spark (w_x00472) ×2']
Idonea Rasp: goal='Keep the household blankets in good order', knows=[], holds=['spark (w_x00473) ×2']
Petronel of the Tenters: goal='Share a memory of the street', knows=[], holds=['spark (w_x00474) ×5']
Havise of the Bellstand: goal='Hear news from your kin', knows=[], holds=['spark (w_x00475) ×6']
Ib Fitch: goal='Enjoy a little peace in your neighbourhood', knows=[], holds=['spark (w_x00476) ×3']
Sibbe Hawser: goal='Find out how your neighbour is keeping', knows=[], holds=['spark (w_x00477) ×3']
Idonea Quern: goal='Find a salve for your hands', knows=[], holds=['spark (w_x00478) ×2']
Dob Nineteen: goal='Hear news from your kin', knows=[], holds=['spark (w_x00479) ×6']
Renn Salter: goal='Enjoy a little peace in your neighbourhood', knows=[], holds=['spark (w_x00480) ×2']
Sibbe Hobbe: goal='Beg or find a meal today', knows=[], holds=['spark (w_x00481) ×5']
Grigor Stott: goal='Find somewhere you will be left alone', knows=[], holds=['spark (w_x00482) ×7']
Corin Brant: goal='Keep your clothes dry', knows=[], holds=['spark (w_x00483) ×6']
Sef of Cinder Row: goal='Enjoy a little peace in your neighbourhood', knows=[], holds=['spark (w_x00484) ×6']
Ewart Sparr: goal='Get the penny you were promised for the horse', knows=[], holds=['spark (w_x00485) ×4']
Betriss Hobbe: goal='Share a memory of the street', knows=[], holds=['spark (w_x00486) ×6']
Clemence of the Shambles: goal='Keep the household blankets in good order', knows=[], holds=['spark (w_x00487) ×6']
Nan Hobbe: goal='Enjoy a little peace in your neighbourhood', knows=[], holds=['spark (w_x00488) ×6']
Petronel Stott: goal='Keep the household blankets in good order', knows=[], holds=['spark (w_x00489) ×6']
Noll Tarn: goal='Keep the household blankets in good order', knows=[], holds=['spark (w_x00490) ×2']
Corin the Long: goal='Find out how your neighbour is keeping', knows=[], holds=['spark (w_x00491) ×2']
Gile Quern: goal='Find out how your neighbour is keeping', knows=[], holds=['spark (w_x00492) ×4']
Lise of the Needle: goal='Share a memory of the street', knows=[], holds=['spark (w_x00493) ×3']
Ewart Tarn: goal='Replace your lost alms bowl', knows=[], holds=['spark (w_x00494) ×7']
Petronel Hawser: goal='Hear news from your kin', knows=[], holds=['spark (w_x00495) ×5']
Corin of the Needle: goal='Enjoy a little peace in your neighbourhood', knows=[], holds=['spark (w_x00496) ×7']
Aldith of the Tenters: goal='Hear news from your kin', knows=[], holds=['spark (w_x00497) ×2']
Ib Shortmeasure: goal='Share a memory of the street', knows=[], holds=['spark (w_x00498) ×3']
Mote Skell: goal='Keep the household blankets in good order', knows=[], holds=['spark (w_x00499) ×7']
Clemence Crake: goal='Find out how your neighbour is keeping', knows=[], holds=['spark (w_x00500) ×5']
Osanne Upstream: goal='Share a memory of the street', knows=[], holds=['spark (w_x00501) ×6']
Tib Fitch: goal='Find out how your neighbour is keeping', knows=[], holds=['spark (w_x00502) ×2']
Renn Rasp: goal='Keep the household blankets in good order', knows=[], holds=['spark (w_x00503) ×3']
Gile of Ostrelle: goal='Hear news from your kin', knows=[], holds=['spark (w_x00504) ×2']
Gile Threefinger: goal='Get your sleeping corner back', knows=[], holds=['spark (w_x00505) ×7']
Tobin of Ostrelle: goal='Find somewhere to dry your blanket', knows=[], holds=['spark (w_x00506) ×6']
Betriss Upstream: goal='Share a memory of the street', knows=[], holds=['spark (w_x00507) ×3']
Renn Wetalms: goal='Keep your clothes dry', knows=[], holds=['spark (w_x00508) ×5']
Ewart Skell: goal='Find a salve for your hands', knows=[], holds=['spark (w_x00509) ×4']
Betriss Hobbe: goal='Find something to put on your feet', knows=[], holds=['spark (w_x00510) ×7']
Ewart Vell: goal='Find out how your neighbour is keeping', knows=[], holds=['spark (w_x00511) ×2']
Petronel Roper: goal='Enjoy a little peace in your neighbourhood', knows=[], holds=['spark (w_x00512) ×3']
Averil Crake: goal='Enjoy a little peace in your neighbourhood', knows=[], holds=['spark (w_x00513) ×6']
Aubin Salter: goal='Beg or find a meal today', knows=[], holds=['spark (w_x00514) ×4']
Lise Sparr: goal='Find something to put on your feet', knows=[], holds=['spark (w_x00515) ×4']
Cobb Sparr: goal='Enjoy a little peace in your neighbourhood', knows=[], holds=['spark (w_x00516) ×2']
Havise Ashe: goal='Find somewhere to dry your blanket', knows=[], holds=['spark (w_x00517) ×6']
Segwin Nineteen: goal='Find out how your neighbour is keeping', knows=[], holds=['spark (w_x00518) ×7']
Dunstan the Lesser: goal='Get your sleeping corner back', knows=[], holds=['spark (w_x00519) ×7']
Dunstan Sparr: goal='Keep your clothes dry', knows=[], holds=['spark (w_x00520) ×7']
Ewart Marle: goal='Hear news from your kin', knows=[], holds=['spark (w_x00521) ×7']
Petronel Wetalms: goal='Keep the household blankets in good order', knows=[], holds=['spark (w_x00522) ×7']
Clemence of the Tenters: goal='Share a memory of the street', knows=[], holds=['spark (w_x00523) ×5']
Jos of the Gutter Steps: goal='Hear news from your kin', knows=[], holds=['spark (w_x00524) ×4']
Mote of the Shambles: goal='Hear news from your kin', knows=[], holds=['spark (w_x00525) ×4']
Idonea of the Slip: goal='Find something to put on your feet', knows=[], holds=['spark (w_x00526) ×6']
Idonea Brant: goal='Get your sleeping corner back', knows=[], holds=['spark (w_x00527) ×3']
Lise Shortmeasure: goal='Find a salve for your hands', knows=[], holds=['spark (w_x00528) ×4']
Jos of the Slip: goal='Enjoy a little peace in your neighbourhood', knows=[], holds=['spark (w_x00529) ×7']
Sibbe Stott: goal="Get taken on for a day's work", knows=[], holds=['spark (w_x00530) ×5']
Mote Upstream: goal='Keep your clothes dry', knows=[], holds=['spark (w_x00531) ×3']
Sef Hobbe: goal='Find somewhere to dry your blanket', knows=[], holds=['spark (w_x00532) ×4']
Mote Coldhands: goal='Keep the household blankets in good order', knows=[], holds=['spark (w_x00533) ×7']
Petronel Coldhands: goal='Enjoy a little peace in your neighbourhood', knows=[], holds=['spark (w_x00534) ×4']
Colm Sparr: goal='Hear news from your kin', knows=[], holds=['spark (w_x00535) ×5']
Corin Nineteen: goal='Hear news from your kin', knows=[], holds=['spark (w_x00536) ×4']
Havise Ashe: goal='Enjoy a little peace in your neighbourhood', knows=[], holds=['spark (w_x00537) ×3']
Sibbe of the Low Bridge: goal='Enjoy a little peace in your neighbourhood', knows=[], holds=['spark (w_x00538) ×3']
Mote Coldhands: goal='Find a quiet frontage where you are welcome', knows=[], holds=['spark (w_x00539) ×3']
Pin Quern: goal='Hear news from your kin', knows=[], holds=['spark (w_x00540) ×3']
Lise Vell: goal='Find out how your neighbour is keeping', knows=[], holds=['spark (w_x00541) ×6']
Mote Tarn: goal='Keep the household blankets in good order', knows=[], holds=['spark (w_x00542) ×7']
Rohese Threefinger: goal='Find something to put on your feet', knows=[], holds=['spark (w_x00543) ×3']
Sibbe Tarn: goal='Enjoy a little peace in your neighbourhood', knows=[], holds=['spark (w_x00544) ×4']
Grigor of Cinder Row: goal='Find somewhere you will be left alone', knows=[], holds=['spark (w_x00545) ×2']
Rohese Sparr: goal='Find out how your neighbour is keeping', knows=[], holds=['spark (w_x00546) ×4']
Lise Quern: goal='Keep the household blankets in good order', knows=[], holds=['spark (w_x00547) ×5']
Pin Brant: goal='Share a memory of the street', knows=[], holds=['spark (w_x00548) ×7']
Jos Skell: goal='Share a memory of the street', knows=[], holds=['spark (w_x00549) ×2']
Bertran Ferrant: goal='Get your sleeping corner back', knows=[], holds=['spark (w_x00550) ×2']
Renn Hawser: goal='Hear news from your kin', knows=[], holds=['spark (w_x00551) ×2']
Averil Upstream: goal='Hear news from your kin', knows=[], holds=['spark (w_x00552) ×7']
Nan Vell: goal='Hear news from your kin', knows=[], holds=['spark (w_x00553) ×2']
Dunstan Roper: goal='Keep the household blankets in good order', knows=[], holds=['spark (w_x00554) ×4']
Ewart Marle: goal='Find a quiet frontage where you are welcome', knows=[], holds=['spark (w_x00555) ×5']
Lise of the Bellstand: goal='Beg or find a meal today', knows=[], holds=['spark (w_x00556) ×2']
Jos Sparr: goal='Enjoy a little peace in your neighbourhood', knows=[], holds=['spark (w_x00557) ×2']
Tobin Roper: goal='Get your sleeping corner back', knows=[], holds=['spark (w_x00558) ×3']
Dunstan Salter: goal='Keep your clothes dry', knows=[], holds=['spark (w_x00559) ×2']
Rohese Shortmeasure: goal='Hear news from your kin', knows=[], holds=['spark (w_x00560) ×6']
Hamel Ferrant: goal='Share a memory of the street', knows=[], holds=['spark (w_x00561) ×7']
Bertran Scaffold: goal='Share a memory of the street', knows=[], holds=['spark (w_x00562) ×3']
Ede Roper: goal='Find somewhere you will be left alone', knows=[], holds=['spark (w_x00563) ×2']
Dunstan Ashe: goal='Keep the household blankets in good order', knows=[], holds=['spark (w_x00564) ×7']
Tobin Nineteen: goal='Hear news from your kin', knows=[], holds=['spark (w_x00565) ×7']
Mote of the Low Bridge: goal='Keep your clothes dry', knows=[], holds=['spark (w_x00566) ×2']
Gile Ashe: goal='Find a quiet frontage where you are welcome', knows=[], holds=['spark (w_x00567) ×6']
Averil Copp: goal='Enjoy a little peace in your neighbourhood', knows=[], holds=['spark (w_x00568) ×7']
Aubin Roper: goal='Share a memory of the street', knows=[], holds=['spark (w_x00569) ×3']
Segwin Roper: goal='Enjoy a little peace in your neighbourhood', knows=[], holds=['spark (w_x00570) ×4']
Colm Vell: goal='Keep your clothes dry', knows=[], holds=['spark (w_x00571) ×6']
Segwin Sparr: goal='Share a memory of the street', knows=[], holds=['spark (w_x00572) ×3']
Ib Copp: goal='Find a salve for your hands', knows=[], holds=['spark (w_x00573) ×7']
Lise Copp: goal='Share a memory of the street', knows=[], holds=['spark (w_x00574) ×3']
Renn Alder: goal='Find out how your neighbour is keeping', knows=[], holds=['spark (w_x00575) ×6']
Grigor of the Needle: goal='Enjoy a little peace in your neighbourhood', knows=[], holds=['spark (w_x00576) ×4']
Colm of Cinder Row: goal='Hear news from your kin', knows=[], holds=['spark (w_x00577) ×6']
Tobin Scaffold: goal='Enjoy a little peace in your neighbourhood', knows=[], holds=['spark (w_x00578) ×3']
Petronel Hawser: goal='Find a salve for your hands', knows=[], holds=['spark (w_x00579) ×4']
Betriss Nineteen: goal='Find somewhere to dry your blanket', knows=[], holds=['spark (w_x00580) ×2']
Havise Shortmeasure: goal='Find out how your neighbour is keeping', knows=[], holds=['spark (w_x00581) ×3']
Nan Salter: goal='Share a memory of the street', knows=[], holds=['spark (w_x00582) ×3']
Noll Ferrant: goal='Find a salve for your hands', knows=[], holds=['spark (w_x00583) ×6']
Dob Fitch: goal='Hear news from your kin', knows=[], holds=['spark (w_x00584) ×5']
Ansel Coldhands: goal='Keep the household blankets in good order', knows=[], holds=['spark (w_x00585) ×7']
Jos the Long: goal='Find out how your neighbour is keeping', knows=[], holds=['spark (w_x00586) ×2']
Jos Hobbe: goal='Keep your clothes dry', knows=[], holds=['spark (w_x00587) ×6']
Bertran of the Bellstand: goal='Share a memory of the street', knows=[], holds=['spark (w_x00588) ×5']
Pin Sparr: goal="Get taken on for a day's work", knows=[], holds=['spark (w_x00589) ×3']
Corin Skell: goal='Find something to put on your feet', knows=[], holds=['spark (w_x00590) ×3']
Cobb Alder: goal='Keep the household blankets in good order', knows=[], holds=['spark (w_x00591) ×5']
Mote of the Gutter Steps: goal='Keep the household blankets in good order', knows=[], holds=['spark (w_x00592) ×4']
Averil Skell: goal='Share a memory of the street', knows=[], holds=['spark (w_x00593) ×4']
Lise Hobbe: goal='Keep your clothes dry', knows=[], holds=['spark (w_x00594) ×5']
Aubin the Long: goal='Find somewhere to dry your blanket', knows=[], holds=['spark (w_x00595) ×6']
Averil Coldhands: goal='Find a quiet frontage where you are welcome', knows=[], holds=['spark (w_x00596) ×5']
Ede Nineteen: goal='Find out how your neighbour is keeping', knows=[], holds=['spark (w_x00597) ×3']
Tobin of the Needle: goal='Replace your lost alms bowl', knows=[], holds=['spark (w_x00598) ×5']
Aldith Stott: goal='Find a quiet frontage where you are welcome', knows=[], holds=['spark (w_x00599) ×2']
Ansel Crake: goal='Hear news from your kin', knows=[], holds=['spark (w_x00600) ×3']
Bertran Hawser: goal='Share a memory of the street', knows=[], holds=['spark (w_x00601) ×4']
Ib Quern: goal='Hear news from your kin', knows=[], holds=['spark (w_x00602) ×2']
Corin of the Needle: goal='Enjoy a little peace in your neighbourhood', knows=[], holds=['spark (w_x00603) ×4']
Rohese Scaffold: goal='Keep your clothes dry', knows=[], holds=['spark (w_x00604) ×3']
Havise Threefinger: goal='Find somewhere you will be left alone', knows=[], holds=['spark (w_x00605) ×3']
Segwin Marle: goal='Hear news from your kin', knows=[], holds=['spark (w_x00606) ×7']
Aldith the Long: goal='Beg or find a meal today', knows=[], holds=['spark (w_x00607) ×7']
Averil Stott: goal='Get your sleeping corner back', knows=[], holds=['spark (w_x00608) ×5']
Dunstan Pike: goal='Hear news from your kin', knows=[], holds=['spark (w_x00609) ×2']
Betriss Fitch: goal='Keep your clothes dry', knows=[], holds=['spark (w_x00610) ×7']
Gile Sparr: goal='Find out how your neighbour is keeping', knows=[], holds=['spark (w_x00611) ×2']
Ewart Ferrant: goal='Hear news from your kin', knows=[], holds=['spark (w_x00612) ×6']
Segwin Marle: goal='Find out how your neighbour is keeping', knows=[], holds=['spark (w_x00613) ×4']
Mote Alder: goal='Keep your clothes dry', knows=[], holds=['spark (w_x00614) ×6']
Tobin Rasp: goal='Keep the household blankets in good order', knows=[], holds=['spark (w_x00615) ×2']
Cobb Quern: goal='Keep your clothes dry', knows=[], holds=['spark (w_x00616) ×2']
Jos Roper: goal='Keep your clothes dry', knows=[], holds=['spark (w_x00617) ×6']
Ansel Tarn: goal='Find a salve for your hands', knows=[], holds=['spark (w_x00618) ×6']
Rohese Vell: goal='Keep the household blankets in good order', knows=[], holds=['spark (w_x00619) ×4']
Osanne the Long: goal='Keep your clothes dry', knows=[], holds=['spark (w_x00620) ×7']
Jonet of the Bellstand: goal='Hear news from your kin', knows=[], holds=['spark (w_x00621) ×2']
Clemence Ferrant: goal='Get your sleeping corner back', knows=[], holds=['spark (w_x00622) ×4']
Bertran Rasp: goal='Share a memory of the street', knows=[], holds=['spark (w_x00623) ×3']
Lise of Ostrelle: goal='Find out how your neighbour is keeping', knows=[], holds=['spark (w_x00624) ×6']
Nan Ashe: goal='Share a memory of the street', knows=[], holds=['spark (w_x00625) ×4']
Rohese Coldhands: goal='Share a memory of the street', knows=[], holds=['spark (w_x00626) ×6']
Jos Copp: goal='Find out how your neighbour is keeping', knows=[], holds=['spark (w_x00627) ×6']
Lise Coldhands: goal='Find somewhere to dry your blanket', knows=[], holds=['spark (w_x00628) ×7']
Havise Marle: goal='Share a memory of the street', knows=[], holds=['spark (w_x00629) ×6']
Osanne Ferrant: goal='Enjoy a little peace in your neighbourhood', knows=[], holds=['spark (w_x00630) ×7']
Petronel Skell: goal='Find out how your neighbour is keeping', knows=[], holds=['spark (w_x00631) ×5']
Sef the Lesser: goal='Hear news from your kin', knows=[], holds=['spark (w_x00632) ×7']
Jonet Threefinger: goal='Hear news from your kin', knows=[], holds=['spark (w_x00633) ×4']
Aldith Quern: goal='Keep the household blankets in good order', knows=[], holds=['spark (w_x00634) ×3']
Ede of the Needle: goal='Enjoy a little peace in your neighbourhood', knows=[], holds=['spark (w_x00635) ×6']
Renn Skell: goal='Share a memory of the street', knows=[], holds=['spark (w_x00636) ×5']
Osanne of Cinder Row: goal='Hear news from your kin', knows=[], holds=['spark (w_x00637) ×5']
Tobin of the Slip: goal='Find somewhere you will be left alone', knows=[], holds=['spark (w_x00638) ×3']
Rohese Ferrant: goal='Find out how your neighbour is keeping', knows=[], holds=['spark (w_x00639) ×4']
Sef of the Slip: goal='Hear news from your kin', knows=[], holds=['spark (w_x00640) ×6']
Lise Tarn: goal='Find somewhere you will be left alone', knows=[], holds=['spark (w_x00641) ×4']
Dob Vell: goal='Share a memory of the street', knows=[], holds=['spark (w_x00642) ×7']
Corin Marle: goal='Share a memory of the street', knows=[], holds=['spark (w_x00643) ×5']
Hamel of the Gutter Steps: goal='Hear news from your kin', knows=[], holds=['spark (w_x00644) ×3']
Dob Nineteen: goal='Find something to put on your feet', knows=[], holds=['spark (w_x00645) ×3']
Gile Skell: goal='Find out how your neighbour is keeping', knows=[], holds=['spark (w_x00646) ×5']
Havise Roper: goal='Get the penny you were promised for the horse', knows=[], holds=['spark (w_x00647) ×2']
Corin Upstream: goal='Find out how your neighbour is keeping', knows=[], holds=['spark (w_x00648) ×6']
Aldith the Long: goal='Share a memory of the street', knows=[], holds=['spark (w_x00649) ×5']
Ansel Rasp: goal='Hear news from your kin', knows=[], holds=['spark (w_x00650) ×5']
Segwin of Ostrelle: goal='Find a quiet frontage where you are welcome', knows=[], holds=['spark (w_x00651) ×3']
Mote Marle: goal='Find out how your neighbour is keeping', knows=[], holds=['spark (w_x00652) ×7']
Tib of Cinder Row: goal='Keep the household blankets in good order', knows=[], holds=['spark (w_x00653) ×2']
Ib Ferrant: goal='Share a memory of the street', knows=[], holds=['spark (w_x00654) ×2']
Clemence of the Tenters: goal='Find a salve for your hands', knows=[], holds=['spark (w_x00655) ×6']
Noll Brant: goal='Find somewhere to dry your blanket', knows=[], holds=['spark (w_x00656) ×6']
Dunstan Stott: goal='Keep the household blankets in good order', knows=[], holds=['spark (w_x00657) ×4']
Mote Alder: goal="Get taken on for a day's work", knows=[], holds=['spark (w_x00658) ×2']
Corin Threefinger: goal='Keep the household blankets in good order', knows=[], holds=['spark (w_x00659) ×6']
Ewart Nineteen: goal='Keep your clothes dry', knows=[], holds=['spark (w_x00660) ×4']
Idonea of the Bellstand: goal='Hear news from your kin', knows=[], holds=['spark (w_x00661) ×4']
Segwin Scaffold: goal='Keep your clothes dry', knows=[], holds=['spark (w_x00662) ×5']
Petronel Latchkey: goal='Hear news from your kin', knows=[], holds=['spark (w_x00663) ×7']
Nan of the Low Bridge: goal='Get your sleeping corner back', knows=[], holds=['spark (w_x00664) ×6']
Averil Latchkey: goal='Keep the household blankets in good order', knows=[], holds=['spark (w_x00665) ×3']
Nan Dorn: goal='Hear news from your kin', knows=[], holds=['spark (w_x00666) ×6']
Corin Quern: goal='Keep the household blankets in good order', knows=[], holds=['spark (w_x00667) ×7']
Jonet Wetalms: goal='Share a memory of the street', knows=[], holds=['spark (w_x00668) ×3']
Averil of Ostrelle: goal='Enjoy a little peace in your neighbourhood', knows=[], holds=['spark (w_x00669) ×5']
Sibbe Ashe: goal='Keep your clothes dry', knows=[], holds=['spark (w_x00670) ×5']
Renn of the Tenters: goal='Keep your clothes dry', knows=[], holds=['spark (w_x00671) ×7']
Osanne Hobbe: goal='Find out how your neighbour is keeping', knows=[], holds=['spark (w_x00672) ×2']
Pin Hobbe: goal='Enjoy a little peace in your neighbourhood', knows=[], holds=['spark (w_x00673) ×6']
Hamel of the Tenters: goal='Find out how your neighbour is keeping', knows=[], holds=['spark (w_x00674) ×2']
Mote Vell: goal='Enjoy a little peace in your neighbourhood', knows=[], holds=['spark (w_x00675) ×4']
Grigor of the Tenters: goal='Keep your clothes dry', knows=[], holds=['spark (w_x00676) ×4']
Jos Dorn: goal='Find a quiet frontage where you are welcome', knows=[], holds=['spark (w_x00677) ×7']
Sibbe Coldhands: goal='Hear news from your kin', knows=[], holds=['spark (w_x00678) ×2']
Sibbe of the Needle: goal='Keep the household blankets in good order', knows=[], holds=['spark (w_x00679) ×4']
Havise Latchkey: goal='Find a quiet frontage where you are welcome', knows=[], holds=['spark (w_x00680) ×6']
Dunstan of Ostrelle: goal='Find a salve for your hands', knows=[], holds=['spark (w_x00681) ×3']
Osanne Hobbe: goal='Enjoy a little peace in your neighbourhood', knows=[], holds=['spark (w_x00682) ×4']
Havise Sparr: goal='Get your sleeping corner back', knows=[], holds=['spark (w_x00683) ×6']
Tobin Rasp: goal='Keep your clothes dry', knows=[], holds=['spark (w_x00684) ×5']
Jos Rasp: goal='Find out how your neighbour is keeping', knows=[], holds=['spark (w_x00685) ×6']
Petronel Ferrant: goal='Enjoy a little peace in your neighbourhood', knows=[], holds=['spark (w_x00686) ×3']
Petronel the Long: goal='Enjoy a little peace in your neighbourhood', knows=[], holds=['spark (w_x00687) ×5']
Averil Brant: goal='Keep the household blankets in good order', knows=[], holds=['spark (w_x00688) ×4']
Ansel Wetalms: goal='Find out how your neighbour is keeping', knows=[], holds=['spark (w_x00689) ×4']
Sibbe of Cinder Row: goal='Keep your clothes dry', knows=[], holds=['spark (w_x00690) ×5']
Clemence Pike: goal='Hear news from your kin', knows=[], holds=['spark (w_x00691) ×7']
Mote Brant: goal='Keep the household blankets in good order', knows=[], holds=['spark (w_x00692) ×6']
Colm Dorn: goal='Enjoy a little peace in your neighbourhood', knows=[], holds=['spark (w_x00693) ×7']
Segwin Hobbe: goal='Find out how your neighbour is keeping', knows=[], holds=['spark (w_x00694) ×7']
Gile of the Needle: goal='Enjoy a little peace in your neighbourhood', knows=[], holds=['spark (w_x00695) ×5']
Gile Tarn: goal='Find somewhere you will be left alone', knows=[], holds=['spark (w_x00696) ×2']
Noll Ferrant: goal='Replace your lost alms bowl', knows=[], holds=['spark (w_x00697) ×5']
Averil Coldhands: goal='Enjoy a little peace in your neighbourhood', knows=[], holds=['spark (w_x00698) ×6']
Tib Skell: goal='Share a memory of the street', knows=[], holds=['spark (w_x00699) ×2']
Cobb the Lesser: goal='Share a memory of the street', knows=[], holds=['spark (w_x00700) ×4']
Cobb Dorn: goal='Keep your clothes dry', knows=[], holds=['spark (w_x00701) ×4']
Mote of the Low Bridge: goal='Keep your clothes dry', knows=[], holds=['spark (w_x00702) ×3']
Segwin Rasp: goal='Keep your clothes dry', knows=[], holds=['spark (w_x00703) ×4']
Ib the Long: goal='Find out how your neighbour is keeping', knows=[], holds=['spark (w_x00704) ×4']
Havise Alder: goal='Hear news from your kin', knows=[], holds=['spark (w_x00705) ×6']
Ansel Wetalms: goal='Find somewhere you will be left alone', knows=[], holds=['spark (w_x00706) ×2']
Petronel Ashe: goal='Share a memory of the street', knows=[], holds=['spark (w_x00707) ×2']
Hamel Skell: goal='Enjoy a little peace in your neighbourhood', knows=[], holds=['spark (w_x00708) ×6']
Corin Stott: goal='Enjoy a little peace in your neighbourhood', knows=[], holds=['spark (w_x00709) ×2']
Lise Stott: goal='Share a memory of the street', knows=[], holds=['spark (w_x00710) ×5']
Segwin of the Shambles: goal="Get taken on for a day's work", knows=[], holds=['spark (w_x00711) ×6']
Mote Threefinger: goal='Enjoy a little peace in your neighbourhood', knows=[], holds=['spark (w_x00712) ×2']
Ansel of the Tenters: goal='Enjoy a little peace in your neighbourhood', knows=[], holds=['spark (w_x00713) ×3']
Aldith of the Tenters: goal='Enjoy a little peace in your neighbourhood', knows=[], holds=['spark (w_x00714) ×5']
Bertran Skell: goal='Find out how your neighbour is keeping', knows=[], holds=['spark (w_x00715) ×6']
Pin Rasp: goal='Find something to put on your feet', knows=[], holds=['spark (w_x00716) ×3']
Rohese Salter: goal='Enjoy a little peace in your neighbourhood', knows=[], holds=['spark (w_x00717) ×6']
Ede the Long: goal='Keep the household blankets in good order', knows=[], holds=['spark (w_x00718) ×7']
Colm Wetalms: goal='Share a memory of the street', knows=[], holds=['spark (w_x00719) ×5']
Gile Scaffold: goal='Beg or find a meal today', knows=[], holds=['spark (w_x00720) ×4']
Nan Scaffold: goal='Keep your clothes dry', knows=[], holds=['spark (w_x00721) ×2']
Renn Pike: goal='Keep the household blankets in good order', knows=[], holds=['spark (w_x00722) ×3']
Nan Brant: goal='Beg or find a meal today', knows=[], holds=['spark (w_x00723) ×4']
Bertran Copp: goal='Beg or find a meal today', knows=[], holds=['spark (w_x00724) ×2']
Gile of the Needle: goal='Enjoy a little peace in your neighbourhood', knows=[], holds=['spark (w_x00725) ×6']
Noll of Cinder Row: goal='Keep your clothes dry', knows=[], holds=['spark (w_x00726) ×7']
Dunstan Marle: goal='Share a memory of the street', knows=[], holds=['spark (w_x00727) ×6']
Pin of Cinder Row: goal='Find something to put on your feet', knows=[], holds=['spark (w_x00728) ×3']
Segwin Vell: goal='Find somewhere you will be left alone', knows=[], holds=['spark (w_x00729) ×2']
Havise Latchkey: goal='Get the penny you were promised for the horse', knows=[], holds=['spark (w_x00730) ×4']
Averil Salter: goal='Hear news from your kin', knows=[], holds=['spark (w_x00731) ×5']
Nan Nineteen: goal='Share a memory of the street', knows=[], holds=['spark (w_x00732) ×2']
Bertran Salter: goal='Hear news from your kin', knows=[], holds=['spark (w_x00733) ×3']
Aldith Sparr: goal='Find out how your neighbour is keeping', knows=[], holds=['spark (w_x00734) ×7']
Ansel of the Low Bridge: goal='Find something to put on your feet', knows=[], holds=['spark (w_x00735) ×6']
Ede Tarn: goal='Hear news from your kin', knows=[], holds=['spark (w_x00736) ×5']
Aubin Hobbe: goal='Find out how your neighbour is keeping', knows=[], holds=['spark (w_x00737) ×3']
Jos of the Bellstand: goal='Keep your clothes dry', knows=[], holds=['spark (w_x00738) ×6']
Tobin Rasp: goal='Get the penny you were promised for the horse', knows=[], holds=['spark (w_x00739) ×5']
Sef Roper: goal='Keep the household blankets in good order', knows=[], holds=['spark (w_x00740) ×2']
Ib Copp: goal='Keep your clothes dry', knows=[], holds=['spark (w_x00741) ×6']
Sef Pike: goal='Find somewhere you will be left alone', knows=[], holds=['spark (w_x00742) ×7']
Noll the Long: goal='Find a quiet frontage where you are welcome', knows=[], holds=['spark (w_x00743) ×4']
Betriss Alder: goal='Find out how your neighbour is keeping', knows=[], holds=['spark (w_x00744) ×4']
Sibbe Vell: goal='Hear news from your kin', knows=[], holds=['spark (w_x00745) ×3']
Ewart Brant: goal='Enjoy a little peace in your neighbourhood', knows=[], holds=['spark (w_x00746) ×5']
Noll the Long: goal='Keep your clothes dry', knows=[], holds=['spark (w_x00747) ×5']
Idonea Hobbe: goal='Find something to put on your feet', knows=[], holds=['spark (w_x00748) ×6']
Cobb Vell: goal='Enjoy a little peace in your neighbourhood', knows=[], holds=['spark (w_x00749) ×5']
Aubin Vell: goal='Share a memory of the street', knows=[], holds=['spark (w_x00750) ×2']
Aubin Brant: goal='Keep your clothes dry', knows=[], holds=['spark (w_x00751) ×6']
Mote of Ostrelle: goal='Share a memory of the street', knows=[], holds=['spark (w_x00752) ×5']
Betriss of Cinder Row: goal='Keep your clothes dry', knows=[], holds=['spark (w_x00753) ×6']
Ede Skell: goal='Share a memory of the street', knows=[], holds=['spark (w_x00754) ×2']
Sibbe Crake: goal='Find out how your neighbour is keeping', knows=[], holds=['spark (w_x00755) ×7']
Jos Wetalms: goal='Enjoy a little peace in your neighbourhood', knows=[], holds=['spark (w_x00756) ×4']
Corin Crake: goal='Hear news from your kin', knows=[], holds=['spark (w_x00757) ×2']
Idonea of the Low Bridge: goal='Beg or find a meal today', knows=[], holds=['spark (w_x00758) ×3']
Tib Shortmeasure: goal='Share a memory of the street', knows=[], holds=['spark (w_x00759) ×4']
Sibbe Upstream: goal='Keep your clothes dry', knows=[], holds=['spark (w_x00760) ×5']
Ansel Ferrant: goal='Hear news from your kin', knows=[], holds=['spark (w_x00761) ×3']
Lise Hawser: goal="Get taken on for a day's work", knows=[], holds=['spark (w_x00762) ×4']
Noll Scaffold: goal='Keep the household blankets in good order', knows=[], holds=['spark (w_x00763) ×6']
Cobb of Cinder Row: goal='Keep the household blankets in good order', knows=[], holds=['spark (w_x00764) ×3']
Sibbe Quern: goal='Enjoy a little peace in your neighbourhood', knows=[], holds=['spark (w_x00765) ×4']
Aubin Wetalms: goal='Keep your clothes dry', knows=[], holds=['spark (w_x00766) ×4']
Ansel Sparr: goal='Find out how your neighbour is keeping', knows=[], holds=['spark (w_x00767) ×3']
Bertran Coldhands: goal='Find out how your neighbour is keeping', knows=[], holds=['spark (w_x00768) ×3']
Ewart Hawser: goal='Find a quiet frontage where you are welcome', knows=[], holds=['spark (w_x00769) ×4']
Mote of Ostrelle: goal='Keep the household blankets in good order', knows=[], holds=['spark (w_x00770) ×7']
Petronel Brant: goal='Keep your clothes dry', knows=[], holds=['spark (w_x00771) ×7']
Lise Upstream: goal='Beg or find a meal today', knows=[], holds=['spark (w_x00772) ×7']
Idonea Brant: goal='Keep your clothes dry', knows=[], holds=['spark (w_x00773) ×5']
Idonea Threefinger: goal='Enjoy a little peace in your neighbourhood', knows=[], holds=['spark (w_x00774) ×6']
Mote of the Low Bridge: goal='Find something to put on your feet', knows=[], holds=['spark (w_x00775) ×4']
Mote of the Gutter Steps: goal='Hear news from your kin', knows=[], holds=['spark (w_x00776) ×4']
Nan Tarn: goal='Find somewhere to dry your blanket', knows=[], holds=['spark (w_x00777) ×7']
Mote Shortmeasure: goal='Find somewhere you will be left alone', knows=[], holds=['spark (w_x00778) ×7']
Aubin Coldhands: goal='Keep your clothes dry', knows=[], holds=['spark (w_x00779) ×4']
Jos Quern: goal='Enjoy a little peace in your neighbourhood', knows=[], holds=['spark (w_x00780) ×7']
Noll Wetalms: goal='Hear news from your kin', knows=[], holds=['spark (w_x00781) ×4']
Tobin Upstream: goal='Keep the household blankets in good order', knows=[], holds=['spark (w_x00782) ×5']
Gile Coldhands: goal='Keep your clothes dry', knows=[], holds=['spark (w_x00783) ×6']
Dunstan Marle: goal='Keep the household blankets in good order', knows=[], holds=['spark (w_x00784) ×5']
Averil the Long: goal='Replace your lost alms bowl', knows=[], holds=['spark (w_x00785) ×6']
Havise of the Tenters: goal='Beg or find a meal today', knows=[], holds=['spark (w_x00786) ×7']
Ansel Roper: goal='Enjoy a little peace in your neighbourhood', knows=[], holds=['spark (w_x00787) ×2']
Sef Nineteen: goal='Hear news from your kin', knows=[], holds=['spark (w_x00788) ×5']
Idonea of the Tenters: goal='Get the penny you were promised for the horse', knows=[], holds=['spark (w_x00789) ×7']
Osanne Vell: goal='Enjoy a little peace in your neighbourhood', knows=[], holds=['spark (w_x00790) ×7']
Renn of the Bellstand: goal='Hear news from your kin', knows=[], holds=['spark (w_x00791) ×5']
Bertran Salter: goal='Find something to put on your feet', knows=[], holds=['spark (w_x00792) ×6']
Segwin Skell: goal='Find a quiet frontage where you are welcome', knows=[], holds=['spark (w_x00793) ×4']
Bertran Ashe: goal='Get your sleeping corner back', knows=[], holds=['spark (w_x00794) ×3']
Averil Stott: goal='Keep your clothes dry', knows=[], holds=['spark (w_x00795) ×3']
Havise of the Tenters: goal='Keep the household blankets in good order', knows=[], holds=['spark (w_x00796) ×7']
Havise Roper: goal='Share a memory of the street', knows=[], holds=['spark (w_x00797) ×3']
Noll of the Tenters: goal='Hear news from your kin', knows=[], holds=['spark (w_x00798) ×5']
Idonea Pike: goal='Get your sleeping corner back', knows=[], holds=['spark (w_x00799) ×4']
Clemence Skell: goal='Keep the household blankets in good order', knows=[], holds=['spark (w_x00800) ×2']
Betriss Roper: goal='Replace your lost alms bowl', knows=[], holds=['spark (w_x00801) ×2']
Osanne Copp: goal='Get your sleeping corner back', knows=[], holds=['spark (w_x00802) ×4']
Petronel Stott: goal='Enjoy a little peace in your neighbourhood', knows=[], holds=['spark (w_x00803) ×5']
Aldith of the Slip: goal='Hear news from your kin', knows=[], holds=['spark (w_x00804) ×4']
Tib the Long: goal='Hear news from your kin', knows=[], holds=['spark (w_x00805) ×4']
Aldith Dorn: goal='Enjoy a little peace in your neighbourhood', knows=[], holds=['spark (w_x00806) ×7']
Tobin Salter: goal='Share a memory of the street', knows=[], holds=['spark (w_x00807) ×3']
Tib of the Low Bridge: goal='Find out how your neighbour is keeping', knows=[], holds=['spark (w_x00808) ×5']
Noll Salter: goal='Keep the household blankets in good order', knows=[], holds=['spark (w_x00809) ×6']
Rohese of Ostrelle: goal='Beg or find a meal today', knows=[], holds=['spark (w_x00810) ×2']
Hamel of the Low Bridge: goal='Hear news from your kin', knows=[], holds=['spark (w_x00811) ×5']
Osanne Crake: goal='Keep the household blankets in good order', knows=[], holds=['spark (w_x00812) ×7']
Segwin Rasp: goal='Hear news from your kin', knows=[], holds=['spark (w_x00813) ×5']
Betriss Fitch: goal='Find out how your neighbour is keeping', knows=[], holds=['spark (w_x00814) ×3']
Pin Quern: goal='Enjoy a little peace in your neighbourhood', knows=[], holds=['spark (w_x00815) ×7']
Osanne Roper: goal='Keep your clothes dry', knows=[], holds=['spark (w_x00816) ×2']
Clemence Ashe: goal='Keep your clothes dry', knows=[], holds=['spark (w_x00817) ×3']
Havise Ashe: goal='Keep your clothes dry', knows=[], holds=['spark (w_x00818) ×3']
Havise Shortmeasure: goal='Enjoy a little peace in your neighbourhood', knows=[], holds=['spark (w_x00819) ×7']
Renn Hobbe: goal='Keep the household blankets in good order', knows=[], holds=['spark (w_x00820) ×5']
Nan Quern: goal='Find out how your neighbour is keeping', knows=[], holds=['spark (w_x00821) ×6']
Nan Ferrant: goal='Enjoy a little peace in your neighbourhood', knows=[], holds=['spark (w_x00822) ×5']
Noll Dorn: goal='Keep your clothes dry', knows=[], holds=['spark (w_x00823) ×7']
Ib Vell: goal='Keep the household blankets in good order', knows=[], holds=['spark (w_x00824) ×2']
Tobin Brant: goal='Hear news from your kin', knows=[], holds=['spark (w_x00825) ×3']
Averil Scaffold: goal='Keep your clothes dry', knows=[], holds=['spark (w_x00826) ×6']
Aldith the Lesser: goal='Find a quiet frontage where you are welcome', knows=[], holds=['spark (w_x00827) ×4']
Grigor Upstream: goal='Enjoy a little peace in your neighbourhood', knows=[], holds=['spark (w_x00828) ×3']
Tib Latchkey: goal='Keep your clothes dry', knows=[], holds=['spark (w_x00829) ×2']
Petronel Brant: goal='Keep your clothes dry', knows=[], holds=['spark (w_x00830) ×3']
Grigor Rasp: goal='Find out how your neighbour is keeping', knows=[], holds=['spark (w_x00831) ×6']
Dunstan Marle: goal='Find out how your neighbour is keeping', knows=[], holds=['spark (w_x00832) ×5']
Grigor Wetalms: goal='Hear news from your kin', knows=[], holds=['spark (w_x00833) ×7']
Tobin Roper: goal='Hear news from your kin', knows=[], holds=['spark (w_x00834) ×4']
Tib Hobbe: goal='Enjoy a little peace in your neighbourhood', knows=[], holds=['spark (w_x00835) ×7']
Tobin Fitch: goal='Find out how your neighbour is keeping', knows=[], holds=['spark (w_x00836) ×7']
Colm Crake: goal='Find somewhere to dry your blanket', knows=[], holds=['spark (w_x00837) ×4']
Segwin Tarn: goal='Find out how your neighbour is keeping', knows=[], holds=['spark (w_x00838) ×3']
Lise of the Slip: goal='Keep the household blankets in good order', knows=[], holds=['spark (w_x00839) ×7']
Cobb Salter: goal='Get your sleeping corner back', knows=[], holds=['spark (w_x00840) ×7']
Ansel Sparr: goal='Enjoy a little peace in your neighbourhood', knows=[], holds=['spark (w_x00841) ×2']
Sibbe the Long: goal='Find somewhere you will be left alone', knows=[], holds=['spark (w_x00842) ×4']
Clemence of Cinder Row: goal='Keep the household blankets in good order', knows=[], holds=['spark (w_x00843) ×2']
Osanne Threefinger: goal='Enjoy a little peace in your neighbourhood', knows=[], holds=['spark (w_x00844) ×2']
Jonet Shortmeasure: goal='Beg or find a meal today', knows=[], holds=['spark (w_x00845) ×7']
Petronel of the Bellstand: goal='Find somewhere you will be left alone', knows=[], holds=['spark (w_x00846) ×4']
Tib Threefinger: goal='Find out how your neighbour is keeping', knows=[], holds=['spark (w_x00847) ×3']
Aldith Ashe: goal='Enjoy a little peace in your neighbourhood', knows=[], holds=['spark (w_x00848) ×4']
Rohese of Ostrelle: goal='Get your sleeping corner back', knows=[], holds=['spark (w_x00849) ×4']
Havise Salter: goal='Keep your clothes dry', knows=[], holds=['spark (w_x00850) ×6']
Nan Ashe: goal='Find out how your neighbour is keeping', knows=[], holds=['spark (w_x00851) ×4']
Lise Scaffold: goal='Share a memory of the street', knows=[], holds=['spark (w_x00852) ×6']
Aldith Wetalms: goal='Hear news from your kin', knows=[], holds=['spark (w_x00853) ×3']
Cobb of the Low Bridge: goal='Keep the household blankets in good order', knows=[], holds=['spark (w_x00854) ×5']
Dob Threefinger: goal='Keep your clothes dry', knows=[], holds=['spark (w_x00855) ×4']
Tobin Quern: goal='Share a memory of the street', knows=[], holds=['spark (w_x00856) ×5']
Ansel Vell: goal='Keep the household blankets in good order', knows=[], holds=['spark (w_x00857) ×7']
Lise of the Bellstand: goal='Find a quiet frontage where you are welcome', knows=[], holds=['spark (w_x00858) ×2']
Hamel Nineteen: goal='Find out how your neighbour is keeping', knows=[], holds=['spark (w_x00859) ×4']
Ansel Sparr: goal='Hear news from your kin', knows=[], holds=['spark (w_x00860) ×5']
Ansel Wetalms: goal='Hear news from your kin', knows=[], holds=['spark (w_x00861) ×7']
Betriss of the Shambles: goal='Keep your clothes dry', knows=[], holds=['spark (w_x00862) ×6']
Havise of the Tenters: goal='Find something to put on your feet', knows=[], holds=['spark (w_x00863) ×6']
Renn the Long: goal='Find something to put on your feet', knows=[], holds=['spark (w_x00864) ×7']
Bertran Brant: goal='Hear news from your kin', knows=[], holds=['spark (w_x00865) ×3']
Dunstan Latchkey: goal='Share a memory of the street', knows=[], holds=['spark (w_x00866) ×6']
Ewart of the Tenters: goal='Keep the household blankets in good order', knows=[], holds=['spark (w_x00867) ×3']
Betriss Ashe: goal='Share a memory of the street', knows=[], holds=['spark (w_x00868) ×4']
Dob of Ostrelle: goal='Keep your clothes dry', knows=[], holds=['spark (w_x00869) ×4']
Idonea Salter: goal='Enjoy a little peace in your neighbourhood', knows=[], holds=['spark (w_x00870) ×6']
Idonea Ashe: goal='Keep the household blankets in good order', knows=[], holds=['spark (w_x00871) ×3']
Ib Copp: goal='Get the penny you were promised for the horse', knows=[], holds=['spark (w_x00872) ×2']
Petronel Quern: goal='Keep your clothes dry', knows=[], holds=['spark (w_x00873) ×6']
Petronel Dorn: goal='Find something to put on your feet', knows=[], holds=['spark (w_x00874) ×5']
Ede of Ostrelle: goal="Get taken on for a day's work", knows=[], holds=['spark (w_x00875) ×4']
Nan Marle: goal='Keep the household blankets in good order', knows=[], holds=['spark (w_x00876) ×5']
Hamel of the Gutter Steps: goal='Share a memory of the street', knows=[], holds=['spark (w_x00877) ×2']
Corin Brant: goal='Find out how your neighbour is keeping', knows=[], holds=['spark (w_x00878) ×7']
Colm Upstream: goal='Find out how your neighbour is keeping', knows=[], holds=['spark (w_x00879) ×4']
Nan Sparr: goal='Keep your clothes dry', knows=[], holds=['spark (w_x00880) ×4']
Averil of Cinder Row: goal='Enjoy a little peace in your neighbourhood', knows=[], holds=['spark (w_x00881) ×7']
Ewart Crake: goal='Find a salve for your hands', knows=[], holds=['spark (w_x00882) ×6']
Ib Skell: goal='Keep the household blankets in good order', knows=[], holds=['spark (w_x00883) ×2']
Ib Dorn: goal="Get taken on for a day's work", knows=[], holds=['spark (w_x00884) ×5']
Bertran Wetalms: goal='Find out how your neighbour is keeping', knows=[], holds=['spark (w_x00885) ×4']
Renn Sparr: goal='Keep your clothes dry', knows=[], holds=['spark (w_x00886) ×4']
Grigor of the Bellstand: goal='Keep your clothes dry', knows=[], holds=['spark (w_x00887) ×5']
Osanne Stott: goal='Find out how your neighbour is keeping', knows=[], holds=['spark (w_x00888) ×2']
Idonea Vell: goal='Keep the household blankets in good order', knows=[], holds=['spark (w_x00889) ×5']
Petronel Hobbe: goal='Find somewhere to dry your blanket', knows=[], holds=['spark (w_x00890) ×3']
Petronel Quern: goal='Hear news from your kin', knows=[], holds=['spark (w_x00891) ×4']
Lise Scaffold: goal='Share a memory of the street', knows=[], holds=['spark (w_x00892) ×6']
Petronel Brant: goal="Get taken on for a day's work", knows=[], holds=['spark (w_x00893) ×2']
Idonea Dorn: goal='Replace your lost alms bowl', knows=[], holds=['spark (w_x00894) ×3']
Cobb Vell: goal='Enjoy a little peace in your neighbourhood', knows=[], holds=['spark (w_x00895) ×4']
Grigor of the Bellstand: goal='Hear news from your kin', knows=[], holds=['spark (w_x00896) ×3']
Lise of Ostrelle: goal='Enjoy a little peace in your neighbourhood', knows=[], holds=['spark (w_x00897) ×4']
Jos Vell: goal='Get the penny you were promised for the horse', knows=[], holds=['spark (w_x00898) ×7']
Averil Alder: goal='Find a quiet frontage where you are welcome', knows=[], holds=['spark (w_x00899) ×2']
Havise Coldhands: goal='Share a memory of the street', knows=[], holds=['spark (w_x00900) ×3']
Idonea Crake: goal='Beg or find a meal today', knows=[], holds=['spark (w_x00901) ×2']
Havise Skell: goal='Find a salve for your hands', knows=[], holds=['spark (w_x00902) ×7']
Jos Copp: goal='Keep the household blankets in good order', knows=[], holds=['spark (w_x00903) ×5']
Tobin Skell: goal='Find out how your neighbour is keeping', knows=[], holds=['spark (w_x00904) ×5']
Dob Nineteen: goal='Find out how your neighbour is keeping', knows=[], holds=['spark (w_x00905) ×6']
Dunstan Brant: goal='Share a memory of the street', knows=[], holds=['spark (w_x00906) ×7']
Sef Pike: goal='Enjoy a little peace in your neighbourhood', knows=[], holds=['spark (w_x00907) ×4']
Ewart Wetalms: goal='Find a quiet frontage where you are welcome', knows=[], holds=['spark (w_x00908) ×3']
Osanne of the Shambles: goal='Beg or find a meal today', knows=[], holds=['spark (w_x00909) ×6']
Clemence Sparr: goal='Enjoy a little peace in your neighbourhood', knows=[], holds=['spark (w_x00910) ×7']
Gile Crake: goal='Hear news from your kin', knows=[], holds=['spark (w_x00911) ×3']
Aldith Quern: goal='Hear news from your kin', knows=[], holds=['spark (w_x00912) ×7']
Ewart Dorn: goal='Keep the household blankets in good order', knows=[], holds=['spark (w_x00913) ×4']
Mote Stott: goal='Hear news from your kin', knows=[], holds=['spark (w_x00914) ×3']
Sef of Ostrelle: goal='Keep your clothes dry', knows=[], holds=['spark (w_x00915) ×5']
Renn the Lesser: goal='Find something to put on your feet', knows=[], holds=['spark (w_x00916) ×4']
Idonea Quern: goal='Hear news from your kin', knows=[], holds=['spark (w_x00917) ×6']
Ansel Wetalms: goal='Keep your clothes dry', knows=[], holds=['spark (w_x00918) ×3']
Jonet Scaffold: goal='Share a memory of the street', knows=[], holds=['spark (w_x00919) ×2']
Idonea Skell: goal='Find out how your neighbour is keeping', knows=[], holds=['spark (w_x00920) ×3']
Noll Nineteen: goal='Share a memory of the street', knows=[], holds=['spark (w_x00921) ×4']
Aldith Quern: goal='Hear news from your kin', knows=[], holds=['spark (w_x00922) ×3']
Sibbe Brant: goal='Keep the household blankets in good order', knows=[], holds=['spark (w_x00923) ×2']
Mote Sparr: goal='Share a memory of the street', knows=[], holds=['spark (w_x00924) ×3']
Idonea Latchkey: goal='Find out how your neighbour is keeping', knows=[], holds=['spark (w_x00925) ×7']
Osanne Dorn: goal='Share a memory of the street', knows=[], holds=['spark (w_x00926) ×5']
Ede the Long: goal='Enjoy a little peace in your neighbourhood', knows=[], holds=['spark (w_x00927) ×3']
Dob Skell: goal='Find something to put on your feet', knows=[], holds=['spark (w_x00928) ×2']
Gile of the Bellstand: goal='Enjoy a little peace in your neighbourhood', knows=[], holds=['spark (w_x00929) ×2']
Clemence Sparr: goal='Hear news from your kin', knows=[], holds=['spark (w_x00930) ×6']
Gile Ferrant: goal='Find a salve for your hands', knows=[], holds=['spark (w_x00931) ×7']
Ede Pike: goal='Share a memory of the street', knows=[], holds=['spark (w_x00932) ×6']
Aldith of the Tenters: goal='Share a memory of the street', knows=[], holds=['spark (w_x00933) ×2']
Nan Stott: goal='Find a quiet frontage where you are welcome', knows=[], holds=['spark (w_x00934) ×4']
Sef Vell: goal='Keep your clothes dry', knows=[], holds=['spark (w_x00935) ×4']
Colm Pike: goal='Keep your clothes dry', knows=[], holds=['spark (w_x00936) ×5']
Hamel Fitch: goal='Get your sleeping corner back', knows=[], holds=['spark (w_x00937) ×2']
Osanne of the Gutter Steps: goal='Share a memory of the street', knows=[], holds=['spark (w_x00938) ×3']
Osanne of Ostrelle: goal='Get the penny you were promised for the horse', knows=[], holds=['spark (w_x00939) ×3']
Petronel of the Bellstand: goal='Share a memory of the street', knows=[], holds=['spark (w_x00940) ×2']
Ib of Ostrelle: goal='Share a memory of the street', knows=[], holds=['spark (w_x00941) ×6']
Ib Alder: goal='Enjoy a little peace in your neighbourhood', knows=[], holds=['spark (w_x00942) ×7']
Ede Roper: goal='Hear news from your kin', knows=[], holds=['spark (w_x00943) ×4']
Ib Nineteen: goal='Keep your clothes dry', knows=[], holds=['spark (w_x00944) ×6']
Idonea Quern: goal='Keep your clothes dry', knows=[], holds=['spark (w_x00945) ×7']
Aldith of the Needle: goal='Share a memory of the street', knows=[], holds=['spark (w_x00946) ×7']
Rohese Scaffold: goal='Share a memory of the street', knows=[], holds=['spark (w_x00947) ×6']
Jos Nineteen: goal='Share a memory of the street', knows=[], holds=['spark (w_x00948) ×3']
Mote Copp: goal='Keep the household blankets in good order', knows=[], holds=['spark (w_x00949) ×3']
Aldith of the Bellstand: goal='Share a memory of the street', knows=[], holds=['spark (w_x00950) ×4']
Colm Rasp: goal='Hear news from your kin', knows=[], holds=['spark (w_x00951) ×6']
Tib of the Slip: goal='Keep the household blankets in good order', knows=[], holds=['spark (w_x00952) ×5']
Idonea Nineteen: goal='Find a quiet frontage where you are welcome', knows=[], holds=['spark (w_x00953) ×3']
Cobb Pike: goal='Keep the household blankets in good order', knows=[], holds=['spark (w_x00954) ×4']
Noll Hobbe: goal='Keep your clothes dry', knows=[], holds=['spark (w_x00955) ×4']
Cobb Brant: goal='Get your sleeping corner back', knows=[], holds=['spark (w_x00956) ×4']
Mote of Cinder Row: goal='Keep your clothes dry', knows=[], holds=['spark (w_x00957) ×4']
Gile Pike: goal='Share a memory of the street', knows=[], holds=['spark (w_x00958) ×7']
Corin Skell: goal='Find a quiet frontage where you are welcome', knows=[], holds=['spark (w_x00959) ×5']
Ewart of the Bellstand: goal='Beg or find a meal today', knows=[], holds=['spark (w_x00960) ×2']
Averil Vell: goal='Enjoy a little peace in your neighbourhood', knows=[], holds=['spark (w_x00961) ×4']
Mote of the Slip: goal='Find out how your neighbour is keeping', knows=[], holds=['spark (w_x00962) ×2']
Betriss the Long: goal='Share a memory of the street', knows=[], holds=['spark (w_x00963) ×6']
Noll Ferrant: goal='Hear news from your kin', knows=[], holds=['spark (w_x00964) ×6']
Noll of the Tenters: goal='Enjoy a little peace in your neighbourhood', knows=[], holds=['spark (w_x00965) ×4']
Clemence of the Tenters: goal='Share a memory of the street', knows=[], holds=['spark (w_x00966) ×6']
Havise of the Needle: goal='Find out how your neighbour is keeping', knows=[], holds=['spark (w_x00967) ×5']
Jonet Ashe: goal='Enjoy a little peace in your neighbourhood', knows=[], holds=['spark (w_x00968) ×6']
Ansel Stott: goal='Replace your lost alms bowl', knows=[], holds=['spark (w_x00969) ×4']
Aldith Tarn: goal='Get your sleeping corner back', knows=[], holds=['spark (w_x00970) ×2']
Mote Crake: goal='Find out how your neighbour is keeping', knows=[], holds=['spark (w_x00971) ×2']
Gile Latchkey: goal='Share a memory of the street', knows=[], holds=['spark (w_x00972) ×5']
Tobin Crake: goal='Enjoy a little peace in your neighbourhood', knows=[], holds=['spark (w_x00973) ×4']
Clemence Skell: goal='Beg or find a meal today', knows=[], holds=['spark (w_x00974) ×4']
Petronel of the Bellstand: goal='Share a memory of the street', knows=[], holds=['spark (w_x00975) ×4']
Osanne Quern: goal='Hear news from your kin', knows=[], holds=['spark (w_x00976) ×3']
Ewart Sparr: goal='Find out how your neighbour is keeping', knows=[], holds=['spark (w_x00977) ×2']
Dob of Cinder Row: goal='Hear news from your kin', knows=[], holds=['spark (w_x00978) ×7']
Grigor Fitch: goal='Enjoy a little peace in your neighbourhood', knows=[], holds=['spark (w_x00979) ×2']
Osanne Skell: goal='Share a memory of the street', knows=[], holds=['spark (w_x00980) ×5']
Aubin Brant: goal='Enjoy a little peace in your neighbourhood', knows=[], holds=['spark (w_x00981) ×3']
Betriss Tarn: goal='Find out how your neighbour is keeping', knows=[], holds=['spark (w_x00982) ×5']
Havise Salter: goal='Share a memory of the street', knows=[], holds=['spark (w_x00983) ×3']
Idonea of the Low Bridge: goal='Hear news from your kin', knows=[], holds=['spark (w_x00984) ×5']
Betriss Quern: goal='Keep the household blankets in good order', knows=[], holds=['spark (w_x00985) ×5']
Sef Upstream: goal='Keep your clothes dry', knows=[], holds=['spark (w_x00986) ×3']
Colm Latchkey: goal='Get your sleeping corner back', knows=[], holds=['spark (w_x00987) ×5']
Aldith Ferrant: goal='Find out how your neighbour is keeping', knows=[], holds=['spark (w_x00988) ×4']
Renn Pike: goal='Keep your clothes dry', knows=[], holds=['spark (w_x00989) ×4']
Jos Hobbe: goal='Hear news from your kin', knows=[], holds=['spark (w_x00990) ×7']
Petronel Hobbe: goal='Share a memory of the street', knows=[], holds=['spark (w_x00991) ×6']
Grigor Alder: goal='Share a memory of the street', knows=[], holds=['spark (w_x00992) ×2']
Ede Quern: goal='Find somewhere to dry your blanket', knows=[], holds=['spark (w_x00993) ×5']
Lise Sparr: goal='Find out how your neighbour is keeping', knows=[], holds=['spark (w_x00994) ×6']
Ede of the Low Bridge: goal='Keep the household blankets in good order', knows=[], holds=['spark (w_x00995) ×2']
Aubin of Ostrelle: goal='Find somewhere you will be left alone', knows=[], holds=['spark (w_x00996) ×4']
Clemence Pike: goal='Beg or find a meal today', knows=[], holds=['spark (w_x00997) ×4']
Pin the Lesser: goal='Share a memory of the street', knows=[], holds=['spark (w_x00998) ×4']
Clemence of the Bellstand: goal='Find out how your neighbour is keeping', knows=[], holds=['spark (w_x00999) ×7']
Player: holds=['chalk pen (chalk1)']

Run cost: unknown (no pricing entry for this model)
